matrix,rows,cols,density_pct,nnz,threads,configuration,time_ms,speedup,efficiency_pct,std_dev_ms,improvement_pct,exit_code,notes
"10k_1p5.mtx",9506,9506,1.50,1358832,1,"Static (default)",121.628,1.01,4.2,0.807,0.00,0,""
"10k_1p5.mtx",9506,9506,1.50,1358832,1,"Static, chunk=8",121.769,1.01,4.2,0.269,,0,""
"10k_1p5.mtx",9506,9506,1.50,1358832,1,"Static, chunk=32",121.698,1.01,4.2,0.061,,0,""
"10k_1p5.mtx",9506,9506,1.50,1358832,1,"Dynamic, chunk=8",121.836,1.01,4.2,0.276,,0,""
"10k_1p5.mtx",9506,9506,1.50,1358832,1,"Dynamic, chunk=16",121.692,1.01,4.2,0.066,,0,""
"10k_1p5.mtx",9506,9506,1.50,1358832,1,"Dynamic, chunk=32",121.612,1.01,4.2,0.632,0.01,0,""
"10k_1p5.mtx",9506,9506,1.50,1358832,1,"Dynamic, chunk=64",122.110,1.01,4.2,1.650,,0,""
"10k_1p5.mtx",9506,9506,1.50,1358832,1,"Guided, chunk=8",124.298,0.99,4.1,11.140,,0,""
"10k_1p5.mtx",9506,9506,1.50,1358832,1,"Guided, chunk=16",121.691,1.01,4.2,0.049,,0,""
"10k_1p5.mtx",9506,9506,1.50,1358832,1,"Guided, chunk=32",121.689,1.01,4.2,0.048,,0,""
"10k_1p5.mtx",9506,9506,1.50,1358832,1,"Auto (runtime)",125.117,0.98,4.1,14.995,,0,""
"10k_1p5.mtx",9506,9506,1.50,1358832,1,"Static+SIMD, chunk=8",1.717,71.59,298.3,0.008,98.59,0,""
"10k_1p5.mtx",9506,9506,1.50,1358832,1,"Static+SIMD, chunk=16",1.709,71.95,299.8,0.007,98.60,0,""
"10k_1p5.mtx",9506,9506,1.50,1358832,1,"Static+SIMD, chunk=32",1.700,72.33,301.4,0.005,98.60,0,""
"10k_1p5.mtx",9506,9506,1.50,1358832,1,"Dynamic+SIMD, chunk=8",1.740,70.67,294.5,0.004,98.57,0,""
"10k_1p5.mtx",9506,9506,1.50,1358832,1,"Dynamic+SIMD, chunk=16",1.722,71.39,297.5,0.007,98.58,0,""
"10k_1p5.mtx",9506,9506,1.50,1358832,1,"Dynamic+SIMD, chunk=32",1.714,71.74,298.9,0.004,98.59,0,""
"10k_1p5.mtx",9506,9506,1.50,1358832,1,"Guided+SIMD, chunk=8",2.330,52.77,219.9,2.189,98.08,0,""
"10k_1p5.mtx",9506,9506,1.50,1358832,1,"Guided+SIMD, chunk=16",1.709,71.95,299.8,0.024,98.60,0,""
"10k_1p5.mtx",9506,9506,1.50,1358832,1,"Guided+SIMD, chunk=32",1.696,72.50,302.1,0.005,98.61,0,""
"10k_1p5.mtx",9506,9506,1.50,1358832,1,"Static+SIMD+Affinity,",1.697,72.44,301.9,0.007,98.60,0,""
"10k_1p5.mtx",9506,9506,1.50,1358832,1,"Static+SIMD+Affinity,",1.699,72.36,301.5,0.008,98.60,0,""
"10k_1p5.mtx",9506,9506,1.50,1358832,1,"Guided+SIMD+Affinity,",1.713,71.79,299.1,0.010,98.59,0,""
"10k_1p5.mtx",9506,9506,1.50,1358832,1,"Guided+SIMD+Register,",1.708,71.97,299.9,0.017,98.60,0,""
"10k_1p5.mtx",9506,9506,1.50,1358832,1,"Guided+SIMD+Register,",1.695,72.54,302.3,0.010,98.61,0,""
"10k_1p5.mtx",9506,9506,1.50,1358832,1,"Static+SIMD+Register,",1.698,72.41,301.7,0.004,98.60,0,""
"10k_1p5.mtx",9506,9506,1.50,1358832,1,"Static+SIMD+Register,",1.715,71.70,298.8,0.016,98.59,0,""
"10k_1p5.mtx",9506,9506,1.50,1358832,1,"Task-based+SIMD",1.862,66.04,275.2,0.007,98.47,0,""
"10k_1p5.mtx",9506,9506,1.50,1358832,1,"Guided+SIMD+Align+Affin,",1.696,72.51,302.1,0.009,98.61,0,""
"10k_1p5.mtx",9506,9506,1.50,1358832,1,"Static+SIMD+Align+Affin,",1.692,72.66,302.8,0.005,98.61,0,""
"10k_1p5.mtx",9506,9506,1.50,1358832,2,"Static (default)",60.888,2.11,8.8,0.042,0.00,0,""
"10k_1p5.mtx",9506,9506,1.50,1358832,2,"Static, chunk=8",61.785,2.08,8.6,4.535,,0,""
"10k_1p5.mtx",9506,9506,1.50,1358832,2,"Static, chunk=32",63.929,2.01,8.4,11.728,,0,""
"10k_1p5.mtx",9506,9506,1.50,1358832,2,"Dynamic, chunk=8",60.972,2.10,8.8,0.060,,0,""
"10k_1p5.mtx",9506,9506,1.50,1358832,2,"Dynamic, chunk=16",64.411,1.99,8.3,7.352,,0,""
"10k_1p5.mtx",9506,9506,1.50,1358832,2,"Dynamic, chunk=32",65.248,1.97,8.2,7.989,,0,""
"10k_1p5.mtx",9506,9506,1.50,1358832,2,"Dynamic, chunk=64",62.056,2.07,8.6,3.807,,0,""
"10k_1p5.mtx",9506,9506,1.50,1358832,2,"Guided, chunk=8",61.514,2.09,8.7,1.852,,0,""
"10k_1p5.mtx",9506,9506,1.50,1358832,2,"Guided, chunk=16",65.602,1.96,8.1,9.080,,0,""
"10k_1p5.mtx",9506,9506,1.50,1358832,2,"Guided, chunk=32",60.834,2.11,8.8,0.022,0.09,0,""
"10k_1p5.mtx",9506,9506,1.50,1358832,2,"Auto (runtime)",60.812,2.11,8.8,0.024,0.12,0,""
"10k_1p5.mtx",9506,9506,1.50,1358832,2,"Static+SIMD, chunk=8",0.882,145.36,605.7,0.003,98.55,0,""
"10k_1p5.mtx",9506,9506,1.50,1358832,2,"Static+SIMD, chunk=16",0.865,148.28,617.8,0.003,98.58,0,""
"10k_1p5.mtx",9506,9506,1.50,1358832,2,"Static+SIMD, chunk=32",0.858,149.40,622.5,0.003,98.59,0,""
"10k_1p5.mtx",9506,9506,1.50,1358832,2,"Dynamic+SIMD, chunk=8",0.930,137.91,574.6,0.006,98.47,0,""
"10k_1p5.mtx",9506,9506,1.50,1358832,2,"Dynamic+SIMD, chunk=16",0.889,144.28,601.2,0.003,98.54,0,""
"10k_1p5.mtx",9506,9506,1.50,1358832,2,"Dynamic+SIMD, chunk=32",0.873,146.92,612.2,0.003,98.57,0,""
"10k_1p5.mtx",9506,9506,1.50,1358832,2,"Guided+SIMD, chunk=8",0.854,150.16,625.7,0.003,98.60,0,""
"10k_1p5.mtx",9506,9506,1.50,1358832,2,"Guided+SIMD, chunk=16",0.854,150.15,625.6,0.003,98.60,0,""
"10k_1p5.mtx",9506,9506,1.50,1358832,2,"Guided+SIMD, chunk=32",0.865,148.33,618.1,0.014,98.58,0,""
"10k_1p5.mtx",9506,9506,1.50,1358832,2,"Static+SIMD+Affinity,",0.862,148.82,620.1,0.005,98.58,0,""
"10k_1p5.mtx",9506,9506,1.50,1358832,2,"Static+SIMD+Affinity,",0.855,150.00,625.0,0.005,98.60,0,""
"10k_1p5.mtx",9506,9506,1.50,1358832,2,"Guided+SIMD+Affinity,",0.860,149.15,621.4,0.003,98.59,0,""
"10k_1p5.mtx",9506,9506,1.50,1358832,2,"Guided+SIMD+Register,",0.855,150.09,625.4,0.003,98.60,0,""
"10k_1p5.mtx",9506,9506,1.50,1358832,2,"Guided+SIMD+Register,",0.854,150.21,625.9,0.003,98.60,0,""
"10k_1p5.mtx",9506,9506,1.50,1358832,2,"Static+SIMD+Register,",0.858,149.49,622.9,0.004,98.59,0,""
"10k_1p5.mtx",9506,9506,1.50,1358832,2,"Static+SIMD+Register,",0.863,148.55,618.9,0.003,98.58,0,""
"10k_1p5.mtx",9506,9506,1.50,1358832,2,"Task-based+SIMD",5.383,23.83,99.3,0.076,91.16,0,""
"10k_1p5.mtx",9506,9506,1.50,1358832,2,"Guided+SIMD+Align+Affin,",0.855,150.01,625.1,0.003,98.60,0,""
"10k_1p5.mtx",9506,9506,1.50,1358832,2,"Static+SIMD+Align+Affin,",0.859,149.36,622.3,0.007,98.59,0,""
"10k_1p5.mtx",9506,9506,1.50,1358832,4,"Static (default)",36.197,3.37,14.0,9.554,0.00,0,""
"10k_1p5.mtx",9506,9506,1.50,1358832,4,"Static, chunk=8",30.424,4.01,16.7,0.013,15.95,0,""
"10k_1p5.mtx",9506,9506,1.50,1358832,4,"Static, chunk=32",31.073,3.92,16.3,1.691,14.15,0,""
"10k_1p5.mtx",9506,9506,1.50,1358832,4,"Dynamic, chunk=8",30.456,4.00,16.7,0.014,15.86,0,""
"10k_1p5.mtx",9506,9506,1.50,1358832,4,"Dynamic, chunk=16",30.549,3.99,16.6,0.075,15.60,0,""
"10k_1p5.mtx",9506,9506,1.50,1358832,4,"Dynamic, chunk=32",30.688,3.97,16.5,0.012,15.22,0,""
"10k_1p5.mtx",9506,9506,1.50,1358832,4,"Dynamic, chunk=64",37.005,3.29,13.7,9.543,,0,""
"10k_1p5.mtx",9506,9506,1.50,1358832,4,"Guided, chunk=8",52.538,2.32,9.7,11.021,,0,""
"10k_1p5.mtx",9506,9506,1.50,1358832,4,"Guided, chunk=16",53.339,2.28,9.5,10.225,,0,""
"10k_1p5.mtx",9506,9506,1.50,1358832,4,"Guided, chunk=32",33.661,3.62,15.1,8.583,7.00,0,""
"10k_1p5.mtx",9506,9506,1.50,1358832,4,"Auto (runtime)",30.473,4.00,16.7,0.314,15.81,0,""
"10k_1p5.mtx",9506,9506,1.50,1358832,4,"Static+SIMD, chunk=8",0.441,276.54,1152.3,0.004,98.78,0,""
"10k_1p5.mtx",9506,9506,1.50,1358832,4,"Static+SIMD, chunk=16",0.432,281.98,1174.9,0.003,98.81,0,""
"10k_1p5.mtx",9506,9506,1.50,1358832,4,"Static+SIMD, chunk=32",0.429,283.85,1182.7,0.003,98.81,0,""
"10k_1p5.mtx",9506,9506,1.50,1358832,4,"Dynamic+SIMD, chunk=8",0.477,255.36,1064.0,0.003,98.68,0,""
"10k_1p5.mtx",9506,9506,1.50,1358832,4,"Dynamic+SIMD, chunk=16",0.447,272.72,1136.3,0.004,98.77,0,""
"10k_1p5.mtx",9506,9506,1.50,1358832,4,"Dynamic+SIMD, chunk=32",0.438,278.05,1158.5,0.004,98.79,0,""
"10k_1p5.mtx",9506,9506,1.50,1358832,4,"Guided+SIMD, chunk=8",0.431,282.90,1178.7,0.004,98.81,0,""
"10k_1p5.mtx",9506,9506,1.50,1358832,4,"Guided+SIMD, chunk=16",0.429,283.87,1182.8,0.003,98.81,0,""
"10k_1p5.mtx",9506,9506,1.50,1358832,4,"Guided+SIMD, chunk=32",0.429,284.38,1184.9,0.003,98.82,0,""
"10k_1p5.mtx",9506,9506,1.50,1358832,4,"Static+SIMD+Affinity,",0.430,283.21,1180.0,0.003,98.81,0,""
"10k_1p5.mtx",9506,9506,1.50,1358832,4,"Static+SIMD+Affinity,",0.427,285.32,1188.8,0.003,98.82,0,""
"10k_1p5.mtx",9506,9506,1.50,1358832,4,"Guided+SIMD+Affinity,",0.431,282.65,1177.7,0.003,98.81,0,""
"10k_1p5.mtx",9506,9506,1.50,1358832,4,"Guided+SIMD+Register,",0.428,284.45,1185.2,0.003,98.82,0,""
"10k_1p5.mtx",9506,9506,1.50,1358832,4,"Guided+SIMD+Register,",0.430,283.57,1181.6,0.005,98.81,0,""
"10k_1p5.mtx",9506,9506,1.50,1358832,4,"Static+SIMD+Register,",0.428,284.47,1185.3,0.003,98.82,0,""
"10k_1p5.mtx",9506,9506,1.50,1358832,4,"Static+SIMD+Register,",0.432,282.17,1175.7,0.004,98.81,0,""
"10k_1p5.mtx",9506,9506,1.50,1358832,4,"Task-based+SIMD",22.947,5.31,22.1,7.450,36.60,0,""
"10k_1p5.mtx",9506,9506,1.50,1358832,4,"Guided+SIMD+Align+Affin,",0.431,283.01,1179.2,0.006,98.81,0,""
"10k_1p5.mtx",9506,9506,1.50,1358832,4,"Static+SIMD+Align+Affin,",0.431,283.09,1179.5,0.007,98.81,0,""
"10k_1p5.mtx",9506,9506,1.50,1358832,8,"Static (default)",41.075,3.69,15.4,5.630,0.00,0,""
"10k_1p5.mtx",9506,9506,1.50,1358832,8,"Static, chunk=8",35.539,4.27,17.8,9.689,13.48,0,""
"10k_1p5.mtx",9506,9506,1.50,1358832,8,"Static, chunk=32",39.202,3.87,16.1,3.766,4.56,0,""
"10k_1p5.mtx",9506,9506,1.50,1358832,8,"Dynamic, chunk=8",33.049,4.59,19.1,4.269,19.54,0,""
"10k_1p5.mtx",9506,9506,1.50,1358832,8,"Dynamic, chunk=16",22.978,6.60,27.5,6.952,44.06,0,""
"10k_1p5.mtx",9506,9506,1.50,1358832,8,"Dynamic, chunk=32",16.866,8.99,37.5,0.921,58.94,0,""
"10k_1p5.mtx",9506,9506,1.50,1358832,8,"Dynamic, chunk=64",15.574,9.73,40.6,0.008,62.08,0,""
"10k_1p5.mtx",9506,9506,1.50,1358832,8,"Guided, chunk=8",15.238,9.95,41.5,0.006,62.90,0,""
"10k_1p5.mtx",9506,9506,1.50,1358832,8,"Guided, chunk=16",34.429,4.40,18.3,8.128,16.18,0,""
"10k_1p5.mtx",9506,9506,1.50,1358832,8,"Guided, chunk=32",38.217,3.97,16.5,4.950,6.96,0,""
"10k_1p5.mtx",9506,9506,1.50,1358832,8,"Auto (runtime)",38.659,3.92,16.3,3.309,5.88,0,""
"10k_1p5.mtx",9506,9506,1.50,1358832,8,"Static+SIMD, chunk=8",0.208,729.78,3040.8,0.002,99.49,0,""
"10k_1p5.mtx",9506,9506,1.50,1358832,8,"Static+SIMD, chunk=16",0.204,744.38,3101.6,0.002,99.50,0,""
"10k_1p5.mtx",9506,9506,1.50,1358832,8,"Static+SIMD, chunk=32",0.203,748.18,3117.4,0.002,99.51,0,""
"10k_1p5.mtx",9506,9506,1.50,1358832,8,"Dynamic+SIMD, chunk=8",0.229,663.27,2763.6,0.002,99.44,0,""
"10k_1p5.mtx",9506,9506,1.50,1358832,8,"Dynamic+SIMD, chunk=16",0.212,715.15,2979.8,0.002,99.48,0,""
"10k_1p5.mtx",9506,9506,1.50,1358832,8,"Dynamic+SIMD, chunk=32",0.208,727.87,3032.8,0.003,99.49,0,""
"10k_1p5.mtx",9506,9506,1.50,1358832,8,"Guided+SIMD, chunk=8",0.203,747.81,3115.9,0.002,99.51,0,""
"10k_1p5.mtx",9506,9506,1.50,1358832,8,"Guided+SIMD, chunk=16",0.202,749.48,3122.8,0.002,99.51,0,""
"10k_1p5.mtx",9506,9506,1.50,1358832,8,"Guided+SIMD, chunk=32",0.216,701.84,2924.3,0.006,99.47,0,""
"10k_1p5.mtx",9506,9506,1.50,1358832,8,"Static+SIMD+Affinity,",0.218,693.95,2891.5,0.007,99.47,0,""
"10k_1p5.mtx",9506,9506,1.50,1358832,8,"Static+SIMD+Affinity,",0.219,691.31,2880.5,0.007,99.47,0,""
"10k_1p5.mtx",9506,9506,1.50,1358832,8,"Guided+SIMD+Affinity,",2.173,69.74,290.6,3.710,94.71,0,""
"10k_1p5.mtx",9506,9506,1.50,1358832,8,"Guided+SIMD+Register,",1.153,131.46,547.7,2.623,97.19,0,""
"10k_1p5.mtx",9506,9506,1.50,1358832,8,"Guided+SIMD+Register,",0.488,310.50,1293.7,0.993,98.81,0,""
"10k_1p5.mtx",9506,9506,1.50,1358832,8,"Static+SIMD+Register,",0.220,687.92,2866.3,0.005,99.46,0,""
"10k_1p5.mtx",9506,9506,1.50,1358832,8,"Static+SIMD+Register,",0.221,686.38,2859.9,0.004,99.46,0,""
"10k_1p5.mtx",9506,9506,1.50,1358832,8,"Task-based+SIMD",55.937,2.71,11.3,14.298,,0,""
"10k_1p5.mtx",9506,9506,1.50,1358832,8,"Guided+SIMD+Align+Affin,",7.719,19.64,81.8,6.952,81.21,0,""
"10k_1p5.mtx",9506,9506,1.50,1358832,8,"Static+SIMD+Align+Affin,",0.219,692.29,2884.5,0.004,99.47,0,""
"10k_1p5.mtx",9506,9506,1.50,1358832,12,"Static (default)",30.262,4.04,16.8,9.888,0.00,0,""
"10k_1p5.mtx",9506,9506,1.50,1358832,12,"Static, chunk=8",10.219,11.96,49.8,0.033,66.23,0,""
"10k_1p5.mtx",9506,9506,1.50,1358832,12,"Static, chunk=32",21.117,5.79,24.1,8.818,30.22,0,""
"10k_1p5.mtx",9506,9506,1.50,1358832,12,"Dynamic, chunk=8",19.857,6.15,25.6,8.941,34.38,0,""
"10k_1p5.mtx",9506,9506,1.50,1358832,12,"Dynamic, chunk=16",15.451,7.91,33.0,2.730,48.94,0,""
"10k_1p5.mtx",9506,9506,1.50,1358832,12,"Dynamic, chunk=32",16.999,7.19,30.0,0.002,43.83,0,""
"10k_1p5.mtx",9506,9506,1.50,1358832,12,"Dynamic, chunk=64",21.601,5.66,23.6,7.129,28.62,0,""
"10k_1p5.mtx",9506,9506,1.50,1358832,12,"Guided, chunk=8",28.691,4.26,17.7,4.451,5.19,0,""
"10k_1p5.mtx",9506,9506,1.50,1358832,12,"Guided, chunk=16",30.413,4.02,16.7,4.584,,0,""
"10k_1p5.mtx",9506,9506,1.50,1358832,12,"Guided, chunk=32",29.561,4.13,17.2,4.154,2.32,0,""
"10k_1p5.mtx",9506,9506,1.50,1358832,12,"Auto (runtime)",30.043,4.07,17.0,3.483,0.72,0,""
"10k_1p5.mtx",9506,9506,1.50,1358832,12,"Static+SIMD, chunk=8",7.287,16.77,69.9,4.550,75.92,0,""
"10k_1p5.mtx",9506,9506,1.50,1358832,12,"Static+SIMD, chunk=16",0.150,813.61,3390.0,0.004,99.50,0,""
"10k_1p5.mtx",9506,9506,1.50,1358832,12,"Static+SIMD, chunk=32",0.152,806.18,3359.1,0.006,99.50,0,""
"10k_1p5.mtx",9506,9506,1.50,1358832,12,"Dynamic+SIMD, chunk=8",0.188,650.65,2711.0,0.004,99.38,0,""
"10k_1p5.mtx",9506,9506,1.50,1358832,12,"Dynamic+SIMD, chunk=16",0.166,734.60,3060.8,0.003,99.45,0,""
"10k_1p5.mtx",9506,9506,1.50,1358832,12,"Dynamic+SIMD, chunk=32",0.160,764.68,3186.2,0.003,99.47,0,""
"10k_1p5.mtx",9506,9506,1.50,1358832,12,"Guided+SIMD, chunk=8",0.155,787.73,3282.2,0.003,99.49,0,""
"10k_1p5.mtx",9506,9506,1.50,1358832,12,"Guided+SIMD, chunk=16",0.154,795.51,3314.6,0.003,99.49,0,""
"10k_1p5.mtx",9506,9506,1.50,1358832,12,"Guided+SIMD, chunk=32",0.153,797.97,3324.9,0.002,99.49,0,""
"10k_1p5.mtx",9506,9506,1.50,1358832,12,"Static+SIMD+Affinity,",0.149,819.96,3416.5,0.003,99.51,0,""
"10k_1p5.mtx",9506,9506,1.50,1358832,12,"Static+SIMD+Affinity,",0.148,825.45,3439.4,0.002,99.51,0,""
"10k_1p5.mtx",9506,9506,1.50,1358832,12,"Guided+SIMD+Affinity,",0.154,793.28,3305.3,0.003,99.49,0,""
"10k_1p5.mtx",9506,9506,1.50,1358832,12,"Guided+SIMD+Register,",0.153,798.20,3325.8,0.003,99.49,0,""
"10k_1p5.mtx",9506,9506,1.50,1358832,12,"Guided+SIMD+Register,",0.153,800.19,3334.1,0.002,99.50,0,""
"10k_1p5.mtx",9506,9506,1.50,1358832,12,"Static+SIMD+Register,",0.150,814.64,3394.3,0.004,99.50,0,""
"10k_1p5.mtx",9506,9506,1.50,1358832,12,"Static+SIMD+Register,",0.149,819.02,3412.6,0.003,99.51,0,""
"10k_1p5.mtx",9506,9506,1.50,1358832,12,"Task-based+SIMD",63.544,1.92,8.0,10.652,,0,""
"10k_1p5.mtx",9506,9506,1.50,1358832,12,"Guided+SIMD+Align+Affin,",9.293,13.15,54.8,1.780,69.29,0,""
"10k_1p5.mtx",9506,9506,1.50,1358832,12,"Static+SIMD+Align+Affin,",2.012,60.75,253.1,3.571,93.35,0,""
"10k_1p5.mtx",9506,9506,1.50,1358832,16,"Static (default)",23.664,5.16,21.5,4.252,0.00,0,""
"10k_1p5.mtx",9506,9506,1.50,1358832,16,"Static, chunk=8",24.599,4.96,20.7,4.365,,0,""
"10k_1p5.mtx",9506,9506,1.50,1358832,16,"Static, chunk=32",24.419,5.00,20.8,2.886,,0,""
"10k_1p5.mtx",9506,9506,1.50,1358832,16,"Dynamic, chunk=8",12.363,9.88,41.2,6.968,47.76,0,""
"10k_1p5.mtx",9506,9506,1.50,1358832,16,"Dynamic, chunk=16",7.810,15.64,65.2,0.008,67.00,0,""
"10k_1p5.mtx",9506,9506,1.50,1358832,16,"Dynamic, chunk=32",7.805,15.65,65.2,0.006,67.02,0,""
"10k_1p5.mtx",9506,9506,1.50,1358832,16,"Dynamic, chunk=64",16.339,7.47,31.1,8.206,30.95,0,""
"10k_1p5.mtx",9506,9506,1.50,1358832,16,"Guided, chunk=8",7.653,15.96,66.5,0.010,67.66,0,""
"10k_1p5.mtx",9506,9506,1.50,1358832,16,"Guided, chunk=16",7.741,15.78,65.7,0.004,67.29,0,""
"10k_1p5.mtx",9506,9506,1.50,1358832,16,"Guided, chunk=32",7.787,15.68,65.3,0.019,67.09,0,""
"10k_1p5.mtx",9506,9506,1.50,1358832,16,"Auto (runtime)",7.653,15.96,66.5,0.023,67.66,0,""
"10k_1p5.mtx",9506,9506,1.50,1358832,16,"Static+SIMD, chunk=8",0.120,1016.15,4234.0,0.003,99.49,0,""
"10k_1p5.mtx",9506,9506,1.50,1358832,16,"Static+SIMD, chunk=16",0.116,1057.28,4405.3,0.002,99.51,0,""
"10k_1p5.mtx",9506,9506,1.50,1358832,16,"Static+SIMD, chunk=32",0.116,1050.52,4377.2,0.002,99.51,0,""
"10k_1p5.mtx",9506,9506,1.50,1358832,16,"Dynamic+SIMD, chunk=8",0.162,754.20,3142.5,0.003,99.32,0,""
"10k_1p5.mtx",9506,9506,1.50,1358832,16,"Dynamic+SIMD, chunk=16",0.133,920.41,3835.0,0.002,99.44,0,""
"10k_1p5.mtx",9506,9506,1.50,1358832,16,"Dynamic+SIMD, chunk=32",0.126,969.89,4041.2,0.002,99.47,0,""
"10k_1p5.mtx",9506,9506,1.50,1358832,16,"Guided+SIMD, chunk=8",0.129,950.31,3959.6,0.002,99.46,0,""
"10k_1p5.mtx",9506,9506,1.50,1358832,16,"Guided+SIMD, chunk=16",0.125,979.03,4079.3,0.002,99.47,0,""
"10k_1p5.mtx",9506,9506,1.50,1358832,16,"Guided+SIMD, chunk=32",0.123,988.89,4120.4,0.002,99.48,0,""
"10k_1p5.mtx",9506,9506,1.50,1358832,16,"Static+SIMD+Affinity,",0.115,1060.91,4420.4,0.001,99.51,0,""
"10k_1p5.mtx",9506,9506,1.50,1358832,16,"Static+SIMD+Affinity,",0.116,1057.05,4404.4,0.002,99.51,0,""
"10k_1p5.mtx",9506,9506,1.50,1358832,16,"Guided+SIMD+Affinity,",0.124,988.05,4116.9,0.002,99.48,0,""
"10k_1p5.mtx",9506,9506,1.50,1358832,16,"Guided+SIMD+Register,",0.124,988.56,4119.0,0.002,99.48,0,""
"10k_1p5.mtx",9506,9506,1.50,1358832,16,"Guided+SIMD+Register,",0.125,979.48,4081.2,0.002,99.47,0,""
"10k_1p5.mtx",9506,9506,1.50,1358832,16,"Static+SIMD+Register,",0.115,1060.08,4417.0,0.001,99.51,0,""
"10k_1p5.mtx",9506,9506,1.50,1358832,16,"Static+SIMD+Register,",0.116,1055.36,4397.3,0.002,99.51,0,""
"10k_1p5.mtx",9506,9506,1.50,1358832,16,"Task-based+SIMD",118.543,1.03,4.3,23.879,,0,""
"10k_1p5.mtx",9506,9506,1.50,1358832,16,"Guided+SIMD+Align+Affin,",15.320,7.97,33.2,4.425,35.26,0,""
"10k_1p5.mtx",9506,9506,1.50,1358832,16,"Static+SIMD+Align+Affin,",17.593,6.94,28.9,3.955,25.66,0,""
"10k_1p5.mtx",9506,9506,1.50,1358832,18,"Static (default)",18.772,6.50,27.1,8.631,0.00,0,""
"10k_1p5.mtx",9506,9506,1.50,1358832,18,"Static, chunk=8",23.530,5.19,21.6,2.680,,0,""
"10k_1p5.mtx",9506,9506,1.50,1358832,18,"Static, chunk=32",22.282,5.48,22.8,3.758,,0,""
"10k_1p5.mtx",9506,9506,1.50,1358832,18,"Dynamic, chunk=8",23.421,5.21,21.7,4.387,,0,""
"10k_1p5.mtx",9506,9506,1.50,1358832,18,"Dynamic, chunk=16",11.660,10.47,43.6,4.357,37.88,0,""
"10k_1p5.mtx",9506,9506,1.50,1358832,18,"Dynamic, chunk=32",6.998,17.44,72.7,0.008,62.72,0,""
"10k_1p5.mtx",9506,9506,1.50,1358832,18,"Dynamic, chunk=64",18.002,6.78,28.2,6.105,4.10,0,""
"10k_1p5.mtx",9506,9506,1.50,1358832,18,"Guided, chunk=8",9.112,13.39,55.8,5.374,51.46,0,""
"10k_1p5.mtx",9506,9506,1.50,1358832,18,"Guided, chunk=16",18.018,6.77,28.2,8.162,4.02,0,""
"10k_1p5.mtx",9506,9506,1.50,1358832,18,"Guided, chunk=32",20.679,5.90,24.6,4.195,,0,""
"10k_1p5.mtx",9506,9506,1.50,1358832,18,"Auto (runtime)",19.421,6.28,26.2,6.854,,0,""
"10k_1p5.mtx",9506,9506,1.50,1358832,18,"Static+SIMD, chunk=8",9.694,12.59,52.5,2.652,48.36,0,""
"10k_1p5.mtx",9506,9506,1.50,1358832,18,"Static+SIMD, chunk=16",14.345,8.51,35.4,3.953,23.58,0,""
"10k_1p5.mtx",9506,9506,1.50,1358832,18,"Static+SIMD, chunk=32",0.184,665.03,2771.0,0.393,99.02,0,""
"10k_1p5.mtx",9506,9506,1.50,1358832,18,"Dynamic+SIMD, chunk=8",0.145,840.87,3503.6,0.003,99.23,0,""
"10k_1p5.mtx",9506,9506,1.50,1358832,18,"Dynamic+SIMD, chunk=16",0.118,1030.01,4291.7,0.004,99.37,0,""
"10k_1p5.mtx",9506,9506,1.50,1358832,18,"Dynamic+SIMD, chunk=32",0.265,461.20,1921.6,0.642,98.59,0,""
"10k_1p5.mtx",9506,9506,1.50,1358832,18,"Guided+SIMD, chunk=8",0.119,1025.48,4272.9,0.003,99.37,0,""
"10k_1p5.mtx",9506,9506,1.50,1358832,18,"Guided+SIMD, chunk=16",0.115,1064.65,4436.0,0.001,99.39,0,""
"10k_1p5.mtx",9506,9506,1.50,1358832,18,"Guided+SIMD, chunk=32",0.112,1087.11,4529.6,0.003,99.40,0,""
"10k_1p5.mtx",9506,9506,1.50,1358832,18,"Static+SIMD+Affinity,",0.108,1131.15,4713.1,0.007,99.43,0,""
"10k_1p5.mtx",9506,9506,1.50,1358832,18,"Static+SIMD+Affinity,",0.106,1152.15,4800.6,0.004,99.44,0,""
"10k_1p5.mtx",9506,9506,1.50,1358832,18,"Guided+SIMD+Affinity,",0.112,1090.33,4543.0,0.003,99.40,0,""
"10k_1p5.mtx",9506,9506,1.50,1358832,18,"Guided+SIMD+Register,",0.112,1092.11,4550.5,0.002,99.40,0,""
"10k_1p5.mtx",9506,9506,1.50,1358832,18,"Guided+SIMD+Register,",0.115,1064.06,4433.6,0.003,99.39,0,""
"10k_1p5.mtx",9506,9506,1.50,1358832,18,"Static+SIMD+Register,",0.105,1159.96,4833.2,0.001,99.44,0,""
"10k_1p5.mtx",9506,9506,1.50,1358832,18,"Static+SIMD+Register,",0.103,1180.28,4917.9,0.001,99.45,0,""
"10k_1p5.mtx",9506,9506,1.50,1358832,18,"Task-based+SIMD",119.284,1.02,4.3,15.042,,0,""
"10k_1p5.mtx",9506,9506,1.50,1358832,18,"Guided+SIMD+Align+Affin,",2.359,51.73,215.5,4.038,87.43,0,""
"10k_1p5.mtx",9506,9506,1.50,1358832,18,"Static+SIMD+Align+Affin,",0.107,1141.56,4756.5,0.003,99.43,0,""
"10k_1p5.mtx",9506,9506,1.50,1358832,20,"Static (default)",22.076,5.54,23.1,3.040,0.00,0,""
"10k_1p5.mtx",9506,9506,1.50,1358832,20,"Static, chunk=8",21.852,5.59,23.3,2.035,1.02,0,""
"10k_1p5.mtx",9506,9506,1.50,1358832,20,"Static, chunk=32",23.013,5.31,22.1,2.034,,0,""
"10k_1p5.mtx",9506,9506,1.50,1358832,20,"Dynamic, chunk=8",22.566,5.42,22.6,3.010,,0,""
"10k_1p5.mtx",9506,9506,1.50,1358832,20,"Dynamic, chunk=16",21.061,5.80,24.2,6.411,4.60,0,""
"10k_1p5.mtx",9506,9506,1.50,1358832,20,"Dynamic, chunk=32",16.933,7.22,30.1,7.005,23.30,0,""
"10k_1p5.mtx",9506,9506,1.50,1358832,20,"Dynamic, chunk=64",19.513,6.26,26.1,6.497,11.61,0,""
"10k_1p5.mtx",9506,9506,1.50,1358832,20,"Guided, chunk=8",6.000,20.37,84.9,0.210,72.82,0,""
"10k_1p5.mtx",9506,9506,1.50,1358832,20,"Guided, chunk=16",6.215,19.66,81.9,0.007,71.85,0,""
"10k_1p5.mtx",9506,9506,1.50,1358832,20,"Guided, chunk=32",11.893,10.28,42.8,7.478,46.13,0,""
"10k_1p5.mtx",9506,9506,1.50,1358832,20,"Auto (runtime)",20.252,6.03,25.1,4.645,8.26,0,""
"10k_1p5.mtx",9506,9506,1.50,1358832,20,"Static+SIMD, chunk=8",3.009,40.62,169.2,4.526,86.37,0,""
"10k_1p5.mtx",9506,9506,1.50,1358832,20,"Static+SIMD, chunk=16",0.121,1012.42,4218.4,0.012,99.45,0,""
"10k_1p5.mtx",9506,9506,1.50,1358832,20,"Static+SIMD, chunk=32",1.196,102.15,425.6,3.344,94.58,0,""
"10k_1p5.mtx",9506,9506,1.50,1358832,20,"Dynamic+SIMD, chunk=8",0.152,801.90,3341.3,0.006,99.31,0,""
"10k_1p5.mtx",9506,9506,1.50,1358832,20,"Dynamic+SIMD, chunk=16",0.113,1081.91,4507.9,0.002,99.49,0,""
"10k_1p5.mtx",9506,9506,1.50,1358832,20,"Dynamic+SIMD, chunk=32",0.107,1147.02,4779.3,0.002,99.52,0,""
"10k_1p5.mtx",9506,9506,1.50,1358832,20,"Guided+SIMD, chunk=8",0.115,1058.50,4410.4,0.003,99.48,0,""
"10k_1p5.mtx",9506,9506,1.50,1358832,20,"Guided+SIMD, chunk=16",0.110,1109.14,4621.4,0.003,99.50,0,""
"10k_1p5.mtx",9506,9506,1.50,1358832,20,"Guided+SIMD, chunk=32",0.106,1151.58,4798.3,0.001,99.52,0,""
"10k_1p5.mtx",9506,9506,1.50,1358832,20,"Static+SIMD+Affinity,",0.116,1055.27,4397.0,0.010,99.48,0,""
"10k_1p5.mtx",9506,9506,1.50,1358832,20,"Static+SIMD+Affinity,",0.109,1120.00,4666.7,0.007,99.51,0,""
"10k_1p5.mtx",9506,9506,1.50,1358832,20,"Guided+SIMD+Affinity,",0.106,1152.33,4801.4,0.002,99.52,0,""
"10k_1p5.mtx",9506,9506,1.50,1358832,20,"Guided+SIMD+Register,",0.108,1134.74,4728.1,0.003,99.51,0,""
"10k_1p5.mtx",9506,9506,1.50,1358832,20,"Guided+SIMD+Register,",0.111,1104.82,4603.4,0.003,99.50,0,""
"10k_1p5.mtx",9506,9506,1.50,1358832,20,"Static+SIMD+Register,",0.103,1187.00,4945.8,0.007,99.53,0,""
"10k_1p5.mtx",9506,9506,1.50,1358832,20,"Static+SIMD+Register,",0.122,1001.62,4173.4,0.010,99.45,0,""
"10k_1p5.mtx",9506,9506,1.50,1358832,20,"Task-based+SIMD",129.841,0.94,3.9,19.652,,0,""
"10k_1p5.mtx",9506,9506,1.50,1358832,20,"Guided+SIMD+Align+Affin,",14.251,8.57,35.7,4.137,35.45,0,""
"10k_1p5.mtx",9506,9506,1.50,1358832,20,"Static+SIMD+Align+Affin,",0.100,1222.48,5093.7,0.007,99.55,0,""
"10k_1p5.mtx",9506,9506,1.50,1358832,22,"Static (default)",25.413,4.84,20.2,4.984,0.00,0,""
"10k_1p5.mtx",9506,9506,1.50,1358832,22,"Static, chunk=8",20.283,6.06,25.3,3.687,20.19,0,""
"10k_1p5.mtx",9506,9506,1.50,1358832,22,"Static, chunk=32",21.438,5.74,23.9,1.795,15.64,0,""
"10k_1p5.mtx",9506,9506,1.50,1358832,22,"Dynamic, chunk=8",20.021,6.14,25.6,4.634,21.22,0,""
"10k_1p5.mtx",9506,9506,1.50,1358832,22,"Dynamic, chunk=16",21.369,5.76,24.0,3.288,15.91,0,""
"10k_1p5.mtx",9506,9506,1.50,1358832,22,"Dynamic, chunk=32",24.296,5.06,21.1,4.463,4.40,0,""
"10k_1p5.mtx",9506,9506,1.50,1358832,22,"Dynamic, chunk=64",17.317,7.10,29.6,4.986,31.86,0,""
"10k_1p5.mtx",9506,9506,1.50,1358832,22,"Guided, chunk=8",16.414,7.49,31.2,8.598,35.41,0,""
"10k_1p5.mtx",9506,9506,1.50,1358832,22,"Guided, chunk=16",20.435,6.02,25.1,5.109,19.59,0,""
"10k_1p5.mtx",9506,9506,1.50,1358832,22,"Guided, chunk=32",22.441,5.48,22.8,3.499,11.70,0,""
"10k_1p5.mtx",9506,9506,1.50,1358832,22,"Auto (runtime)",21.470,5.73,23.9,4.040,15.52,0,""
"10k_1p5.mtx",9506,9506,1.50,1358832,22,"Static+SIMD, chunk=8",14.231,8.64,36.0,3.546,44.00,0,""
"10k_1p5.mtx",9506,9506,1.50,1358832,22,"Static+SIMD, chunk=16",2.325,52.90,220.4,4.161,90.85,0,""
"10k_1p5.mtx",9506,9506,1.50,1358832,22,"Static+SIMD, chunk=32",0.092,1341.05,5587.7,0.002,99.64,0,""
"10k_1p5.mtx",9506,9506,1.50,1358832,22,"Dynamic+SIMD, chunk=8",0.147,839.10,3496.2,0.005,99.42,0,""
"10k_1p5.mtx",9506,9506,1.50,1358832,22,"Dynamic+SIMD, chunk=16",0.101,1212.13,5050.6,0.004,99.60,0,""
"10k_1p5.mtx",9506,9506,1.50,1358832,22,"Dynamic+SIMD, chunk=32",0.093,1323.99,5516.6,0.002,99.63,0,""
"10k_1p5.mtx",9506,9506,1.50,1358832,22,"Guided+SIMD, chunk=8",1.866,65.93,274.7,3.859,92.66,0,""
"10k_1p5.mtx",9506,9506,1.50,1358832,22,"Guided+SIMD, chunk=16",3.813,32.26,134.4,4.910,85.00,0,""
"10k_1p5.mtx",9506,9506,1.50,1358832,22,"Guided+SIMD, chunk=32",0.101,1217.90,5074.6,0.002,99.60,0,""
"10k_1p5.mtx",9506,9506,1.50,1358832,22,"Static+SIMD+Affinity,",0.114,1078.59,4494.1,0.014,99.55,0,""
"10k_1p5.mtx",9506,9506,1.50,1358832,22,"Static+SIMD+Affinity,",0.096,1281.01,5337.5,0.010,99.62,0,""
"10k_1p5.mtx",9506,9506,1.50,1358832,22,"Guided+SIMD+Affinity,",0.102,1205.01,5020.9,0.003,99.60,0,""
"10k_1p5.mtx",9506,9506,1.50,1358832,22,"Guided+SIMD+Register,",0.103,1199.08,4996.2,0.002,99.60,0,""
"10k_1p5.mtx",9506,9506,1.50,1358832,22,"Guided+SIMD+Register,",0.107,1145.57,4773.2,0.003,99.58,0,""
"10k_1p5.mtx",9506,9506,1.50,1358832,22,"Static+SIMD+Register,",0.121,1015.87,4232.8,0.015,99.52,0,""
"10k_1p5.mtx",9506,9506,1.50,1358832,22,"Static+SIMD+Register,",0.126,977.22,4071.7,0.013,99.50,0,""
"10k_1p5.mtx",9506,9506,1.50,1358832,22,"Task-based+SIMD",126.126,0.98,4.1,23.806,,0,""
"10k_1p5.mtx",9506,9506,1.50,1358832,22,"Guided+SIMD+Align+Affin,",10.020,12.28,51.1,0.998,60.57,0,""
"10k_1p5.mtx",9506,9506,1.50,1358832,22,"Static+SIMD+Align+Affin,",1.584,77.63,323.5,3.320,93.77,0,""
"10k_1p5.mtx",9506,9506,1.50,1358832,24,"Static (default)",20.281,6.01,25.1,4.248,0.00,0,""
"10k_1p5.mtx",9506,9506,1.50,1358832,24,"Static, chunk=8",21.513,5.67,23.6,3.558,,0,""
"10k_1p5.mtx",9506,9506,1.50,1358832,24,"Static, chunk=32",15.019,8.12,33.8,7.706,25.95,0,""
"10k_1p5.mtx",9506,9506,1.50,1358832,24,"Dynamic, chunk=8",18.167,6.71,28.0,5.351,10.43,0,""
"10k_1p5.mtx",9506,9506,1.50,1358832,24,"Dynamic, chunk=16",20.816,5.86,24.4,4.681,,0,""
"10k_1p5.mtx",9506,9506,1.50,1358832,24,"Dynamic, chunk=32",20.950,5.82,24.3,9.972,,0,""
"10k_1p5.mtx",9506,9506,1.50,1358832,24,"Dynamic, chunk=64",6.724,18.14,75.6,2.794,66.85,0,""
"10k_1p5.mtx",9506,9506,1.50,1358832,24,"Guided, chunk=8",23.581,5.17,21.6,4.228,,0,""
"10k_1p5.mtx",9506,9506,1.50,1358832,24,"Guided, chunk=16",12.650,9.64,40.2,7.358,37.63,0,""
"10k_1p5.mtx",9506,9506,1.50,1358832,24,"Guided, chunk=32",23.439,5.20,21.7,4.956,,0,""
"10k_1p5.mtx",9506,9506,1.50,1358832,24,"Auto (runtime)",21.621,5.64,23.5,4.344,,0,""
"10k_1p5.mtx",9506,9506,1.50,1358832,24,"Static+SIMD, chunk=8",5.980,20.40,85.0,6.926,70.52,0,""
"10k_1p5.mtx",9506,9506,1.50,1358832,24,"Static+SIMD, chunk=16",0.776,157.19,655.0,2.377,96.17,0,""
"10k_1p5.mtx",9506,9506,1.50,1358832,24,"Static+SIMD, chunk=32",11.466,10.64,44.3,2.049,43.46,0,""
"10k_1p5.mtx",9506,9506,1.50,1358832,24,"Dynamic+SIMD, chunk=8",11.315,10.78,44.9,3.605,44.21,0,""
"10k_1p5.mtx",9506,9506,1.50,1358832,24,"Dynamic+SIMD, chunk=16",14.824,8.23,34.3,4.105,26.91,0,""
"10k_1p5.mtx",9506,9506,1.50,1358832,24,"Dynamic+SIMD, chunk=32",11.590,10.52,43.8,2.500,42.85,0,""
"10k_1p5.mtx",9506,9506,1.50,1358832,24,"Guided+SIMD, chunk=8",12.138,10.05,41.9,3.368,40.15,0,""
"10k_1p5.mtx",9506,9506,1.50,1358832,24,"Guided+SIMD, chunk=16",13.562,8.99,37.5,4.052,33.13,0,""
"10k_1p5.mtx",9506,9506,1.50,1358832,24,"Guided+SIMD, chunk=32",11.293,10.80,45.0,2.768,44.32,0,""
"10k_1p5.mtx",9506,9506,1.50,1358832,24,"Static+SIMD+Affinity,",1.149,106.18,442.4,2.735,94.34,0,""
"10k_1p5.mtx",9506,9506,1.50,1358832,24,"Static+SIMD+Affinity,",0.083,1470.24,6126.0,0.001,99.59,0,""
"10k_1p5.mtx",9506,9506,1.50,1358832,24,"Guided+SIMD+Affinity,",0.095,1283.55,5348.1,0.003,99.53,0,""
"10k_1p5.mtx",9506,9506,1.50,1358832,24,"Guided+SIMD+Register,",0.095,1281.46,5339.4,0.002,99.53,0,""
"10k_1p5.mtx",9506,9506,1.50,1358832,24,"Guided+SIMD+Register,",0.100,1225.77,5107.4,0.003,99.51,0,""
"10k_1p5.mtx",9506,9506,1.50,1358832,24,"Static+SIMD+Register,",0.083,1469.88,6124.5,0.001,99.59,0,""
"10k_1p5.mtx",9506,9506,1.50,1358832,24,"Static+SIMD+Register,",0.107,1141.63,4756.8,0.011,99.47,0,""
"10k_1p5.mtx",9506,9506,1.50,1358832,24,"Task-based+SIMD",141.050,0.86,3.6,30.444,,0,""
"10k_1p5.mtx",9506,9506,1.50,1358832,24,"Guided+SIMD+Align+Affin,",11.165,10.92,45.5,1.418,44.95,0,""
"10k_1p5.mtx",9506,9506,1.50,1358832,24,"Static+SIMD+Align+Affin,",0.339,359.85,1499.4,1.061,98.33,0,""
"11k_0p35.mtx",10974,10974,0.36,428650,1,"Static (default)",162.199,1.00,4.2,0.126,0.00,0,""
"11k_0p35.mtx",10974,10974,0.36,428650,1,"Static, chunk=8",162.130,1.01,4.2,0.125,0.04,0,""
"11k_0p35.mtx",10974,10974,0.36,428650,1,"Static, chunk=32",164.669,0.99,4.1,9.198,,0,""
"11k_0p35.mtx",10974,10974,0.36,428650,1,"Dynamic, chunk=8",163.312,1.00,4.2,3.674,,0,""
"11k_0p35.mtx",10974,10974,0.36,428650,1,"Dynamic, chunk=16",162.173,1.00,4.2,0.045,0.02,0,""
"11k_0p35.mtx",10974,10974,0.36,428650,1,"Dynamic, chunk=32",162.181,1.00,4.2,0.045,0.01,0,""
"11k_0p35.mtx",10974,10974,0.36,428650,1,"Dynamic, chunk=64",162.949,1.00,4.2,5.021,,0,""
"11k_0p35.mtx",10974,10974,0.36,428650,1,"Guided, chunk=8",162.194,1.00,4.2,0.158,0.00,0,""
"11k_0p35.mtx",10974,10974,0.36,428650,1,"Guided, chunk=16",162.163,1.00,4.2,0.075,0.02,0,""
"11k_0p35.mtx",10974,10974,0.36,428650,1,"Guided, chunk=32",167.549,0.97,4.1,17.248,,0,""
"11k_0p35.mtx",10974,10974,0.36,428650,1,"Auto (runtime)",161.968,1.01,4.2,0.778,0.14,0,""
"11k_0p35.mtx",10974,10974,0.36,428650,1,"Static+SIMD, chunk=8",0.470,346.91,1445.5,0.005,99.71,0,""
"11k_0p35.mtx",10974,10974,0.36,428650,1,"Static+SIMD, chunk=16",0.466,349.33,1455.6,0.006,99.71,0,""
"11k_0p35.mtx",10974,10974,0.36,428650,1,"Static+SIMD, chunk=32",0.462,352.97,1470.7,0.005,99.72,0,""
"11k_0p35.mtx",10974,10974,0.36,428650,1,"Dynamic+SIMD, chunk=8",0.501,325.09,1354.6,0.005,99.69,0,""
"11k_0p35.mtx",10974,10974,0.36,428650,1,"Dynamic+SIMD, chunk=16",0.481,339.12,1413.0,0.004,99.70,0,""
"11k_0p35.mtx",10974,10974,0.36,428650,1,"Dynamic+SIMD, chunk=32",0.471,345.79,1440.8,0.004,99.71,0,""
"11k_0p35.mtx",10974,10974,0.36,428650,1,"Guided+SIMD, chunk=8",0.459,354.95,1479.0,0.006,99.72,0,""
"11k_0p35.mtx",10974,10974,0.36,428650,1,"Guided+SIMD, chunk=16",0.457,356.43,1485.1,0.005,99.72,0,""
"11k_0p35.mtx",10974,10974,0.36,428650,1,"Guided+SIMD, chunk=32",0.458,356.11,1483.8,0.005,99.72,0,""
"11k_0p35.mtx",10974,10974,0.36,428650,1,"Static+SIMD+Affinity,",0.469,347.16,1446.5,0.007,99.71,0,""
"11k_0p35.mtx",10974,10974,0.36,428650,1,"Static+SIMD+Affinity,",0.465,350.37,1459.9,0.005,99.71,0,""
"11k_0p35.mtx",10974,10974,0.36,428650,1,"Guided+SIMD+Affinity,",0.460,354.19,1475.8,0.007,99.72,0,""
"11k_0p35.mtx",10974,10974,0.36,428650,1,"Guided+SIMD+Register,",0.455,358.15,1492.3,0.007,99.72,0,""
"11k_0p35.mtx",10974,10974,0.36,428650,1,"Guided+SIMD+Register,",0.454,359.23,1496.8,0.005,99.72,0,""
"11k_0p35.mtx",10974,10974,0.36,428650,1,"Static+SIMD+Register,",0.455,358.18,1492.4,0.005,99.72,0,""
"11k_0p35.mtx",10974,10974,0.36,428650,1,"Static+SIMD+Register,",0.458,355.72,1482.2,0.006,99.72,0,""
"11k_0p35.mtx",10974,10974,0.36,428650,1,"Task-based+SIMD",0.629,259.21,1080.0,0.005,99.61,0,""
"11k_0p35.mtx",10974,10974,0.36,428650,1,"Guided+SIMD+Align+Affin,",0.458,355.59,1481.6,0.005,99.72,0,""
"11k_0p35.mtx",10974,10974,0.36,428650,1,"Static+SIMD+Align+Affin,",0.468,348.21,1450.9,0.008,99.71,0,""
"11k_0p35.mtx",10974,10974,0.36,428650,2,"Static (default)",90.774,1.79,7.5,21.821,0.00,0,""
"11k_0p35.mtx",10974,10974,0.36,428650,2,"Static, chunk=8",81.180,2.00,8.3,0.306,10.57,0,""
"11k_0p35.mtx",10974,10974,0.36,428650,2,"Static, chunk=32",83.193,1.96,8.1,7.476,8.35,0,""
"11k_0p35.mtx",10974,10974,0.36,428650,2,"Dynamic, chunk=8",81.336,2.00,8.3,0.986,10.40,0,""
"11k_0p35.mtx",10974,10974,0.36,428650,2,"Dynamic, chunk=16",93.823,1.73,7.2,15.686,,0,""
"11k_0p35.mtx",10974,10974,0.36,428650,2,"Dynamic, chunk=32",88.167,1.84,7.7,10.733,2.87,0,""
"11k_0p35.mtx",10974,10974,0.36,428650,2,"Dynamic, chunk=64",82.092,1.98,8.3,2.798,9.56,0,""
"11k_0p35.mtx",10974,10974,0.36,428650,2,"Guided, chunk=8",82.239,1.98,8.2,4.828,9.40,0,""
"11k_0p35.mtx",10974,10974,0.36,428650,2,"Guided, chunk=16",80.925,2.01,8.4,0.824,10.85,0,""
"11k_0p35.mtx",10974,10974,0.36,428650,2,"Guided, chunk=32",81.165,2.00,8.4,0.331,10.59,0,""
"11k_0p35.mtx",10974,10974,0.36,428650,2,"Auto (runtime)",85.487,1.90,7.9,10.089,5.82,0,""
"11k_0p35.mtx",10974,10974,0.36,428650,2,"Static+SIMD, chunk=8",0.250,649.71,2707.1,0.006,99.72,0,""
"11k_0p35.mtx",10974,10974,0.36,428650,2,"Static+SIMD, chunk=16",0.241,674.29,2809.6,0.004,99.73,0,""
"11k_0p35.mtx",10974,10974,0.36,428650,2,"Static+SIMD, chunk=32",0.237,686.00,2858.3,0.004,99.74,0,""
"11k_0p35.mtx",10974,10974,0.36,428650,2,"Dynamic+SIMD, chunk=8",0.305,533.36,2222.3,0.003,99.66,0,""
"11k_0p35.mtx",10974,10974,0.36,428650,2,"Dynamic+SIMD, chunk=16",0.269,604.75,2519.8,0.005,99.70,0,""
"11k_0p35.mtx",10974,10974,0.36,428650,2,"Dynamic+SIMD, chunk=32",0.252,646.67,2694.4,0.005,99.72,0,""
"11k_0p35.mtx",10974,10974,0.36,428650,2,"Guided+SIMD, chunk=8",0.230,707.98,2949.9,0.004,99.75,0,""
"11k_0p35.mtx",10974,10974,0.36,428650,2,"Guided+SIMD, chunk=16",0.229,710.58,2960.7,0.004,99.75,0,""
"11k_0p35.mtx",10974,10974,0.36,428650,2,"Guided+SIMD, chunk=32",0.228,712.56,2969.0,0.003,99.75,0,""
"11k_0p35.mtx",10974,10974,0.36,428650,2,"Static+SIMD+Affinity,",0.243,670.26,2792.7,0.004,99.73,0,""
"11k_0p35.mtx",10974,10974,0.36,428650,2,"Static+SIMD+Affinity,",0.239,679.80,2832.5,0.004,99.74,0,""
"11k_0p35.mtx",10974,10974,0.36,428650,2,"Guided+SIMD+Affinity,",0.230,707.72,2948.8,0.004,99.75,0,""
"11k_0p35.mtx",10974,10974,0.36,428650,2,"Guided+SIMD+Register,",0.227,717.29,2988.7,0.004,99.75,0,""
"11k_0p35.mtx",10974,10974,0.36,428650,2,"Guided+SIMD+Register,",0.227,718.04,2991.8,0.004,99.75,0,""
"11k_0p35.mtx",10974,10974,0.36,428650,2,"Static+SIMD+Register,",0.235,691.28,2880.3,0.004,99.74,0,""
"11k_0p35.mtx",10974,10974,0.36,428650,2,"Static+SIMD+Register,",0.237,685.05,2854.4,0.004,99.74,0,""
"11k_0p35.mtx",10974,10974,0.36,428650,2,"Task-based+SIMD",7.317,22.23,92.6,4.802,91.94,0,""
"11k_0p35.mtx",10974,10974,0.36,428650,2,"Guided+SIMD+Align+Affin,",0.229,709.22,2955.1,0.002,99.75,0,""
"11k_0p35.mtx",10974,10974,0.36,428650,2,"Static+SIMD+Align+Affin,",0.239,681.85,2841.0,0.003,99.74,0,""
"11k_0p35.mtx",10974,10974,0.36,428650,4,"Static (default)",41.237,4.02,16.7,3.324,0.00,0,""
"11k_0p35.mtx",10974,10974,0.36,428650,4,"Static, chunk=8",40.611,4.08,17.0,0.067,1.52,0,""
"11k_0p35.mtx",10974,10974,0.36,428650,4,"Static, chunk=32",40.676,4.07,17.0,0.027,1.36,0,""
"11k_0p35.mtx",10974,10974,0.36,428650,4,"Dynamic, chunk=8",40.574,4.08,17.0,0.045,1.61,0,""
"11k_0p35.mtx",10974,10974,0.36,428650,4,"Dynamic, chunk=16",40.745,4.06,16.9,0.221,1.19,0,""
"11k_0p35.mtx",10974,10974,0.36,428650,4,"Dynamic, chunk=32",43.492,3.81,15.9,5.792,,0,""
"11k_0p35.mtx",10974,10974,0.36,428650,4,"Dynamic, chunk=64",50.972,3.25,13.5,10.103,,0,""
"11k_0p35.mtx",10974,10974,0.36,428650,4,"Guided, chunk=8",50.062,3.31,13.8,14.967,,0,""
"11k_0p35.mtx",10974,10974,0.36,428650,4,"Guided, chunk=16",40.615,4.08,17.0,0.042,1.51,0,""
"11k_0p35.mtx",10974,10974,0.36,428650,4,"Guided, chunk=32",47.043,3.52,14.7,10.839,,0,""
"11k_0p35.mtx",10974,10974,0.36,428650,4,"Auto (runtime)",45.040,3.68,15.3,11.388,,0,""
"11k_0p35.mtx",10974,10974,0.36,428650,4,"Static+SIMD, chunk=8",2.206,75.06,312.8,4.395,94.65,0,""
"11k_0p35.mtx",10974,10974,0.36,428650,4,"Static+SIMD, chunk=16",0.125,1319.77,5499.1,0.003,99.70,0,""
"11k_0p35.mtx",10974,10974,0.36,428650,4,"Static+SIMD, chunk=32",0.123,1342.30,5592.9,0.002,99.70,0,""
"11k_0p35.mtx",10974,10974,0.36,428650,4,"Dynamic+SIMD, chunk=8",0.222,746.29,3109.6,0.003,99.46,0,""
"11k_0p35.mtx",10974,10974,0.36,428650,4,"Dynamic+SIMD, chunk=16",0.163,1015.92,4233.0,0.003,99.60,0,""
"11k_0p35.mtx",10974,10974,0.36,428650,4,"Dynamic+SIMD, chunk=32",0.190,872.89,3637.0,0.250,99.54,0,""
"11k_0p35.mtx",10974,10974,0.36,428650,4,"Guided+SIMD, chunk=8",0.121,1367.69,5698.7,0.002,99.71,0,""
"11k_0p35.mtx",10974,10974,0.36,428650,4,"Guided+SIMD, chunk=16",0.122,1357.13,5654.7,0.004,99.70,0,""
"11k_0p35.mtx",10974,10974,0.36,428650,4,"Guided+SIMD, chunk=32",0.120,1381.70,5757.1,0.003,99.71,0,""
"11k_0p35.mtx",10974,10974,0.36,428650,4,"Static+SIMD+Affinity,",0.125,1324.06,5516.9,0.001,99.70,0,""
"11k_0p35.mtx",10974,10974,0.36,428650,4,"Static+SIMD+Affinity,",7.513,22.04,91.8,3.913,81.78,0,""
"11k_0p35.mtx",10974,10974,0.36,428650,4,"Guided+SIMD+Affinity,",0.121,1373.63,5723.5,0.001,99.71,0,""
"11k_0p35.mtx",10974,10974,0.36,428650,4,"Guided+SIMD+Register,",0.119,1386.07,5775.3,0.001,99.71,0,""
"11k_0p35.mtx",10974,10974,0.36,428650,4,"Guided+SIMD+Register,",0.120,1383.99,5766.6,0.003,99.71,0,""
"11k_0p35.mtx",10974,10974,0.36,428650,4,"Static+SIMD+Register,",5.600,29.57,123.2,4.618,86.42,0,""
"11k_0p35.mtx",10974,10974,0.36,428650,4,"Static+SIMD+Register,",3.325,49.79,207.5,4.523,91.94,0,""
"11k_0p35.mtx",10974,10974,0.36,428650,4,"Task-based+SIMD",36.663,4.52,18.8,25.892,11.09,0,""
"11k_0p35.mtx",10974,10974,0.36,428650,4,"Guided+SIMD+Align+Affin,",1.033,160.23,667.6,2.648,97.49,0,""
"11k_0p35.mtx",10974,10974,0.36,428650,4,"Static+SIMD+Align+Affin,",0.123,1345.93,5608.0,0.003,99.70,0,""
"11k_0p35.mtx",10974,10974,0.36,428650,8,"Static (default)",38.240,4.47,18.6,11.742,0.00,0,""
"11k_0p35.mtx",10974,10974,0.36,428650,8,"Static, chunk=8",20.408,8.37,34.9,0.114,46.63,0,""
"11k_0p35.mtx",10974,10974,0.36,428650,8,"Static, chunk=32",20.394,8.38,34.9,0.061,46.67,0,""
"11k_0p35.mtx",10974,10974,0.36,428650,8,"Dynamic, chunk=8",20.436,8.36,34.8,0.028,46.56,0,""
"11k_0p35.mtx",10974,10974,0.36,428650,8,"Dynamic, chunk=16",20.358,8.39,35.0,0.011,46.76,0,""
"11k_0p35.mtx",10974,10974,0.36,428650,8,"Dynamic, chunk=32",28.124,6.08,25.3,9.266,26.45,0,""
"11k_0p35.mtx",10974,10974,0.36,428650,8,"Dynamic, chunk=64",22.268,7.67,32.0,3.518,41.77,0,""
"11k_0p35.mtx",10974,10974,0.36,428650,8,"Guided, chunk=8",20.361,8.39,35.0,0.037,46.75,0,""
"11k_0p35.mtx",10974,10974,0.36,428650,8,"Guided, chunk=16",20.429,8.36,34.9,0.031,46.58,0,""
"11k_0p35.mtx",10974,10974,0.36,428650,8,"Guided, chunk=32",20.467,8.35,34.8,0.011,46.48,0,""
"11k_0p35.mtx",10974,10974,0.36,428650,8,"Auto (runtime)",20.624,8.29,34.5,1.610,46.07,0,""
"11k_0p35.mtx",10974,10974,0.36,428650,8,"Static+SIMD, chunk=8",0.577,296.18,1234.1,1.929,98.49,0,""
"11k_0p35.mtx",10974,10974,0.36,428650,8,"Static+SIMD, chunk=16",0.072,2364.10,9850.4,0.003,99.81,0,""
"11k_0p35.mtx",10974,10974,0.36,428650,8,"Static+SIMD, chunk=32",0.077,2210.51,9210.5,0.004,99.80,0,""
"11k_0p35.mtx",10974,10974,0.36,428650,8,"Dynamic+SIMD, chunk=8",0.143,1192.74,4969.8,0.003,99.63,0,""
"11k_0p35.mtx",10974,10974,0.36,428650,8,"Dynamic+SIMD, chunk=16",0.093,1846.65,7694.4,0.003,99.76,0,""
"11k_0p35.mtx",10974,10974,0.36,428650,8,"Dynamic+SIMD, chunk=32",0.076,2235.41,9314.2,0.001,99.80,0,""
"11k_0p35.mtx",10974,10974,0.36,428650,8,"Guided+SIMD, chunk=8",0.069,2465.55,10273.1,0.001,99.82,0,""
"11k_0p35.mtx",10974,10974,0.36,428650,8,"Guided+SIMD, chunk=16",0.068,2515.55,10481.4,0.001,99.82,0,""
"11k_0p35.mtx",10974,10974,0.36,428650,8,"Guided+SIMD, chunk=32",0.067,2534.62,10560.9,0.002,99.82,0,""
"11k_0p35.mtx",10974,10974,0.36,428650,8,"Static+SIMD+Affinity,",0.079,2172.17,9050.7,0.005,99.79,0,""
"11k_0p35.mtx",10974,10974,0.36,428650,8,"Static+SIMD+Affinity,",0.086,1977.60,8240.0,0.013,99.77,0,""
"11k_0p35.mtx",10974,10974,0.36,428650,8,"Guided+SIMD+Affinity,",0.067,2558.31,10659.6,0.001,99.83,0,""
"11k_0p35.mtx",10974,10974,0.36,428650,8,"Guided+SIMD+Register,",0.066,2586.33,10776.4,0.001,99.83,0,""
"11k_0p35.mtx",10974,10974,0.36,428650,8,"Guided+SIMD+Register,",0.068,2525.41,10522.6,0.001,99.82,0,""
"11k_0p35.mtx",10974,10974,0.36,428650,8,"Static+SIMD+Register,",0.081,2110.73,8794.7,0.006,99.79,0,""
"11k_0p35.mtx",10974,10974,0.36,428650,8,"Static+SIMD+Register,",9.048,18.89,78.7,4.568,76.34,0,""
"11k_0p35.mtx",10974,10974,0.36,428650,8,"Task-based+SIMD",59.183,2.89,12.0,9.100,,0,""
"11k_0p35.mtx",10974,10974,0.36,428650,8,"Guided+SIMD+Align+Affin,",9.004,18.98,79.1,1.987,76.45,0,""
"11k_0p35.mtx",10974,10974,0.36,428650,8,"Static+SIMD+Align+Affin,",12.005,14.23,59.3,3.846,68.61,0,""
"11k_0p35.mtx",10974,10974,0.36,428650,12,"Static (default)",16.621,9.90,41.3,8.714,0.00,0,""
"11k_0p35.mtx",10974,10974,0.36,428650,12,"Static, chunk=8",17.376,9.47,39.5,7.330,,0,""
"11k_0p35.mtx",10974,10974,0.36,428650,12,"Static, chunk=32",13.736,11.98,49.9,0.014,17.36,0,""
"11k_0p35.mtx",10974,10974,0.36,428650,12,"Dynamic, chunk=8",32.297,5.10,21.2,5.362,,0,""
"11k_0p35.mtx",10974,10974,0.36,428650,12,"Dynamic, chunk=16",16.176,10.18,42.4,5.314,2.68,0,""
"11k_0p35.mtx",10974,10974,0.36,428650,12,"Dynamic, chunk=32",13.741,11.98,49.9,0.088,17.33,0,""
"11k_0p35.mtx",10974,10974,0.36,428650,12,"Dynamic, chunk=64",14.010,11.75,49.0,0.432,15.71,0,""
"11k_0p35.mtx",10974,10974,0.36,428650,12,"Guided, chunk=8",13.594,12.11,50.5,0.015,18.21,0,""
"11k_0p35.mtx",10974,10974,0.36,428650,12,"Guided, chunk=16",28.398,5.80,24.2,7.751,,0,""
"11k_0p35.mtx",10974,10974,0.36,428650,12,"Guided, chunk=32",36.038,4.57,19.0,4.834,,0,""
"11k_0p35.mtx",10974,10974,0.36,428650,12,"Auto (runtime)",38.807,4.24,17.7,5.728,,0,""
"11k_0p35.mtx",10974,10974,0.36,428650,12,"Static+SIMD, chunk=8",11.272,14.60,60.9,1.952,32.18,0,""
"11k_0p35.mtx",10974,10974,0.36,428650,12,"Static+SIMD, chunk=16",0.078,2110.00,8791.7,0.011,99.53,0,""
"11k_0p35.mtx",10974,10974,0.36,428650,12,"Static+SIMD, chunk=32",0.057,2866.85,11945.2,0.004,99.65,0,""
"11k_0p35.mtx",10974,10974,0.36,428650,12,"Dynamic+SIMD, chunk=8",0.143,1149.60,4790.0,0.003,99.14,0,""
"11k_0p35.mtx",10974,10974,0.36,428650,12,"Dynamic+SIMD, chunk=16",13.703,12.01,50.1,7.185,17.56,0,""
"11k_0p35.mtx",10974,10974,0.36,428650,12,"Dynamic+SIMD, chunk=32",0.060,2733.60,11390.0,0.005,99.64,0,""
"11k_0p35.mtx",10974,10974,0.36,428650,12,"Guided+SIMD, chunk=8",0.059,2805.68,11690.3,0.001,99.65,0,""
"11k_0p35.mtx",10974,10974,0.36,428650,12,"Guided+SIMD, chunk=16",0.056,2938.67,12244.4,0.001,99.66,0,""
"11k_0p35.mtx",10974,10974,0.36,428650,12,"Guided+SIMD, chunk=32",0.053,3110.07,12958.6,0.001,99.68,0,""
"11k_0p35.mtx",10974,10974,0.36,428650,12,"Static+SIMD+Affinity,",0.071,2307.31,9613.8,0.007,99.57,0,""
"11k_0p35.mtx",10974,10974,0.36,428650,12,"Static+SIMD+Affinity,",0.775,212.38,884.9,2.421,95.34,0,""
"11k_0p35.mtx",10974,10974,0.36,428650,12,"Guided+SIMD+Affinity,",0.053,3124.70,13019.6,0.001,99.68,0,""
"11k_0p35.mtx",10974,10974,0.36,428650,12,"Guided+SIMD+Register,",0.052,3152.37,13134.9,0.001,99.69,0,""
"11k_0p35.mtx",10974,10974,0.36,428650,12,"Guided+SIMD+Register,",0.055,2976.14,12400.6,0.001,99.67,0,""
"11k_0p35.mtx",10974,10974,0.36,428650,12,"Static+SIMD+Register,",0.052,3141.72,13090.5,0.002,99.68,0,""
"11k_0p35.mtx",10974,10974,0.36,428650,12,"Static+SIMD+Register,",0.078,2100.38,8751.6,0.060,99.53,0,""
"11k_0p35.mtx",10974,10974,0.36,428650,12,"Task-based+SIMD",71.080,2.32,9.6,9.984,,0,""
"11k_0p35.mtx",10974,10974,0.36,428650,12,"Guided+SIMD+Align+Affin,",0.050,3288.19,13700.8,0.001,99.70,0,""
"11k_0p35.mtx",10974,10974,0.36,428650,12,"Static+SIMD+Align+Affin,",0.057,2894.29,12059.6,0.004,99.66,0,""
"11k_0p35.mtx",10974,10974,0.36,428650,16,"Static (default)",29.666,5.78,24.1,3.379,0.00,0,""
"11k_0p35.mtx",10974,10974,0.36,428650,16,"Static, chunk=8",29.738,5.76,24.0,7.465,,0,""
"11k_0p35.mtx",10974,10974,0.36,428650,16,"Static, chunk=32",27.889,6.15,25.6,4.580,5.99,0,""
"11k_0p35.mtx",10974,10974,0.36,428650,16,"Dynamic, chunk=8",24.116,7.11,29.6,6.972,18.71,0,""
"11k_0p35.mtx",10974,10974,0.36,428650,16,"Dynamic, chunk=16",26.806,6.39,26.6,4.999,9.64,0,""
"11k_0p35.mtx",10974,10974,0.36,428650,16,"Dynamic, chunk=32",26.921,6.37,26.5,5.358,9.25,0,""
"11k_0p35.mtx",10974,10974,0.36,428650,16,"Dynamic, chunk=64",29.482,5.81,24.2,4.384,0.62,0,""
"11k_0p35.mtx",10974,10974,0.36,428650,16,"Guided, chunk=8",29.662,5.78,24.1,4.847,0.01,0,""
"11k_0p35.mtx",10974,10974,0.36,428650,16,"Guided, chunk=16",29.459,5.82,24.2,3.844,0.70,0,""
"11k_0p35.mtx",10974,10974,0.36,428650,16,"Guided, chunk=32",29.493,5.81,24.2,5.908,0.58,0,""
"11k_0p35.mtx",10974,10974,0.36,428650,16,"Auto (runtime)",28.083,6.10,25.4,2.803,5.33,0,""
"11k_0p35.mtx",10974,10974,0.36,428650,16,"Static+SIMD, chunk=8",3.562,48.12,200.5,4.181,87.99,0,""
"11k_0p35.mtx",10974,10974,0.36,428650,16,"Static+SIMD, chunk=16",0.058,2955.70,12315.4,0.006,99.80,0,""
"11k_0p35.mtx",10974,10974,0.36,428650,16,"Static+SIMD, chunk=32",0.039,4449.68,18540.3,0.001,99.87,0,""
"11k_0p35.mtx",10974,10974,0.36,428650,16,"Dynamic+SIMD, chunk=8",0.104,1643.96,6849.9,0.001,99.65,0,""
"11k_0p35.mtx",10974,10974,0.36,428650,16,"Dynamic+SIMD, chunk=16",0.056,3051.05,12712.7,0.001,99.81,0,""
"11k_0p35.mtx",10974,10974,0.36,428650,16,"Dynamic+SIMD, chunk=32",0.043,3954.48,16477.0,0.001,99.85,0,""
"11k_0p35.mtx",10974,10974,0.36,428650,16,"Guided+SIMD, chunk=8",0.050,3421.98,14258.3,0.001,99.83,0,""
"11k_0p35.mtx",10974,10974,0.36,428650,16,"Guided+SIMD, chunk=16",0.047,3668.97,15287.4,0.002,99.84,0,""
"11k_0p35.mtx",10974,10974,0.36,428650,16,"Guided+SIMD, chunk=32",0.043,3966.81,16528.4,0.001,99.85,0,""
"11k_0p35.mtx",10974,10974,0.36,428650,16,"Static+SIMD+Affinity,",0.055,3107.15,12946.5,0.006,99.81,0,""
"11k_0p35.mtx",10974,10974,0.36,428650,16,"Static+SIMD+Affinity,",0.040,4313.21,17971.7,0.002,99.87,0,""
"11k_0p35.mtx",10974,10974,0.36,428650,16,"Guided+SIMD+Affinity,",0.042,4036.39,16818.3,0.001,99.86,0,""
"11k_0p35.mtx",10974,10974,0.36,428650,16,"Guided+SIMD+Register,",0.042,4049.12,16871.4,0.001,99.86,0,""
"11k_0p35.mtx",10974,10974,0.36,428650,16,"Guided+SIMD+Register,",0.046,3715.56,15481.5,0.001,99.84,0,""
"11k_0p35.mtx",10974,10974,0.36,428650,16,"Static+SIMD+Register,",0.040,4266.44,17776.8,0.001,99.86,0,""
"11k_0p35.mtx",10974,10974,0.36,428650,16,"Static+SIMD+Register,",0.058,2934.43,12226.8,0.007,99.80,0,""
"11k_0p35.mtx",10974,10974,0.36,428650,16,"Task-based+SIMD",82.839,2.07,8.6,12.895,,0,""
"11k_0p35.mtx",10974,10974,0.36,428650,16,"Guided+SIMD+Align+Affin,",11.331,15.13,63.0,4.644,61.80,0,""
"11k_0p35.mtx",10974,10974,0.36,428650,16,"Static+SIMD+Align+Affin,",4.798,35.72,148.9,4.482,83.83,0,""
"11k_0p35.mtx",10974,10974,0.36,428650,18,"Static (default)",27.089,6.00,25.0,5.067,0.00,0,""
"11k_0p35.mtx",10974,10974,0.36,428650,18,"Static, chunk=8",22.001,7.39,30.8,7.767,18.78,0,""
"11k_0p35.mtx",10974,10974,0.36,428650,18,"Static, chunk=32",23.516,6.92,28.8,7.312,13.19,0,""
"11k_0p35.mtx",10974,10974,0.36,428650,18,"Dynamic, chunk=8",19.551,8.32,34.7,7.138,27.83,0,""
"11k_0p35.mtx",10974,10974,0.36,428650,18,"Dynamic, chunk=16",19.591,8.30,34.6,8.808,27.68,0,""
"11k_0p35.mtx",10974,10974,0.36,428650,18,"Dynamic, chunk=32",23.999,6.78,28.2,6.696,11.41,0,""
"11k_0p35.mtx",10974,10974,0.36,428650,18,"Dynamic, chunk=64",24.564,6.62,27.6,3.829,9.32,0,""
"11k_0p35.mtx",10974,10974,0.36,428650,18,"Guided, chunk=8",27.218,5.98,24.9,4.369,,0,""
"11k_0p35.mtx",10974,10974,0.36,428650,18,"Guided, chunk=16",25.826,6.30,26.2,3.735,4.66,0,""
"11k_0p35.mtx",10974,10974,0.36,428650,18,"Guided, chunk=32",24.211,6.72,28.0,4.224,10.63,0,""
"11k_0p35.mtx",10974,10974,0.36,428650,18,"Auto (runtime)",26.019,6.25,26.0,2.427,3.95,0,""
"11k_0p35.mtx",10974,10974,0.36,428650,18,"Static+SIMD, chunk=8",9.556,17.02,70.9,1.975,64.72,0,""
"11k_0p35.mtx",10974,10974,0.36,428650,18,"Static+SIMD, chunk=16",9.152,17.77,74.1,1.771,66.21,0,""
"11k_0p35.mtx",10974,10974,0.36,428650,18,"Static+SIMD, chunk=32",9.150,17.78,74.1,1.087,66.22,0,""
"11k_0p35.mtx",10974,10974,0.36,428650,18,"Dynamic+SIMD, chunk=8",8.963,18.15,75.6,1.754,66.91,0,""
"11k_0p35.mtx",10974,10974,0.36,428650,18,"Dynamic+SIMD, chunk=16",0.066,2482.04,10341.8,0.002,99.76,0,""
"11k_0p35.mtx",10974,10974,0.36,428650,18,"Dynamic+SIMD, chunk=32",0.045,3580.34,14918.1,0.002,99.83,0,""
"11k_0p35.mtx",10974,10974,0.36,428650,18,"Guided+SIMD, chunk=8",0.055,2955.64,12315.2,0.002,99.80,0,""
"11k_0p35.mtx",10974,10974,0.36,428650,18,"Guided+SIMD, chunk=16",0.051,3178.93,13245.5,0.002,99.81,0,""
"11k_0p35.mtx",10974,10974,0.36,428650,18,"Guided+SIMD, chunk=32",0.048,3380.81,14086.7,0.002,99.82,0,""
"11k_0p35.mtx",10974,10974,0.36,428650,18,"Static+SIMD+Affinity,",0.065,2496.38,10401.6,0.006,99.76,0,""
"11k_0p35.mtx",10974,10974,0.36,428650,18,"Static+SIMD+Affinity,",0.039,4204.47,17518.6,0.001,99.86,0,""
"11k_0p35.mtx",10974,10974,0.36,428650,18,"Guided+SIMD+Affinity,",0.047,3442.19,14342.5,0.002,99.83,0,""
"11k_0p35.mtx",10974,10974,0.36,428650,18,"Guided+SIMD+Register,",0.048,3398.55,14160.6,0.002,99.82,0,""
"11k_0p35.mtx",10974,10974,0.36,428650,18,"Guided+SIMD+Register,",0.051,3184.26,13267.8,0.002,99.81,0,""
"11k_0p35.mtx",10974,10974,0.36,428650,18,"Static+SIMD+Register,",0.038,4241.03,17671.0,0.001,99.86,0,""
"11k_0p35.mtx",10974,10974,0.36,428650,18,"Static+SIMD+Register,",0.058,2787.39,11614.1,0.005,99.78,0,""
"11k_0p35.mtx",10974,10974,0.36,428650,18,"Task-based+SIMD",122.665,1.33,5.5,19.624,,0,""
"11k_0p35.mtx",10974,10974,0.36,428650,18,"Guided+SIMD+Align+Affin,",4.121,39.47,164.5,4.975,84.79,0,""
"11k_0p35.mtx",10974,10974,0.36,428650,18,"Static+SIMD+Align+Affin,",0.038,4275.55,17814.8,0.001,99.86,0,""
"11k_0p35.mtx",10974,10974,0.36,428650,20,"Static (default)",27.945,5.82,24.3,5.440,0.00,0,""
"11k_0p35.mtx",10974,10974,0.36,428650,20,"Static, chunk=8",13.255,12.27,51.1,7.540,52.57,0,""
"11k_0p35.mtx",10974,10974,0.36,428650,20,"Static, chunk=32",8.524,19.08,79.5,0.007,69.50,0,""
"11k_0p35.mtx",10974,10974,0.36,428650,20,"Dynamic, chunk=8",16.270,10.00,41.7,8.320,41.78,0,""
"11k_0p35.mtx",10974,10974,0.36,428650,20,"Dynamic, chunk=16",25.637,6.35,26.4,4.585,8.26,0,""
"11k_0p35.mtx",10974,10974,0.36,428650,20,"Dynamic, chunk=32",25.077,6.49,27.0,5.901,10.27,0,""
"11k_0p35.mtx",10974,10974,0.36,428650,20,"Dynamic, chunk=64",26.423,6.16,25.7,3.928,5.45,0,""
"11k_0p35.mtx",10974,10974,0.36,428650,20,"Guided, chunk=8",25.053,6.49,27.1,6.626,10.35,0,""
"11k_0p35.mtx",10974,10974,0.36,428650,20,"Guided, chunk=16",26.107,6.23,26.0,4.673,6.58,0,""
"11k_0p35.mtx",10974,10974,0.36,428650,20,"Guided, chunk=32",20.580,7.90,32.9,8.264,26.36,0,""
"11k_0p35.mtx",10974,10974,0.36,428650,20,"Auto (runtime)",25.543,6.37,26.5,4.347,8.60,0,""
"11k_0p35.mtx",10974,10974,0.36,428650,20,"Static+SIMD, chunk=8",9.784,16.63,69.3,2.813,64.99,0,""
"11k_0p35.mtx",10974,10974,0.36,428650,20,"Static+SIMD, chunk=16",5.917,27.49,114.5,5.688,78.83,0,""
"11k_0p35.mtx",10974,10974,0.36,428650,20,"Static+SIMD, chunk=32",9.629,16.89,70.4,5.033,65.54,0,""
"11k_0p35.mtx",10974,10974,0.36,428650,20,"Dynamic+SIMD, chunk=8",0.128,1273.48,5306.2,0.003,99.54,0,""
"11k_0p35.mtx",10974,10974,0.36,428650,20,"Dynamic+SIMD, chunk=16",0.067,2418.12,10075.5,0.002,99.76,0,""
"11k_0p35.mtx",10974,10974,0.36,428650,20,"Dynamic+SIMD, chunk=32",0.045,3619.79,15082.4,0.002,99.84,0,""
"11k_0p35.mtx",10974,10974,0.36,428650,20,"Guided+SIMD, chunk=8",0.057,2868.30,11951.3,0.002,99.80,0,""
"11k_0p35.mtx",10974,10974,0.36,428650,20,"Guided+SIMD, chunk=16",0.820,198.37,826.5,2.707,97.07,0,""
"11k_0p35.mtx",10974,10974,0.36,428650,20,"Guided+SIMD, chunk=32",11.947,13.62,56.7,3.256,57.25,0,""
"11k_0p35.mtx",10974,10974,0.36,428650,20,"Static+SIMD+Affinity,",0.093,1741.54,7256.4,0.039,99.67,0,""
"11k_0p35.mtx",10974,10974,0.36,428650,20,"Static+SIMD+Affinity,",0.042,3887.19,16196.6,0.002,99.85,0,""
"11k_0p35.mtx",10974,10974,0.36,428650,20,"Guided+SIMD+Affinity,",0.054,3020.65,12586.0,0.002,99.81,0,""
"11k_0p35.mtx",10974,10974,0.36,428650,20,"Guided+SIMD+Register,",0.054,3013.19,12555.0,0.002,99.81,0,""
"11k_0p35.mtx",10974,10974,0.36,428650,20,"Guided+SIMD+Register,",0.058,2818.03,11741.8,0.003,99.79,0,""
"11k_0p35.mtx",10974,10974,0.36,428650,20,"Static+SIMD+Register,",0.042,3910.28,16292.8,0.002,99.85,0,""
"11k_0p35.mtx",10974,10974,0.36,428650,20,"Static+SIMD+Register,",0.075,2155.68,8982.0,0.010,99.73,0,""
"11k_0p35.mtx",10974,10974,0.36,428650,20,"Task-based+SIMD",146.755,1.11,4.6,21.236,,0,""
"11k_0p35.mtx",10974,10974,0.36,428650,20,"Guided+SIMD+Align+Affin,",1.222,133.12,554.7,3.280,95.63,0,""
"11k_0p35.mtx",10974,10974,0.36,428650,20,"Static+SIMD+Align+Affin,",0.047,3466.45,14443.5,0.003,99.83,0,""
"11k_0p35.mtx",10974,10974,0.36,428650,22,"Static (default)",29.900,5.52,23.0,5.877,0.00,0,""
"11k_0p35.mtx",10974,10974,0.36,428650,22,"Static, chunk=8",11.833,13.94,58.1,7.554,60.43,0,""
"11k_0p35.mtx",10974,10974,0.36,428650,22,"Static, chunk=32",23.043,7.16,29.8,5.333,22.93,0,""
"11k_0p35.mtx",10974,10974,0.36,428650,22,"Dynamic, chunk=8",24.896,6.62,27.6,3.623,16.74,0,""
"11k_0p35.mtx",10974,10974,0.36,428650,22,"Dynamic, chunk=16",19.021,8.67,36.1,7.894,36.39,0,""
"11k_0p35.mtx",10974,10974,0.36,428650,22,"Dynamic, chunk=32",20.358,8.10,33.8,3.204,31.91,0,""
"11k_0p35.mtx",10974,10974,0.36,428650,22,"Dynamic, chunk=64",22.280,7.40,30.8,2.673,25.49,0,""
"11k_0p35.mtx",10974,10974,0.36,428650,22,"Guided, chunk=8",25.100,6.57,27.4,3.714,16.06,0,""
"11k_0p35.mtx",10974,10974,0.36,428650,22,"Guided, chunk=16",15.686,10.51,43.8,8.595,47.54,0,""
"11k_0p35.mtx",10974,10974,0.36,428650,22,"Guided, chunk=32",7.641,21.58,89.9,0.008,74.44,0,""
"11k_0p35.mtx",10974,10974,0.36,428650,22,"Auto (runtime)",24.482,6.74,28.1,2.048,18.12,0,""
"11k_0p35.mtx",10974,10974,0.36,428650,22,"Static+SIMD, chunk=8",9.666,17.06,71.1,0.393,67.67,0,""
"11k_0p35.mtx",10974,10974,0.36,428650,22,"Static+SIMD, chunk=16",10.537,15.65,65.2,2.178,64.76,0,""
"11k_0p35.mtx",10974,10974,0.36,428650,22,"Static+SIMD, chunk=32",1.696,97.23,405.1,3.390,94.33,0,""
"11k_0p35.mtx",10974,10974,0.36,428650,22,"Dynamic+SIMD, chunk=8",0.131,1261.81,5257.5,0.003,99.56,0,""
"11k_0p35.mtx",10974,10974,0.36,428650,22,"Dynamic+SIMD, chunk=16",2.090,78.92,328.8,4.116,93.01,0,""
"11k_0p35.mtx",10974,10974,0.36,428650,22,"Dynamic+SIMD, chunk=32",15.510,10.63,44.3,4.482,48.13,0,""
"11k_0p35.mtx",10974,10974,0.36,428650,22,"Guided+SIMD, chunk=8",11.826,13.95,58.1,4.690,60.45,0,""
"11k_0p35.mtx",10974,10974,0.36,428650,22,"Guided+SIMD, chunk=16",11.357,14.52,60.5,2.142,62.02,0,""
"11k_0p35.mtx",10974,10974,0.36,428650,22,"Guided+SIMD, chunk=32",11.473,14.38,59.9,3.123,61.63,0,""
"11k_0p35.mtx",10974,10974,0.36,428650,22,"Static+SIMD+Affinity,",15.178,10.87,45.3,4.084,49.24,0,""
"11k_0p35.mtx",10974,10974,0.36,428650,22,"Static+SIMD+Affinity,",10.731,15.37,64.0,2.130,64.11,0,""
"11k_0p35.mtx",10974,10974,0.36,428650,22,"Guided+SIMD+Affinity,",16.058,10.27,42.8,3.633,46.30,0,""
"11k_0p35.mtx",10974,10974,0.36,428650,22,"Guided+SIMD+Register,",14.422,11.44,47.6,4.223,51.77,0,""
"11k_0p35.mtx",10974,10974,0.36,428650,22,"Guided+SIMD+Register,",0.055,3005.33,12522.2,0.002,99.82,0,""
"11k_0p35.mtx",10974,10974,0.36,428650,22,"Static+SIMD+Register,",0.045,3690.96,15379.0,0.004,99.85,0,""
"11k_0p35.mtx",10974,10974,0.36,428650,22,"Static+SIMD+Register,",0.060,2770.33,11543.0,0.006,99.80,0,""
"11k_0p35.mtx",10974,10974,0.36,428650,22,"Task-based+SIMD",117.462,1.40,5.9,29.798,,0,""
"11k_0p35.mtx",10974,10974,0.36,428650,22,"Guided+SIMD+Align+Affin,",9.313,17.71,73.8,0.893,68.85,0,""
"11k_0p35.mtx",10974,10974,0.36,428650,22,"Static+SIMD+Align+Affin,",8.817,18.70,77.9,2.467,70.51,0,""
"11k_0p35.mtx",10974,10974,0.36,428650,24,"Static (default)",24.141,6.76,28.2,4.849,0.00,0,""
"11k_0p35.mtx",10974,10974,0.36,428650,24,"Static, chunk=8",23.393,6.97,29.1,2.462,3.10,0,""
"11k_0p35.mtx",10974,10974,0.36,428650,24,"Static, chunk=32",23.709,6.88,28.7,2.640,1.79,0,""
"11k_0p35.mtx",10974,10974,0.36,428650,24,"Dynamic, chunk=8",22.221,7.34,30.6,3.397,7.96,0,""
"11k_0p35.mtx",10974,10974,0.36,428650,24,"Dynamic, chunk=16",21.948,7.43,31.0,4.060,9.09,0,""
"11k_0p35.mtx",10974,10974,0.36,428650,24,"Dynamic, chunk=32",21.960,7.43,30.9,4.191,9.03,0,""
"11k_0p35.mtx",10974,10974,0.36,428650,24,"Dynamic, chunk=64",22.340,7.30,30.4,3.392,7.46,0,""
"11k_0p35.mtx",10974,10974,0.36,428650,24,"Guided, chunk=8",22.297,7.32,30.5,3.277,7.64,0,""
"11k_0p35.mtx",10974,10974,0.36,428650,24,"Guided, chunk=16",18.630,8.75,36.5,8.659,22.83,0,""
"11k_0p35.mtx",10974,10974,0.36,428650,24,"Guided, chunk=32",22.970,7.10,29.6,3.499,4.85,0,""
"11k_0p35.mtx",10974,10974,0.36,428650,24,"Auto (runtime)",23.410,6.97,29.0,1.864,3.03,0,""
"11k_0p35.mtx",10974,10974,0.36,428650,24,"Static+SIMD, chunk=8",2.460,66.31,276.3,4.752,89.81,0,""
"11k_0p35.mtx",10974,10974,0.36,428650,24,"Static+SIMD, chunk=16",0.061,2690.30,11209.6,0.004,99.75,0,""
"11k_0p35.mtx",10974,10974,0.36,428650,24,"Static+SIMD, chunk=32",0.033,4906.79,20445.0,0.002,99.86,0,""
"11k_0p35.mtx",10974,10974,0.36,428650,24,"Dynamic+SIMD, chunk=8",0.141,1157.54,4823.1,0.004,99.42,0,""
"11k_0p35.mtx",10974,10974,0.36,428650,24,"Dynamic+SIMD, chunk=16",13.633,11.96,49.9,4.079,43.53,0,""
"11k_0p35.mtx",10974,10974,0.36,428650,24,"Dynamic+SIMD, chunk=32",0.752,216.96,904.0,2.792,96.89,0,""
"11k_0p35.mtx",10974,10974,0.36,428650,24,"Guided+SIMD, chunk=8",0.065,2514.83,10478.5,0.003,99.73,0,""
"11k_0p35.mtx",10974,10974,0.36,428650,24,"Guided+SIMD, chunk=16",0.059,2749.60,11456.7,0.003,99.75,0,""
"11k_0p35.mtx",10974,10974,0.36,428650,24,"Guided+SIMD, chunk=32",0.479,340.57,1419.1,1.984,98.02,0,""
"11k_0p35.mtx",10974,10974,0.36,428650,24,"Static+SIMD+Affinity,",4.830,33.77,140.7,6.352,79.99,0,""
"11k_0p35.mtx",10974,10974,0.36,428650,24,"Static+SIMD+Affinity,",0.033,4884.30,20351.3,0.002,99.86,0,""
"11k_0p35.mtx",10974,10974,0.36,428650,24,"Guided+SIMD+Affinity,",0.055,2967.85,12366.0,0.003,99.77,0,""
"11k_0p35.mtx",10974,10974,0.36,428650,24,"Guided+SIMD+Register,",6.571,24.82,103.4,7.203,72.78,0,""
"11k_0p35.mtx",10974,10974,0.36,428650,24,"Guided+SIMD+Register,",12.652,12.89,53.7,2.888,47.59,0,""
"11k_0p35.mtx",10974,10974,0.36,428650,24,"Static+SIMD+Register,",15.754,10.35,43.1,4.021,34.74,0,""
"11k_0p35.mtx",10974,10974,0.36,428650,24,"Static+SIMD+Register,",13.415,12.16,50.7,4.205,44.43,0,""
"11k_0p35.mtx",10974,10974,0.36,428650,24,"Task-based+SIMD",192.413,0.85,3.5,30.249,,0,""
"11k_0p35.mtx",10974,10974,0.36,428650,24,"Guided+SIMD+Align+Affin,",1.483,109.98,458.3,3.866,93.86,0,""
"11k_0p35.mtx",10974,10974,0.36,428650,24,"Static+SIMD+Align+Affin,",0.034,4763.12,19846.3,0.001,99.86,0,""
"11k_0p38.mtx",10605,10605,0.38,424587,1,"Static (default)",151.480,1.01,4.2,0.085,0.00,0,""
"11k_0p38.mtx",10605,10605,0.38,424587,1,"Static, chunk=8",155.968,0.98,4.1,13.930,,0,""
"11k_0p38.mtx",10605,10605,0.38,424587,1,"Static, chunk=32",151.455,1.01,4.2,0.274,0.02,0,""
"11k_0p38.mtx",10605,10605,0.38,424587,1,"Dynamic, chunk=8",151.584,1.01,4.2,0.415,,0,""
"11k_0p38.mtx",10605,10605,0.38,424587,1,"Dynamic, chunk=16",153.522,0.99,4.1,5.951,,0,""
"11k_0p38.mtx",10605,10605,0.38,424587,1,"Dynamic, chunk=32",151.965,1.00,4.2,2.437,,0,""
"11k_0p38.mtx",10605,10605,0.38,424587,1,"Dynamic, chunk=64",151.418,1.01,4.2,0.050,0.04,0,""
"11k_0p38.mtx",10605,10605,0.38,424587,1,"Guided, chunk=8",151.414,1.01,4.2,0.077,0.04,0,""
"11k_0p38.mtx",10605,10605,0.38,424587,1,"Guided, chunk=16",151.649,1.01,4.2,1.575,,0,""
"11k_0p38.mtx",10605,10605,0.38,424587,1,"Guided, chunk=32",151.354,1.01,4.2,0.074,0.08,0,""
"11k_0p38.mtx",10605,10605,0.38,424587,1,"Auto (runtime)",151.348,1.01,4.2,0.046,0.09,0,""
"11k_0p38.mtx",10605,10605,0.38,424587,1,"Static+SIMD, chunk=8",0.488,313.12,1304.7,0.005,99.68,0,""
"11k_0p38.mtx",10605,10605,0.38,424587,1,"Static+SIMD, chunk=16",0.482,316.77,1319.9,0.004,99.68,0,""
"11k_0p38.mtx",10605,10605,0.38,424587,1,"Static+SIMD, chunk=32",0.486,314.24,1309.3,0.008,99.68,0,""
"11k_0p38.mtx",10605,10605,0.38,424587,1,"Dynamic+SIMD, chunk=8",0.532,287.07,1196.1,0.013,99.65,0,""
"11k_0p38.mtx",10605,10605,0.38,424587,1,"Dynamic+SIMD, chunk=16",0.502,303.89,1266.2,0.006,99.67,0,""
"11k_0p38.mtx",10605,10605,0.38,424587,1,"Dynamic+SIMD, chunk=32",0.493,309.50,1289.6,0.004,99.67,0,""
"11k_0p38.mtx",10605,10605,0.38,424587,1,"Guided+SIMD, chunk=8",0.479,318.76,1328.2,0.006,99.68,0,""
"11k_0p38.mtx",10605,10605,0.38,424587,1,"Guided+SIMD, chunk=16",0.476,320.56,1335.7,0.005,99.69,0,""
"11k_0p38.mtx",10605,10605,0.38,424587,1,"Guided+SIMD, chunk=32",0.477,319.88,1332.8,0.005,99.68,0,""
"11k_0p38.mtx",10605,10605,0.38,424587,1,"Static+SIMD+Affinity,",0.481,317.28,1322.0,0.004,99.68,0,""
"11k_0p38.mtx",10605,10605,0.38,424587,1,"Static+SIMD+Affinity,",0.479,318.67,1327.8,0.005,99.68,0,""
"11k_0p38.mtx",10605,10605,0.38,424587,1,"Guided+SIMD+Affinity,",0.482,316.90,1320.4,0.006,99.68,0,""
"11k_0p38.mtx",10605,10605,0.38,424587,1,"Guided+SIMD+Register,",0.477,320.46,1335.2,0.006,99.69,0,""
"11k_0p38.mtx",10605,10605,0.38,424587,1,"Guided+SIMD+Register,",0.477,320.00,1333.3,0.007,99.68,0,""
"11k_0p38.mtx",10605,10605,0.38,424587,1,"Static+SIMD+Register,",0.477,320.29,1334.6,0.005,99.69,0,""
"11k_0p38.mtx",10605,10605,0.38,424587,1,"Static+SIMD+Register,",0.478,319.70,1332.1,0.005,99.68,0,""
"11k_0p38.mtx",10605,10605,0.38,424587,1,"Task-based+SIMD",0.640,238.68,994.5,0.006,99.58,0,""
"11k_0p38.mtx",10605,10605,0.38,424587,1,"Guided+SIMD+Align+Affin,",0.481,317.65,1323.6,0.008,99.68,0,""
"11k_0p38.mtx",10605,10605,0.38,424587,1,"Static+SIMD+Align+Affin,",0.479,318.59,1327.4,0.004,99.68,0,""
"11k_0p38.mtx",10605,10605,0.38,424587,2,"Static (default)",86.248,1.77,7.4,25.359,0.00,0,""
"11k_0p38.mtx",10605,10605,0.38,424587,2,"Static, chunk=8",75.582,2.02,8.4,0.634,12.37,0,""
"11k_0p38.mtx",10605,10605,0.38,424587,2,"Static, chunk=32",83.445,1.83,7.6,20.320,3.25,0,""
"11k_0p38.mtx",10605,10605,0.38,424587,2,"Dynamic, chunk=8",75.780,2.02,8.4,0.075,12.14,0,""
"11k_0p38.mtx",10605,10605,0.38,424587,2,"Dynamic, chunk=16",76.038,2.01,8.4,1.811,11.84,0,""
"11k_0p38.mtx",10605,10605,0.38,424587,2,"Dynamic, chunk=32",76.446,2.00,8.3,1.975,11.37,0,""
"11k_0p38.mtx",10605,10605,0.38,424587,2,"Dynamic, chunk=64",75.840,2.01,8.4,0.022,12.07,0,""
"11k_0p38.mtx",10605,10605,0.38,424587,2,"Guided, chunk=8",75.870,2.01,8.4,0.046,12.03,0,""
"11k_0p38.mtx",10605,10605,0.38,424587,2,"Guided, chunk=16",75.733,2.02,8.4,0.682,12.19,0,""
"11k_0p38.mtx",10605,10605,0.38,424587,2,"Guided, chunk=32",75.870,2.01,8.4,0.016,12.03,0,""
"11k_0p38.mtx",10605,10605,0.38,424587,2,"Auto (runtime)",75.858,2.01,8.4,0.010,12.05,0,""
"11k_0p38.mtx",10605,10605,0.38,424587,2,"Static+SIMD, chunk=8",0.260,588.30,2451.3,0.004,99.70,0,""
"11k_0p38.mtx",10605,10605,0.38,424587,2,"Static+SIMD, chunk=16",0.248,616.50,2568.7,0.003,99.71,0,""
"11k_0p38.mtx",10605,10605,0.38,424587,2,"Static+SIMD, chunk=32",0.246,621.21,2588.4,0.003,99.71,0,""
"11k_0p38.mtx",10605,10605,0.38,424587,2,"Dynamic+SIMD, chunk=8",0.306,498.87,2078.6,0.003,99.65,0,""
"11k_0p38.mtx",10605,10605,0.38,424587,2,"Dynamic+SIMD, chunk=16",0.274,557.64,2323.5,0.005,99.68,0,""
"11k_0p38.mtx",10605,10605,0.38,424587,2,"Dynamic+SIMD, chunk=32",0.258,592.61,2469.2,0.003,99.70,0,""
"11k_0p38.mtx",10605,10605,0.38,424587,2,"Guided+SIMD, chunk=8",0.239,639.16,2663.2,0.003,99.72,0,""
"11k_0p38.mtx",10605,10605,0.38,424587,2,"Guided+SIMD, chunk=16",0.239,638.71,2661.3,0.003,99.72,0,""
"11k_0p38.mtx",10605,10605,0.38,424587,2,"Guided+SIMD, chunk=32",0.239,638.11,2658.8,0.003,99.72,0,""
"11k_0p38.mtx",10605,10605,0.38,424587,2,"Static+SIMD+Affinity,",0.247,618.80,2578.3,0.003,99.71,0,""
"11k_0p38.mtx",10605,10605,0.38,424587,2,"Static+SIMD+Affinity,",0.245,623.27,2596.9,0.003,99.72,0,""
"11k_0p38.mtx",10605,10605,0.38,424587,2,"Guided+SIMD+Affinity,",0.241,634.79,2645.0,0.004,99.72,0,""
"11k_0p38.mtx",10605,10605,0.38,424587,2,"Guided+SIMD+Register,",0.238,640.85,2670.2,0.003,99.72,0,""
"11k_0p38.mtx",10605,10605,0.38,424587,2,"Guided+SIMD+Register,",0.238,641.31,2672.1,0.003,99.72,0,""
"11k_0p38.mtx",10605,10605,0.38,424587,2,"Static+SIMD+Register,",0.244,626.30,2609.6,0.003,99.72,0,""
"11k_0p38.mtx",10605,10605,0.38,424587,2,"Static+SIMD+Register,",0.246,620.13,2583.9,0.004,99.71,0,""
"11k_0p38.mtx",10605,10605,0.38,424587,2,"Task-based+SIMD",6.452,23.67,98.6,0.601,92.52,0,""
"11k_0p38.mtx",10605,10605,0.38,424587,2,"Guided+SIMD+Align+Affin,",0.239,638.56,2660.7,0.003,99.72,0,""
"11k_0p38.mtx",10605,10605,0.38,424587,2,"Static+SIMD+Align+Affin,",0.246,620.32,2584.7,0.004,99.71,0,""
"11k_0p38.mtx",10605,10605,0.38,424587,4,"Static (default)",37.854,4.02,16.7,0.023,0.00,0,""
"11k_0p38.mtx",10605,10605,0.38,424587,4,"Static, chunk=8",65.752,2.31,9.6,18.843,,0,""
"11k_0p38.mtx",10605,10605,0.38,424587,4,"Static, chunk=32",44.992,3.38,14.1,13.476,,0,""
"11k_0p38.mtx",10605,10605,0.38,424587,4,"Dynamic, chunk=8",37.951,4.01,16.7,0.017,,0,""
"11k_0p38.mtx",10605,10605,0.38,424587,4,"Dynamic, chunk=16",39.256,3.87,16.1,2.121,,0,""
"11k_0p38.mtx",10605,10605,0.38,424587,4,"Dynamic, chunk=32",37.915,4.01,16.7,0.012,,0,""
"11k_0p38.mtx",10605,10605,0.38,424587,4,"Dynamic, chunk=64",41.683,3.65,15.2,4.895,,0,""
"11k_0p38.mtx",10605,10605,0.38,424587,4,"Guided, chunk=8",37.881,4.01,16.7,0.017,,0,""
"11k_0p38.mtx",10605,10605,0.38,424587,4,"Guided, chunk=16",37.920,4.01,16.7,0.101,,0,""
"11k_0p38.mtx",10605,10605,0.38,424587,4,"Guided, chunk=32",37.919,4.01,16.7,0.101,,0,""
"11k_0p38.mtx",10605,10605,0.38,424587,4,"Auto (runtime)",37.871,4.01,16.7,0.012,,0,""
"11k_0p38.mtx",10605,10605,0.38,424587,4,"Static+SIMD, chunk=8",0.134,1131.04,4712.7,0.003,99.64,0,""
"11k_0p38.mtx",10605,10605,0.38,424587,4,"Static+SIMD, chunk=16",0.128,1186.45,4943.6,0.002,99.66,0,""
"11k_0p38.mtx",10605,10605,0.38,424587,4,"Static+SIMD, chunk=32",0.128,1191.83,4966.0,0.002,99.66,0,""
"11k_0p38.mtx",10605,10605,0.38,424587,4,"Dynamic+SIMD, chunk=8",0.174,873.11,3638.0,0.002,99.54,0,""
"11k_0p38.mtx",10605,10605,0.38,424587,4,"Dynamic+SIMD, chunk=16",0.146,1040.24,4334.3,0.002,99.61,0,""
"11k_0p38.mtx",10605,10605,0.38,424587,4,"Dynamic+SIMD, chunk=32",0.134,1132.44,4718.5,0.003,99.65,0,""
"11k_0p38.mtx",10605,10605,0.38,424587,4,"Guided+SIMD, chunk=8",0.124,1230.27,5126.1,0.003,99.67,0,""
"11k_0p38.mtx",10605,10605,0.38,424587,4,"Guided+SIMD, chunk=16",0.122,1241.52,5173.0,0.003,99.68,0,""
"11k_0p38.mtx",10605,10605,0.38,424587,4,"Guided+SIMD, chunk=32",0.121,1254.52,5227.2,0.001,99.68,0,""
"11k_0p38.mtx",10605,10605,0.38,424587,4,"Static+SIMD+Affinity,",0.127,1194.02,4975.1,0.001,99.66,0,""
"11k_0p38.mtx",10605,10605,0.38,424587,4,"Static+SIMD+Affinity,",0.127,1201.08,5004.5,0.002,99.67,0,""
"11k_0p38.mtx",10605,10605,0.38,424587,4,"Guided+SIMD+Affinity,",0.122,1250.41,5210.1,0.000,99.68,0,""
"11k_0p38.mtx",10605,10605,0.38,424587,4,"Guided+SIMD+Register,",0.123,1232.92,5137.2,0.004,99.67,0,""
"11k_0p38.mtx",10605,10605,0.38,424587,4,"Guided+SIMD+Register,",0.123,1236.48,5152.0,0.004,99.68,0,""
"11k_0p38.mtx",10605,10605,0.38,424587,4,"Static+SIMD+Register,",0.126,1205.68,5023.7,0.002,99.67,0,""
"11k_0p38.mtx",10605,10605,0.38,424587,4,"Static+SIMD+Register,",0.128,1189.09,4954.6,0.003,99.66,0,""
"11k_0p38.mtx",10605,10605,0.38,424587,4,"Task-based+SIMD",26.083,5.83,24.3,7.988,31.10,0,""
"11k_0p38.mtx",10605,10605,0.38,424587,4,"Guided+SIMD+Align+Affin,",12.700,11.97,49.9,4.470,66.45,0,""
"11k_0p38.mtx",10605,10605,0.38,424587,4,"Static+SIMD+Align+Affin,",3.389,44.87,187.0,4.959,91.05,0,""
"11k_0p38.mtx",10605,10605,0.38,424587,8,"Static (default)",48.927,3.10,12.9,1.920,0.00,0,""
"11k_0p38.mtx",10605,10605,0.38,424587,8,"Static, chunk=8",46.318,3.28,13.7,5.121,5.33,0,""
"11k_0p38.mtx",10605,10605,0.38,424587,8,"Static, chunk=32",47.607,3.19,13.3,2.170,2.70,0,""
"11k_0p38.mtx",10605,10605,0.38,424587,8,"Dynamic, chunk=8",25.219,6.02,25.1,9.408,48.46,0,""
"11k_0p38.mtx",10605,10605,0.38,424587,8,"Dynamic, chunk=16",21.705,7.00,29.2,4.745,55.64,0,""
"11k_0p38.mtx",10605,10605,0.38,424587,8,"Dynamic, chunk=32",29.135,5.21,21.7,9.515,40.45,0,""
"11k_0p38.mtx",10605,10605,0.38,424587,8,"Dynamic, chunk=64",19.596,7.75,32.3,1.220,59.95,0,""
"11k_0p38.mtx",10605,10605,0.38,424587,8,"Guided, chunk=8",19.424,7.82,32.6,2.210,60.30,0,""
"11k_0p38.mtx",10605,10605,0.38,424587,8,"Guided, chunk=16",18.998,8.00,33.3,0.008,61.17,0,""
"11k_0p38.mtx",10605,10605,0.38,424587,8,"Guided, chunk=32",21.738,6.99,29.1,6.518,55.57,0,""
"11k_0p38.mtx",10605,10605,0.38,424587,8,"Auto (runtime)",19.282,7.88,32.8,1.381,60.59,0,""
"11k_0p38.mtx",10605,10605,0.38,424587,8,"Static+SIMD, chunk=8",0.075,2038.25,8492.7,0.002,99.85,0,""
"11k_0p38.mtx",10605,10605,0.38,424587,8,"Static+SIMD, chunk=16",0.071,2143.91,8932.9,0.001,99.86,0,""
"11k_0p38.mtx",10605,10605,0.38,424587,8,"Static+SIMD, chunk=32",0.072,2113.23,8805.1,0.002,99.85,0,""
"11k_0p38.mtx",10605,10605,0.38,424587,8,"Dynamic+SIMD, chunk=8",0.161,944.83,3936.8,0.002,99.67,0,""
"11k_0p38.mtx",10605,10605,0.38,424587,8,"Dynamic+SIMD, chunk=16",0.106,1435.48,5981.2,0.002,99.78,0,""
"11k_0p38.mtx",10605,10605,0.38,424587,8,"Dynamic+SIMD, chunk=32",0.086,1772.22,7384.2,0.001,99.82,0,""
"11k_0p38.mtx",10605,10605,0.38,424587,8,"Guided+SIMD, chunk=8",0.071,2134.16,8892.3,0.001,99.85,0,""
"11k_0p38.mtx",10605,10605,0.38,424587,8,"Guided+SIMD, chunk=16",0.070,2178.86,9078.6,0.001,99.86,0,""
"11k_0p38.mtx",10605,10605,0.38,424587,8,"Guided+SIMD, chunk=32",0.070,2184.70,9102.9,0.001,99.86,0,""
"11k_0p38.mtx",10605,10605,0.38,424587,8,"Static+SIMD+Affinity,",0.071,2146.46,8943.6,0.001,99.86,0,""
"11k_0p38.mtx",10605,10605,0.38,424587,8,"Static+SIMD+Affinity,",0.071,2133.18,8888.3,0.002,99.85,0,""
"11k_0p38.mtx",10605,10605,0.38,424587,8,"Guided+SIMD+Affinity,",0.070,2157.78,8990.7,0.001,99.86,0,""
"11k_0p38.mtx",10605,10605,0.38,424587,8,"Guided+SIMD+Register,",0.070,2179.57,9081.5,0.001,99.86,0,""
"11k_0p38.mtx",10605,10605,0.38,424587,8,"Guided+SIMD+Register,",0.070,2180.22,9084.2,0.001,99.86,0,""
"11k_0p38.mtx",10605,10605,0.38,424587,8,"Static+SIMD+Register,",0.071,2133.78,8890.8,0.002,99.85,0,""
"11k_0p38.mtx",10605,10605,0.38,424587,8,"Static+SIMD+Register,",0.071,2154.30,8976.2,0.001,99.86,0,""
"11k_0p38.mtx",10605,10605,0.38,424587,8,"Task-based+SIMD",50.543,3.01,12.5,4.573,,0,""
"11k_0p38.mtx",10605,10605,0.38,424587,8,"Guided+SIMD+Align+Affin,",5.791,26.23,109.3,4.556,88.16,0,""
"11k_0p38.mtx",10605,10605,0.38,424587,8,"Static+SIMD+Align+Affin,",0.067,2257.84,9407.7,0.001,99.86,0,""
"11k_0p38.mtx",10605,10605,0.38,424587,12,"Static (default)",35.048,4.35,18.1,5.237,0.00,0,""
"11k_0p38.mtx",10605,10605,0.38,424587,12,"Static, chunk=8",32.708,4.67,19.4,3.589,6.68,0,""
"11k_0p38.mtx",10605,10605,0.38,424587,12,"Static, chunk=32",36.463,4.18,17.4,8.508,,0,""
"11k_0p38.mtx",10605,10605,0.38,424587,12,"Dynamic, chunk=8",36.475,4.18,17.4,7.269,,0,""
"11k_0p38.mtx",10605,10605,0.38,424587,12,"Dynamic, chunk=16",22.024,6.93,28.9,8.862,37.16,0,""
"11k_0p38.mtx",10605,10605,0.38,424587,12,"Dynamic, chunk=32",12.821,11.90,49.6,0.011,63.42,0,""
"11k_0p38.mtx",10605,10605,0.38,424587,12,"Dynamic, chunk=64",12.815,11.91,49.6,0.006,63.44,0,""
"11k_0p38.mtx",10605,10605,0.38,424587,12,"Guided, chunk=8",12.716,12.00,50.0,0.027,63.72,0,""
"11k_0p38.mtx",10605,10605,0.38,424587,12,"Guided, chunk=16",15.773,9.67,40.3,5.001,55.00,0,""
"11k_0p38.mtx",10605,10605,0.38,424587,12,"Guided, chunk=32",15.071,10.12,42.2,4.769,57.00,0,""
"11k_0p38.mtx",10605,10605,0.38,424587,12,"Auto (runtime)",21.182,7.20,30.0,8.886,39.56,0,""
"11k_0p38.mtx",10605,10605,0.38,424587,12,"Static+SIMD, chunk=8",0.060,2529.19,10538.3,0.003,99.83,0,""
"11k_0p38.mtx",10605,10605,0.38,424587,12,"Static+SIMD, chunk=16",0.054,2809.30,11705.4,0.001,99.85,0,""
"11k_0p38.mtx",10605,10605,0.38,424587,12,"Static+SIMD, chunk=32",0.054,2847.69,11865.4,0.001,99.85,0,""
"11k_0p38.mtx",10605,10605,0.38,424587,12,"Dynamic+SIMD, chunk=8",0.153,999.92,4166.3,0.004,99.56,0,""
"11k_0p38.mtx",10605,10605,0.38,424587,12,"Dynamic+SIMD, chunk=16",0.091,1676.83,6986.8,0.002,99.74,0,""
"11k_0p38.mtx",10605,10605,0.38,424587,12,"Dynamic+SIMD, chunk=32",0.068,2229.53,9289.7,0.002,99.80,0,""
"11k_0p38.mtx",10605,10605,0.38,424587,12,"Guided+SIMD, chunk=8",0.059,2591.54,10798.1,0.001,99.83,0,""
"11k_0p38.mtx",10605,10605,0.38,424587,12,"Guided+SIMD, chunk=16",0.058,2650.15,11042.3,0.002,99.84,0,""
"11k_0p38.mtx",10605,10605,0.38,424587,12,"Guided+SIMD, chunk=32",0.056,2748.66,11452.7,0.001,99.84,0,""
"11k_0p38.mtx",10605,10605,0.38,424587,12,"Static+SIMD+Affinity,",0.054,2828.04,11783.5,0.001,99.85,0,""
"11k_0p38.mtx",10605,10605,0.38,424587,12,"Static+SIMD+Affinity,",0.053,2878.36,11993.2,0.001,99.85,0,""
"11k_0p38.mtx",10605,10605,0.38,424587,12,"Guided+SIMD+Affinity,",0.056,2719.55,11331.5,0.002,99.84,0,""
"11k_0p38.mtx",10605,10605,0.38,424587,12,"Guided+SIMD+Register,",0.055,2750.44,11460.2,0.002,99.84,0,""
"11k_0p38.mtx",10605,10605,0.38,424587,12,"Guided+SIMD+Register,",0.056,2713.54,11306.4,0.001,99.84,0,""
"11k_0p38.mtx",10605,10605,0.38,424587,12,"Static+SIMD+Register,",0.053,2901.94,12091.4,0.001,99.85,0,""
"11k_0p38.mtx",10605,10605,0.38,424587,12,"Static+SIMD+Register,",0.054,2843.52,11848.0,0.001,99.85,0,""
"11k_0p38.mtx",10605,10605,0.38,424587,12,"Task-based+SIMD",68.025,2.24,9.3,8.522,,0,""
"11k_0p38.mtx",10605,10605,0.38,424587,12,"Guided+SIMD+Align+Affin,",8.931,17.08,71.2,1.586,74.52,0,""
"11k_0p38.mtx",10605,10605,0.38,424587,12,"Static+SIMD+Align+Affin,",11.123,13.72,57.2,4.070,68.26,0,""
"11k_0p38.mtx",10605,10605,0.38,424587,16,"Static (default)",28.369,5.39,22.5,5.557,0.00,0,""
"11k_0p38.mtx",10605,10605,0.38,424587,16,"Static, chunk=8",29.201,5.24,21.8,2.829,,0,""
"11k_0p38.mtx",10605,10605,0.38,424587,16,"Static, chunk=32",23.723,6.45,26.9,7.501,16.38,0,""
"11k_0p38.mtx",10605,10605,0.38,424587,16,"Dynamic, chunk=8",22.280,6.86,28.6,5.091,21.46,0,""
"11k_0p38.mtx",10605,10605,0.38,424587,16,"Dynamic, chunk=16",26.168,5.84,24.4,6.250,7.76,0,""
"11k_0p38.mtx",10605,10605,0.38,424587,16,"Dynamic, chunk=32",27.988,5.46,22.8,6.411,1.34,0,""
"11k_0p38.mtx",10605,10605,0.38,424587,16,"Dynamic, chunk=64",16.868,9.07,37.8,8.877,40.54,0,""
"11k_0p38.mtx",10605,10605,0.38,424587,16,"Guided, chunk=8",9.518,16.07,66.9,0.009,66.45,0,""
"11k_0p38.mtx",10605,10605,0.38,424587,16,"Guided, chunk=16",16.830,9.09,37.9,6.648,40.67,0,""
"11k_0p38.mtx",10605,10605,0.38,424587,16,"Guided, chunk=32",20.536,7.45,31.0,7.943,27.61,0,""
"11k_0p38.mtx",10605,10605,0.38,424587,16,"Auto (runtime)",12.483,12.25,51.0,6.678,56.00,0,""
"11k_0p38.mtx",10605,10605,0.38,424587,16,"Static+SIMD, chunk=8",0.050,3051.12,12713.0,0.002,99.82,0,""
"11k_0p38.mtx",10605,10605,0.38,424587,16,"Static+SIMD, chunk=16",0.045,3372.61,14052.5,0.001,99.84,0,""
"11k_0p38.mtx",10605,10605,0.38,424587,16,"Static+SIMD, chunk=32",0.043,3598.12,14992.1,0.001,99.85,0,""
"11k_0p38.mtx",10605,10605,0.38,424587,16,"Dynamic+SIMD, chunk=8",0.136,1126.73,4694.7,0.003,99.52,0,""
"11k_0p38.mtx",10605,10605,0.38,424587,16,"Dynamic+SIMD, chunk=16",0.080,1911.39,7964.1,0.002,99.72,0,""
"11k_0p38.mtx",10605,10605,0.38,424587,16,"Dynamic+SIMD, chunk=32",0.058,2655.56,11064.8,0.002,99.80,0,""
"11k_0p38.mtx",10605,10605,0.38,424587,16,"Guided+SIMD, chunk=8",0.055,2771.69,11548.7,0.002,99.81,0,""
"11k_0p38.mtx",10605,10605,0.38,424587,16,"Guided+SIMD, chunk=16",0.053,2892.73,12053.0,0.002,99.81,0,""
"11k_0p38.mtx",10605,10605,0.38,424587,16,"Guided+SIMD, chunk=32",0.051,3019.45,12581.0,0.002,99.82,0,""
"11k_0p38.mtx",10605,10605,0.38,424587,16,"Static+SIMD+Affinity,",0.045,3370.37,14043.2,0.001,99.84,0,""
"11k_0p38.mtx",10605,10605,0.38,424587,16,"Static+SIMD+Affinity,",0.043,3520.99,14670.8,0.002,99.85,0,""
"11k_0p38.mtx",10605,10605,0.38,424587,16,"Guided+SIMD+Affinity,",0.051,2984.32,12434.7,0.003,99.82,0,""
"11k_0p38.mtx",10605,10605,0.38,424587,16,"Guided+SIMD+Register,",0.050,3085.47,12856.1,0.002,99.83,0,""
"11k_0p38.mtx",10605,10605,0.38,424587,16,"Guided+SIMD+Register,",0.053,2869.12,11954.7,0.002,99.81,0,""
"11k_0p38.mtx",10605,10605,0.38,424587,16,"Static+SIMD+Register,",0.043,3549.84,14791.0,0.001,99.85,0,""
"11k_0p38.mtx",10605,10605,0.38,424587,16,"Static+SIMD+Register,",0.047,3226.09,13442.0,0.003,99.83,0,""
"11k_0p38.mtx",10605,10605,0.38,424587,16,"Task-based+SIMD",111.368,1.37,5.7,27.662,,0,""
"11k_0p38.mtx",10605,10605,0.38,424587,16,"Guided+SIMD+Align+Affin,",0.048,3167.48,13197.8,0.001,99.83,0,""
"11k_0p38.mtx",10605,10605,0.38,424587,16,"Static+SIMD+Align+Affin,",0.042,3618.13,15075.5,0.001,99.85,0,""
"11k_0p38.mtx",10605,10605,0.38,424587,18,"Static (default)",24.767,6.22,25.9,7.346,0.00,0,""
"11k_0p38.mtx",10605,10605,0.38,424587,18,"Static, chunk=8",8.481,18.15,75.6,0.010,65.76,0,""
"11k_0p38.mtx",10605,10605,0.38,424587,18,"Static, chunk=32",8.699,17.70,73.7,0.007,64.88,0,""
"11k_0p38.mtx",10605,10605,0.38,424587,18,"Dynamic, chunk=8",9.323,16.51,68.8,2.960,62.36,0,""
"11k_0p38.mtx",10605,10605,0.38,424587,18,"Dynamic, chunk=16",11.864,12.98,54.1,6.600,52.10,0,""
"11k_0p38.mtx",10605,10605,0.38,424587,18,"Dynamic, chunk=32",8.714,17.67,73.6,0.016,64.81,0,""
"11k_0p38.mtx",10605,10605,0.38,424587,18,"Dynamic, chunk=64",23.485,6.56,27.3,4.281,5.18,0,""
"11k_0p38.mtx",10605,10605,0.38,424587,18,"Guided, chunk=8",20.087,7.66,31.9,4.835,18.89,0,""
"11k_0p38.mtx",10605,10605,0.38,424587,18,"Guided, chunk=16",21.558,7.14,29.8,4.129,12.96,0,""
"11k_0p38.mtx",10605,10605,0.38,424587,18,"Guided, chunk=32",26.569,5.79,24.1,5.179,,0,""
"11k_0p38.mtx",10605,10605,0.38,424587,18,"Auto (runtime)",22.832,6.74,28.1,7.334,7.81,0,""
"11k_0p38.mtx",10605,10605,0.38,424587,18,"Static+SIMD, chunk=8",2.538,60.66,252.8,4.449,89.75,0,""
"11k_0p38.mtx",10605,10605,0.38,424587,18,"Static+SIMD, chunk=16",0.042,3640.75,15169.8,0.002,99.83,0,""
"11k_0p38.mtx",10605,10605,0.38,424587,18,"Static+SIMD, chunk=32",0.038,4007.01,16695.9,0.001,99.84,0,""
"11k_0p38.mtx",10605,10605,0.38,424587,18,"Dynamic+SIMD, chunk=8",0.118,1302.26,5426.1,0.002,99.52,0,""
"11k_0p38.mtx",10605,10605,0.38,424587,18,"Dynamic+SIMD, chunk=16",0.069,2236.60,9319.1,0.002,99.72,0,""
"11k_0p38.mtx",10605,10605,0.38,424587,18,"Dynamic+SIMD, chunk=32",0.051,2995.28,12480.3,0.001,99.79,0,""
"11k_0p38.mtx",10605,10605,0.38,424587,18,"Guided+SIMD, chunk=8",0.053,2898.34,12076.4,0.002,99.79,0,""
"11k_0p38.mtx",10605,10605,0.38,424587,18,"Guided+SIMD, chunk=16",0.049,3130.39,13043.3,0.002,99.80,0,""
"11k_0p38.mtx",10605,10605,0.38,424587,18,"Guided+SIMD, chunk=32",0.047,3291.29,13713.7,0.002,99.81,0,""
"11k_0p38.mtx",10605,10605,0.38,424587,18,"Static+SIMD+Affinity,",0.040,3856.17,16067.4,0.001,99.84,0,""
"11k_0p38.mtx",10605,10605,0.38,424587,18,"Static+SIMD+Affinity,",0.038,4095.25,17063.6,0.001,99.85,0,""
"11k_0p38.mtx",10605,10605,0.38,424587,18,"Guided+SIMD+Affinity,",0.047,3253.51,13556.3,0.002,99.81,0,""
"11k_0p38.mtx",10605,10605,0.38,424587,18,"Guided+SIMD+Register,",0.047,3286.29,13692.9,0.002,99.81,0,""
"11k_0p38.mtx",10605,10605,0.38,424587,18,"Guided+SIMD+Register,",0.050,3105.11,12938.0,0.002,99.80,0,""
"11k_0p38.mtx",10605,10605,0.38,424587,18,"Static+SIMD+Register,",0.037,4141.83,17257.6,0.001,99.85,0,""
"11k_0p38.mtx",10605,10605,0.38,424587,18,"Static+SIMD+Register,",0.040,3862.42,16093.4,0.001,99.84,0,""
"11k_0p38.mtx",10605,10605,0.38,424587,18,"Task-based+SIMD",137.427,1.12,4.7,35.915,,0,""
"11k_0p38.mtx",10605,10605,0.38,424587,18,"Guided+SIMD+Align+Affin,",13.125,11.73,48.9,4.196,47.01,0,""
"11k_0p38.mtx",10605,10605,0.38,424587,18,"Static+SIMD+Align+Affin,",3.210,47.96,199.8,5.602,87.04,0,""
"11k_0p38.mtx",10605,10605,0.38,424587,20,"Static (default)",19.816,7.77,32.4,7.510,0.00,0,""
"11k_0p38.mtx",10605,10605,0.38,424587,20,"Static, chunk=8",16.204,9.50,39.6,7.707,18.23,0,""
"11k_0p38.mtx",10605,10605,0.38,424587,20,"Static, chunk=32",23.282,6.61,27.6,5.038,,0,""
"11k_0p38.mtx",10605,10605,0.38,424587,20,"Dynamic, chunk=8",22.450,6.86,28.6,6.789,,0,""
"11k_0p38.mtx",10605,10605,0.38,424587,20,"Dynamic, chunk=16",23.034,6.68,27.8,7.521,,0,""
"11k_0p38.mtx",10605,10605,0.38,424587,20,"Dynamic, chunk=32",7.793,19.76,82.3,0.012,60.67,0,""
"11k_0p38.mtx",10605,10605,0.38,424587,20,"Dynamic, chunk=64",8.232,18.70,77.9,0.003,58.46,0,""
"11k_0p38.mtx",10605,10605,0.38,424587,20,"Guided, chunk=8",7.622,20.20,84.2,0.008,61.54,0,""
"11k_0p38.mtx",10605,10605,0.38,424587,20,"Guided, chunk=16",20.467,7.52,31.3,8.149,,0,""
"11k_0p38.mtx",10605,10605,0.38,424587,20,"Guided, chunk=32",24.259,6.35,26.4,5.605,,0,""
"11k_0p38.mtx",10605,10605,0.38,424587,20,"Auto (runtime)",22.723,6.78,28.2,4.663,,0,""
"11k_0p38.mtx",10605,10605,0.38,424587,20,"Static+SIMD, chunk=8",11.332,13.59,56.6,2.412,42.82,0,""
"11k_0p38.mtx",10605,10605,0.38,424587,20,"Static+SIMD, chunk=16",1.360,113.23,471.8,3.738,93.14,0,""
"11k_0p38.mtx",10605,10605,0.38,424587,20,"Static+SIMD, chunk=32",0.035,4440.57,18502.4,0.002,99.83,0,""
"11k_0p38.mtx",10605,10605,0.38,424587,20,"Dynamic+SIMD, chunk=8",0.132,1162.67,4844.5,0.002,99.33,0,""
"11k_0p38.mtx",10605,10605,0.38,424587,20,"Dynamic+SIMD, chunk=16",0.077,2010.48,8377.0,0.005,99.61,0,""
"11k_0p38.mtx",10605,10605,0.38,424587,20,"Dynamic+SIMD, chunk=32",0.051,2994.73,12478.0,0.002,99.74,0,""
"11k_0p38.mtx",10605,10605,0.38,424587,20,"Guided+SIMD, chunk=8",0.053,2884.91,12020.5,0.003,99.73,0,""
"11k_0p38.mtx",10605,10605,0.38,424587,20,"Guided+SIMD, chunk=16",3.654,42.13,175.5,4.844,81.56,0,""
"11k_0p38.mtx",10605,10605,0.38,424587,20,"Guided+SIMD, chunk=32",7.577,20.32,84.7,6.687,61.77,0,""
"11k_0p38.mtx",10605,10605,0.38,424587,20,"Static+SIMD+Affinity,",0.042,3653.52,15223.0,0.002,99.79,0,""
"11k_0p38.mtx",10605,10605,0.38,424587,20,"Static+SIMD+Affinity,",0.039,3997.45,16656.1,0.001,99.81,0,""
"11k_0p38.mtx",10605,10605,0.38,424587,20,"Guided+SIMD+Affinity,",0.050,3108.07,12950.3,0.002,99.75,0,""
"11k_0p38.mtx",10605,10605,0.38,424587,20,"Guided+SIMD+Register,",0.049,3118.88,12995.3,0.003,99.75,0,""
"11k_0p38.mtx",10605,10605,0.38,424587,20,"Guided+SIMD+Register,",0.053,2922.22,12175.9,0.002,99.73,0,""
"11k_0p38.mtx",10605,10605,0.38,424587,20,"Static+SIMD+Register,",0.038,4002.45,16676.9,0.002,99.81,0,""
"11k_0p38.mtx",10605,10605,0.38,424587,20,"Static+SIMD+Register,",0.041,3762.08,15675.3,0.001,99.79,0,""
"11k_0p38.mtx",10605,10605,0.38,424587,20,"Task-based+SIMD",128.676,1.20,5.0,23.943,,0,""
"11k_0p38.mtx",10605,10605,0.38,424587,20,"Guided+SIMD+Align+Affin,",2.700,57.02,237.6,4.774,86.37,0,""
"11k_0p38.mtx",10605,10605,0.38,424587,20,"Static+SIMD+Align+Affin,",0.036,4275.70,17815.4,0.001,99.82,0,""
"11k_0p38.mtx",10605,10605,0.38,424587,22,"Static (default)",25.580,5.94,24.7,4.185,0.00,0,""
"11k_0p38.mtx",10605,10605,0.38,424587,22,"Static, chunk=8",24.420,6.22,25.9,2.660,4.53,0,""
"11k_0p38.mtx",10605,10605,0.38,424587,22,"Static, chunk=32",23.549,6.45,26.9,6.417,7.94,0,""
"11k_0p38.mtx",10605,10605,0.38,424587,22,"Dynamic, chunk=8",23.161,6.56,27.3,4.601,9.46,0,""
"11k_0p38.mtx",10605,10605,0.38,424587,22,"Dynamic, chunk=16",26.401,5.76,24.0,4.929,,0,""
"11k_0p38.mtx",10605,10605,0.38,424587,22,"Dynamic, chunk=32",15.609,9.73,40.6,7.217,38.98,0,""
"11k_0p38.mtx",10605,10605,0.38,424587,22,"Dynamic, chunk=64",22.890,6.64,27.7,4.983,10.52,0,""
"11k_0p38.mtx",10605,10605,0.38,424587,22,"Guided, chunk=8",23.031,6.60,27.5,5.871,9.97,0,""
"11k_0p38.mtx",10605,10605,0.38,424587,22,"Guided, chunk=16",26.450,5.74,23.9,5.372,,0,""
"11k_0p38.mtx",10605,10605,0.38,424587,22,"Guided, chunk=32",24.027,6.32,26.3,6.033,6.07,0,""
"11k_0p38.mtx",10605,10605,0.38,424587,22,"Auto (runtime)",24.192,6.28,26.2,5.676,5.43,0,""
"11k_0p38.mtx",10605,10605,0.38,424587,22,"Static+SIMD, chunk=8",1.567,96.98,404.1,3.587,93.88,0,""
"11k_0p38.mtx",10605,10605,0.38,424587,22,"Static+SIMD, chunk=16",0.038,4040.18,16834.1,0.001,99.85,0,""
"11k_0p38.mtx",10605,10605,0.38,424587,22,"Static+SIMD, chunk=32",0.035,4299.54,17914.8,0.001,99.86,0,""
"11k_0p38.mtx",10605,10605,0.38,424587,22,"Dynamic+SIMD, chunk=8",0.135,1129.14,4704.8,0.004,99.47,0,""
"11k_0p38.mtx",10605,10605,0.38,424587,22,"Dynamic+SIMD, chunk=16",0.075,2025.22,8438.4,0.002,99.71,0,""
"11k_0p38.mtx",10605,10605,0.38,424587,22,"Dynamic+SIMD, chunk=32",0.052,2925.03,12187.6,0.002,99.80,0,""
"11k_0p38.mtx",10605,10605,0.38,424587,22,"Guided+SIMD, chunk=8",7.109,21.37,89.1,5.719,72.21,0,""
"11k_0p38.mtx",10605,10605,0.38,424587,22,"Guided+SIMD, chunk=16",12.143,12.51,52.1,5.698,52.53,0,""
"11k_0p38.mtx",10605,10605,0.38,424587,22,"Guided+SIMD, chunk=32",0.049,3095.52,12898.0,0.002,99.81,0,""
"11k_0p38.mtx",10605,10605,0.38,424587,22,"Static+SIMD+Affinity,",0.040,3783.80,15765.8,0.002,99.84,0,""
"11k_0p38.mtx",10605,10605,0.38,424587,22,"Static+SIMD+Affinity,",0.036,4234.84,17645.2,0.001,99.86,0,""
"11k_0p38.mtx",10605,10605,0.38,424587,22,"Guided+SIMD+Affinity,",0.048,3144.17,13100.7,0.002,99.81,0,""
"11k_0p38.mtx",10605,10605,0.38,424587,22,"Guided+SIMD+Register,",0.048,3167.35,13197.3,0.002,99.81,0,""
"11k_0p38.mtx",10605,10605,0.38,424587,22,"Guided+SIMD+Register,",0.052,2938.22,12242.6,0.002,99.80,0,""
"11k_0p38.mtx",10605,10605,0.38,424587,22,"Static+SIMD+Register,",0.038,4000.86,16670.2,0.003,99.85,0,""
"11k_0p38.mtx",10605,10605,0.38,424587,22,"Static+SIMD+Register,",0.039,3878.22,16159.3,0.002,99.85,0,""
"11k_0p38.mtx",10605,10605,0.38,424587,22,"Task-based+SIMD",164.279,0.92,3.9,34.669,,0,""
"11k_0p38.mtx",10605,10605,0.38,424587,22,"Guided+SIMD+Align+Affin,",0.048,3141.68,13090.3,0.002,99.81,0,""
"11k_0p38.mtx",10605,10605,0.38,424587,22,"Static+SIMD+Align+Affin,",0.042,3637.18,15154.9,0.006,99.84,0,""
"11k_0p38.mtx",10605,10605,0.38,424587,24,"Static (default)",23.011,6.61,27.5,3.965,0.00,0,""
"11k_0p38.mtx",10605,10605,0.38,424587,24,"Static, chunk=8",23.447,6.48,27.0,2.702,,0,""
"11k_0p38.mtx",10605,10605,0.38,424587,24,"Static, chunk=32",18.087,8.41,35.0,7.146,21.40,0,""
"11k_0p38.mtx",10605,10605,0.38,424587,24,"Dynamic, chunk=8",23.003,6.61,27.5,6.562,0.04,0,""
"11k_0p38.mtx",10605,10605,0.38,424587,24,"Dynamic, chunk=16",18.811,8.08,33.7,7.367,18.25,0,""
"11k_0p38.mtx",10605,10605,0.38,424587,24,"Dynamic, chunk=32",23.407,6.49,27.1,3.467,,0,""
"11k_0p38.mtx",10605,10605,0.38,424587,24,"Dynamic, chunk=64",23.156,6.57,27.4,3.342,,0,""
"11k_0p38.mtx",10605,10605,0.38,424587,24,"Guided, chunk=8",18.780,8.09,33.7,6.599,18.39,0,""
"11k_0p38.mtx",10605,10605,0.38,424587,24,"Guided, chunk=16",22.680,6.70,27.9,3.566,1.44,0,""
"11k_0p38.mtx",10605,10605,0.38,424587,24,"Guided, chunk=32",9.376,16.21,67.6,5.161,59.25,0,""
"11k_0p38.mtx",10605,10605,0.38,424587,24,"Auto (runtime)",6.324,24.04,100.2,0.004,72.52,0,""
"11k_0p38.mtx",10605,10605,0.38,424587,24,"Static+SIMD, chunk=8",0.042,3583.95,14933.1,0.001,99.82,0,""
"11k_0p38.mtx",10605,10605,0.38,424587,24,"Static+SIMD, chunk=16",0.038,3997.82,16657.6,0.001,99.83,0,""
"11k_0p38.mtx",10605,10605,0.38,424587,24,"Static+SIMD, chunk=32",0.035,4402.17,18342.4,0.001,99.85,0,""
"11k_0p38.mtx",10605,10605,0.38,424587,24,"Dynamic+SIMD, chunk=8",0.141,1080.20,4500.8,0.003,99.39,0,""
"11k_0p38.mtx",10605,10605,0.38,424587,24,"Dynamic+SIMD, chunk=16",0.075,2040.07,8500.3,0.002,99.68,0,""
"11k_0p38.mtx",10605,10605,0.38,424587,24,"Dynamic+SIMD, chunk=32",0.052,2945.43,12272.6,0.002,99.78,0,""
"11k_0p38.mtx",10605,10605,0.38,424587,24,"Guided+SIMD, chunk=8",0.056,2704.71,11269.6,0.002,99.76,0,""
"11k_0p38.mtx",10605,10605,0.38,424587,24,"Guided+SIMD, chunk=16",0.052,2904.62,12102.6,0.002,99.77,0,""
"11k_0p38.mtx",10605,10605,0.38,424587,24,"Guided+SIMD, chunk=32",0.047,3234.89,13478.7,0.001,99.80,0,""
"11k_0p38.mtx",10605,10605,0.38,424587,24,"Static+SIMD+Affinity,",0.037,4135.97,17233.2,0.002,99.84,0,""
"11k_0p38.mtx",10605,10605,0.38,424587,24,"Static+SIMD+Affinity,",0.033,4539.80,18915.8,0.001,99.85,0,""
"11k_0p38.mtx",10605,10605,0.38,424587,24,"Guided+SIMD+Affinity,",0.046,3282.19,13675.8,0.002,99.80,0,""
"11k_0p38.mtx",10605,10605,0.38,424587,24,"Guided+SIMD+Register,",0.047,3228.97,13454.0,0.002,99.80,0,""
"11k_0p38.mtx",10605,10605,0.38,424587,24,"Guided+SIMD+Register,",0.050,3041.92,12674.6,0.001,99.78,0,""
"11k_0p38.mtx",10605,10605,0.38,424587,24,"Static+SIMD+Register,",3.997,38.03,158.5,5.250,82.63,0,""
"11k_0p38.mtx",10605,10605,0.38,424587,24,"Static+SIMD+Register,",10.780,14.10,58.8,1.938,53.15,0,""
"11k_0p38.mtx",10605,10605,0.38,424587,24,"Task-based+SIMD",147.929,1.03,4.3,26.163,,0,""
"11k_0p38.mtx",10605,10605,0.38,424587,24,"Guided+SIMD+Align+Affin,",0.939,161.96,674.8,2.753,95.92,0,""
"11k_0p38.mtx",10605,10605,0.38,424587,24,"Static+SIMD+Align+Affin,",0.037,4161.09,17337.9,0.001,99.84,0,""
"15k_0p41.mtx",15449,15449,0.81,1930655,1,"Static (default)",333.304,0.97,4.0,28.831,0.00,0,""
"15k_0p41.mtx",15449,15449,0.81,1930655,1,"Static, chunk=8",322.081,1.01,4.2,3.082,3.37,0,""
"15k_0p41.mtx",15449,15449,0.81,1930655,1,"Static, chunk=32",321.181,1.01,4.2,0.115,3.64,0,""
"15k_0p41.mtx",15449,15449,0.81,1930655,1,"Dynamic, chunk=8",325.993,0.99,4.1,18.251,2.19,0,""
"15k_0p41.mtx",15449,15449,0.81,1930655,1,"Dynamic, chunk=16",322.184,1.01,4.2,2.474,3.34,0,""
"15k_0p41.mtx",15449,15449,0.81,1930655,1,"Dynamic, chunk=32",322.095,1.01,4.2,0.150,3.36,0,""
"15k_0p41.mtx",15449,15449,0.81,1930655,1,"Dynamic, chunk=64",333.947,0.97,4.0,28.649,,0,""
"15k_0p41.mtx",15449,15449,0.81,1930655,1,"Guided, chunk=8",321.600,1.01,4.2,1.711,3.51,0,""
"15k_0p41.mtx",15449,15449,0.81,1930655,1,"Guided, chunk=16",321.206,1.01,4.2,0.137,3.63,0,""
"15k_0p41.mtx",15449,15449,0.81,1930655,1,"Guided, chunk=32",323.787,1.00,4.2,9.113,2.86,0,""
"15k_0p41.mtx",15449,15449,0.81,1930655,1,"Auto (runtime)",321.531,1.01,4.2,1.138,3.53,0,""
"15k_0p41.mtx",15449,15449,0.81,1930655,1,"Static+SIMD, chunk=8",2.420,133.87,557.8,0.011,99.27,0,""
"15k_0p41.mtx",15449,15449,0.81,1930655,1,"Static+SIMD, chunk=16",2.409,134.47,560.3,0.009,99.28,0,""
"15k_0p41.mtx",15449,15449,0.81,1930655,1,"Static+SIMD, chunk=32",2.406,134.63,561.0,0.016,99.28,0,""
"15k_0p41.mtx",15449,15449,0.81,1930655,1,"Dynamic+SIMD, chunk=8",2.468,131.24,546.8,0.016,99.26,0,""
"15k_0p41.mtx",15449,15449,0.81,1930655,1,"Dynamic+SIMD, chunk=16",2.427,133.49,556.2,0.007,99.27,0,""
"15k_0p41.mtx",15449,15449,0.81,1930655,1,"Dynamic+SIMD, chunk=32",2.412,134.29,559.5,0.007,99.28,0,""
"15k_0p41.mtx",15449,15449,0.81,1930655,1,"Guided+SIMD, chunk=8",2.392,135.44,564.3,0.014,99.28,0,""
"15k_0p41.mtx",15449,15449,0.81,1930655,1,"Guided+SIMD, chunk=16",2.404,134.76,561.5,0.036,99.28,0,""
"15k_0p41.mtx",15449,15449,0.81,1930655,1,"Guided+SIMD, chunk=32",2.393,135.38,564.1,0.012,99.28,0,""
"15k_0p41.mtx",15449,15449,0.81,1930655,1,"Static+SIMD+Affinity,",2.391,135.49,564.5,0.012,99.28,0,""
"15k_0p41.mtx",15449,15449,0.81,1930655,1,"Static+SIMD+Affinity,",2.395,135.23,563.5,0.021,99.28,0,""
"15k_0p41.mtx",15449,15449,0.81,1930655,1,"Guided+SIMD+Affinity,",2.402,134.83,561.8,0.011,99.28,0,""
"15k_0p41.mtx",15449,15449,0.81,1930655,1,"Guided+SIMD+Register,",2.398,135.08,562.8,0.018,99.28,0,""
"15k_0p41.mtx",15449,15449,0.81,1930655,1,"Guided+SIMD+Register,",2.388,135.64,565.2,0.012,99.28,0,""
"15k_0p41.mtx",15449,15449,0.81,1930655,1,"Static+SIMD+Register,",2.394,135.33,563.9,0.011,99.28,0,""
"15k_0p41.mtx",15449,15449,0.81,1930655,1,"Static+SIMD+Register,",2.398,135.10,562.9,0.007,99.28,0,""
"15k_0p41.mtx",15449,15449,0.81,1930655,1,"Task-based+SIMD",2.655,122.02,508.4,0.017,99.20,0,""
"15k_0p41.mtx",15449,15449,0.81,1930655,1,"Guided+SIMD+Align+Affin,",2.387,135.70,565.4,0.009,99.28,0,""
"15k_0p41.mtx",15449,15449,0.81,1930655,1,"Static+SIMD+Align+Affin,",2.382,135.96,566.5,0.009,99.29,0,""
"15k_0p41.mtx",15449,15449,0.81,1930655,2,"Static (default)",171.484,1.89,7.9,32.010,0.00,0,""
"15k_0p41.mtx",15449,15449,0.81,1930655,2,"Static, chunk=8",192.505,1.69,7.0,55.382,,0,""
"15k_0p41.mtx",15449,15449,0.81,1930655,2,"Static, chunk=32",177.127,1.83,7.6,33.451,,0,""
"15k_0p41.mtx",15449,15449,0.81,1930655,2,"Dynamic, chunk=8",175.822,1.85,7.7,27.143,,0,""
"15k_0p41.mtx",15449,15449,0.81,1930655,2,"Dynamic, chunk=16",161.233,2.01,8.4,2.459,5.98,0,""
"15k_0p41.mtx",15449,15449,0.81,1930655,2,"Dynamic, chunk=32",161.742,2.01,8.4,3.239,5.68,0,""
"15k_0p41.mtx",15449,15449,0.81,1930655,2,"Dynamic, chunk=64",165.936,1.96,8.2,12.485,3.24,0,""
"15k_0p41.mtx",15449,15449,0.81,1930655,2,"Guided, chunk=8",160.570,2.02,8.4,0.064,6.36,0,""
"15k_0p41.mtx",15449,15449,0.81,1930655,2,"Guided, chunk=16",178.643,1.82,7.6,30.775,,0,""
"15k_0p41.mtx",15449,15449,0.81,1930655,2,"Guided, chunk=32",163.422,1.99,8.3,6.938,4.70,0,""
"15k_0p41.mtx",15449,15449,0.81,1930655,2,"Auto (runtime)",165.455,1.96,8.2,14.641,3.52,0,""
"15k_0p41.mtx",15449,15449,0.81,1930655,2,"Static+SIMD, chunk=8",1.257,258.41,1076.7,0.015,99.27,0,""
"15k_0p41.mtx",15449,15449,0.81,1930655,2,"Static+SIMD, chunk=16",1.225,265.11,1104.6,0.004,99.29,0,""
"15k_0p41.mtx",15449,15449,0.81,1930655,2,"Static+SIMD, chunk=32",1.219,266.49,1110.4,0.007,99.29,0,""
"15k_0p41.mtx",15449,15449,0.81,1930655,2,"Dynamic+SIMD, chunk=8",1.372,236.78,986.6,0.007,99.20,0,""
"15k_0p41.mtx",15449,15449,0.81,1930655,2,"Dynamic+SIMD, chunk=16",1.288,252.19,1050.8,0.006,99.25,0,""
"15k_0p41.mtx",15449,15449,0.81,1930655,2,"Dynamic+SIMD, chunk=32",1.251,259.68,1082.0,0.006,99.27,0,""
"15k_0p41.mtx",15449,15449,0.81,1930655,2,"Guided+SIMD, chunk=8",1.200,270.78,1128.2,0.008,99.30,0,""
"15k_0p41.mtx",15449,15449,0.81,1930655,2,"Guided+SIMD, chunk=16",1.197,271.43,1130.9,0.006,99.30,0,""
"15k_0p41.mtx",15449,15449,0.81,1930655,2,"Guided+SIMD, chunk=32",1.195,271.77,1132.4,0.005,99.30,0,""
"15k_0p41.mtx",15449,15449,0.81,1930655,2,"Static+SIMD+Affinity,",1.219,266.58,1110.8,0.007,99.29,0,""
"15k_0p41.mtx",15449,15449,0.81,1930655,2,"Static+SIMD+Affinity,",1.211,268.34,1118.1,0.005,99.29,0,""
"15k_0p41.mtx",15449,15449,0.81,1930655,2,"Guided+SIMD+Affinity,",1.208,268.94,1120.6,0.011,99.30,0,""
"15k_0p41.mtx",15449,15449,0.81,1930655,2,"Guided+SIMD+Register,",1.196,271.56,1131.5,0.005,99.30,0,""
"15k_0p41.mtx",15449,15449,0.81,1930655,2,"Guided+SIMD+Register,",1.198,271.21,1130.0,0.005,99.30,0,""
"15k_0p41.mtx",15449,15449,0.81,1930655,2,"Static+SIMD+Register,",1.213,267.71,1115.5,0.004,99.29,0,""
"15k_0p41.mtx",15449,15449,0.81,1930655,2,"Static+SIMD+Register,",1.222,265.88,1107.8,0.005,99.29,0,""
"15k_0p41.mtx",15449,15449,0.81,1930655,2,"Task-based+SIMD",12.932,25.12,104.7,4.559,92.46,0,""
"15k_0p41.mtx",15449,15449,0.81,1930655,2,"Guided+SIMD+Align+Affin,",9.714,33.45,139.4,3.835,94.34,0,""
"15k_0p41.mtx",15449,15449,0.81,1930655,2,"Static+SIMD+Align+Affin,",2.012,161.45,672.7,2.766,98.83,0,""
"15k_0p41.mtx",15449,15449,0.81,1930655,4,"Static (default)",98.235,3.42,14.2,30.403,0.00,0,""
"15k_0p41.mtx",15449,15449,0.81,1930655,4,"Static, chunk=8",105.632,3.18,13.2,34.291,,0,""
"15k_0p41.mtx",15449,15449,0.81,1930655,4,"Static, chunk=32",130.600,2.57,10.7,34.825,,0,""
"15k_0p41.mtx",15449,15449,0.81,1930655,4,"Dynamic, chunk=8",86.664,3.88,16.1,11.070,11.78,0,""
"15k_0p41.mtx",15449,15449,0.81,1930655,4,"Dynamic, chunk=16",88.930,3.78,15.7,12.860,9.47,0,""
"15k_0p41.mtx",15449,15449,0.81,1930655,4,"Dynamic, chunk=32",92.963,3.61,15.1,17.773,5.37,0,""
"15k_0p41.mtx",15449,15449,0.81,1930655,4,"Dynamic, chunk=64",104.736,3.21,13.4,26.176,,0,""
"15k_0p41.mtx",15449,15449,0.81,1930655,4,"Guided, chunk=8",99.279,3.38,14.1,21.384,,0,""
"15k_0p41.mtx",15449,15449,0.81,1930655,4,"Guided, chunk=16",91.839,3.66,15.2,21.970,6.51,0,""
"15k_0p41.mtx",15449,15449,0.81,1930655,4,"Guided, chunk=32",80.849,4.15,17.3,1.500,17.70,0,""
"15k_0p41.mtx",15449,15449,0.81,1930655,4,"Auto (runtime)",80.759,4.16,17.3,1.184,17.79,0,""
"15k_0p41.mtx",15449,15449,0.81,1930655,4,"Static+SIMD, chunk=8",0.629,534.30,2226.3,0.005,99.36,0,""
"15k_0p41.mtx",15449,15449,0.81,1930655,4,"Static+SIMD, chunk=16",0.623,539.38,2247.4,0.005,99.37,0,""
"15k_0p41.mtx",15449,15449,0.81,1930655,4,"Static+SIMD, chunk=32",0.608,552.12,2300.5,0.005,99.38,0,""
"15k_0p41.mtx",15449,15449,0.81,1930655,4,"Dynamic+SIMD, chunk=8",0.691,486.14,2025.6,0.004,99.30,0,""
"15k_0p41.mtx",15449,15449,0.81,1930655,4,"Dynamic+SIMD, chunk=16",0.647,519.45,2164.4,0.004,99.34,0,""
"15k_0p41.mtx",15449,15449,0.81,1930655,4,"Dynamic+SIMD, chunk=32",0.626,536.48,2235.3,0.005,99.36,0,""
"15k_0p41.mtx",15449,15449,0.81,1930655,4,"Guided+SIMD, chunk=8",0.599,561.19,2338.3,0.004,99.39,0,""
"15k_0p41.mtx",15449,15449,0.81,1930655,4,"Guided+SIMD, chunk=16",0.599,560.85,2336.9,0.005,99.39,0,""
"15k_0p41.mtx",15449,15449,0.81,1930655,4,"Guided+SIMD, chunk=32",0.600,559.88,2332.8,0.004,99.39,0,""
"15k_0p41.mtx",15449,15449,0.81,1930655,4,"Static+SIMD+Affinity,",0.619,542.57,2260.7,0.005,99.37,0,""
"15k_0p41.mtx",15449,15449,0.81,1930655,4,"Static+SIMD+Affinity,",0.605,555.20,2313.3,0.005,99.38,0,""
"15k_0p41.mtx",15449,15449,0.81,1930655,4,"Guided+SIMD+Affinity,",0.604,556.19,2317.4,0.004,99.39,0,""
"15k_0p41.mtx",15449,15449,0.81,1930655,4,"Guided+SIMD+Register,",0.601,559.02,2329.3,0.005,99.39,0,""
"15k_0p41.mtx",15449,15449,0.81,1930655,4,"Guided+SIMD+Register,",0.600,560.12,2333.8,0.004,99.39,0,""
"15k_0p41.mtx",15449,15449,0.81,1930655,4,"Static+SIMD+Register,",0.608,552.75,2303.1,0.005,99.38,0,""
"15k_0p41.mtx",15449,15449,0.81,1930655,4,"Static+SIMD+Register,",0.621,541.12,2254.7,0.005,99.37,0,""
"15k_0p41.mtx",15449,15449,0.81,1930655,4,"Task-based+SIMD",25.485,13.18,54.9,8.084,74.06,0,""
"15k_0p41.mtx",15449,15449,0.81,1930655,4,"Guided+SIMD+Align+Affin,",4.100,81.92,341.3,4.641,95.83,0,""
"15k_0p41.mtx",15449,15449,0.81,1930655,4,"Static+SIMD+Align+Affin,",0.605,555.40,2314.2,0.005,99.38,0,""
"15k_0p41.mtx",15449,15449,0.81,1930655,8,"Static (default)",55.207,6.47,27.0,22.054,0.00,0,""
"15k_0p41.mtx",15449,15449,0.81,1930655,8,"Static, chunk=8",40.382,8.84,36.8,0.089,26.85,0,""
"15k_0p41.mtx",15449,15449,0.81,1930655,8,"Static, chunk=32",54.836,6.51,27.1,19.720,0.67,0,""
"15k_0p41.mtx",15449,15449,0.81,1930655,8,"Dynamic, chunk=8",43.873,8.14,33.9,8.752,20.53,0,""
"15k_0p41.mtx",15449,15449,0.81,1930655,8,"Dynamic, chunk=16",40.445,8.83,36.8,0.199,26.74,0,""
"15k_0p41.mtx",15449,15449,0.81,1930655,8,"Dynamic, chunk=32",42.541,8.39,35.0,3.824,22.94,0,""
"15k_0p41.mtx",15449,15449,0.81,1930655,8,"Dynamic, chunk=64",41.994,8.50,35.4,1.816,23.93,0,""
"15k_0p41.mtx",15449,15449,0.81,1930655,8,"Guided, chunk=8",69.144,5.16,21.5,8.897,,0,""
"15k_0p41.mtx",15449,15449,0.81,1930655,8,"Guided, chunk=16",47.446,7.53,31.4,13.541,14.06,0,""
"15k_0p41.mtx",15449,15449,0.81,1930655,8,"Guided, chunk=32",45.655,7.82,32.6,10.117,17.30,0,""
"15k_0p41.mtx",15449,15449,0.81,1930655,8,"Auto (runtime)",59.602,5.99,25.0,18.793,,0,""
"15k_0p41.mtx",15449,15449,0.81,1930655,8,"Static+SIMD, chunk=8",0.324,1102.44,4593.5,0.005,99.41,0,""
"15k_0p41.mtx",15449,15449,0.81,1930655,8,"Static+SIMD, chunk=16",0.322,1107.63,4615.1,0.032,99.42,0,""
"15k_0p41.mtx",15449,15449,0.81,1930655,8,"Static+SIMD, chunk=32",0.316,1128.94,4703.9,0.012,99.43,0,""
"15k_0p41.mtx",15449,15449,0.81,1930655,8,"Dynamic+SIMD, chunk=8",5.173,69.03,287.6,5.151,90.63,0,""
"15k_0p41.mtx",15449,15449,0.81,1930655,8,"Dynamic+SIMD, chunk=16",10.320,34.60,144.2,1.629,81.31,0,""
"15k_0p41.mtx",15449,15449,0.81,1930655,8,"Dynamic+SIMD, chunk=32",11.528,30.98,129.1,2.606,79.12,0,""
"15k_0p41.mtx",15449,15449,0.81,1930655,8,"Guided+SIMD, chunk=8",13.148,27.16,113.2,3.717,76.18,0,""
"15k_0p41.mtx",15449,15449,0.81,1930655,8,"Guided+SIMD, chunk=16",11.242,31.76,132.4,1.618,79.64,0,""
"15k_0p41.mtx",15449,15449,0.81,1930655,8,"Guided+SIMD, chunk=32",11.255,31.73,132.2,2.626,79.61,0,""
"15k_0p41.mtx",15449,15449,0.81,1930655,8,"Static+SIMD+Affinity,",10.509,33.98,141.6,2.423,80.96,0,""
"15k_0p41.mtx",15449,15449,0.81,1930655,8,"Static+SIMD+Affinity,",9.996,35.72,148.9,0.997,81.89,0,""
"15k_0p41.mtx",15449,15449,0.81,1930655,8,"Guided+SIMD+Affinity,",7.225,49.43,205.9,7.182,86.91,0,""
"15k_0p41.mtx",15449,15449,0.81,1930655,8,"Guided+SIMD+Register,",0.310,1151.09,4796.2,0.005,99.44,0,""
"15k_0p41.mtx",15449,15449,0.81,1930655,8,"Guided+SIMD+Register,",1.792,199.23,830.1,4.143,96.75,0,""
"15k_0p41.mtx",15449,15449,0.81,1930655,8,"Static+SIMD+Register,",4.163,85.77,357.4,5.115,92.46,0,""
"15k_0p41.mtx",15449,15449,0.81,1930655,8,"Static+SIMD+Register,",12.142,29.41,122.5,3.413,78.01,0,""
"15k_0p41.mtx",15449,15449,0.81,1930655,8,"Task-based+SIMD",132.033,2.70,11.3,54.397,,0,""
"15k_0p41.mtx",15449,15449,0.81,1930655,8,"Guided+SIMD+Align+Affin,",9.711,36.77,153.2,2.861,82.41,0,""
"15k_0p41.mtx",15449,15449,0.81,1930655,8,"Static+SIMD+Align+Affin,",0.312,1142.88,4762.0,0.005,99.43,0,""
"15k_0p41.mtx",15449,15449,0.81,1930655,12,"Static (default)",62.598,5.17,21.6,6.541,0.00,0,""
"15k_0p41.mtx",15449,15449,0.81,1930655,12,"Static, chunk=8",52.586,6.16,25.7,17.556,15.99,0,""
"15k_0p41.mtx",15449,15449,0.81,1930655,12,"Static, chunk=32",32.057,10.10,42.1,10.348,48.79,0,""
"15k_0p41.mtx",15449,15449,0.81,1930655,12,"Dynamic, chunk=8",37.954,8.53,35.6,14.302,39.37,0,""
"15k_0p41.mtx",15449,15449,0.81,1930655,12,"Dynamic, chunk=16",37.486,8.64,36.0,15.104,40.12,0,""
"15k_0p41.mtx",15449,15449,0.81,1930655,12,"Dynamic, chunk=32",28.118,11.52,48.0,2.774,55.08,0,""
"15k_0p41.mtx",15449,15449,0.81,1930655,12,"Dynamic, chunk=64",29.355,11.03,46.0,3.470,53.11,0,""
"15k_0p41.mtx",15449,15449,0.81,1930655,12,"Guided, chunk=8",30.042,10.78,44.9,7.358,52.01,0,""
"15k_0p41.mtx",15449,15449,0.81,1930655,12,"Guided, chunk=16",31.124,10.41,43.4,9.383,50.28,0,""
"15k_0p41.mtx",15449,15449,0.81,1930655,12,"Guided, chunk=32",27.169,11.92,49.7,0.072,56.60,0,""
"15k_0p41.mtx",15449,15449,0.81,1930655,12,"Auto (runtime)",45.535,7.11,29.6,14.298,27.26,0,""
"15k_0p41.mtx",15449,15449,0.81,1930655,12,"Static+SIMD, chunk=8",0.221,1466.61,6110.9,0.005,99.65,0,""
"15k_0p41.mtx",15449,15449,0.81,1930655,12,"Static+SIMD, chunk=16",0.236,1371.72,5715.5,0.082,99.62,0,""
"15k_0p41.mtx",15449,15449,0.81,1930655,12,"Static+SIMD, chunk=32",0.213,1519.46,6331.1,0.006,99.66,0,""
"15k_0p41.mtx",15449,15449,0.81,1930655,12,"Dynamic+SIMD, chunk=8",0.323,1002.11,4175.5,0.006,99.48,0,""
"15k_0p41.mtx",15449,15449,0.81,1930655,12,"Dynamic+SIMD, chunk=16",0.246,1317.24,5488.5,0.004,99.61,0,""
"15k_0p41.mtx",15449,15449,0.81,1930655,12,"Dynamic+SIMD, chunk=32",0.226,1433.08,5971.2,0.004,99.64,0,""
"15k_0p41.mtx",15449,15449,0.81,1930655,12,"Guided+SIMD, chunk=8",0.218,1488.26,6201.1,0.006,99.65,0,""
"15k_0p41.mtx",15449,15449,0.81,1930655,12,"Guided+SIMD, chunk=16",0.213,1520.13,6333.9,0.004,99.66,0,""
"15k_0p41.mtx",15449,15449,0.81,1930655,12,"Guided+SIMD, chunk=32",0.213,1517.90,6324.6,0.005,99.66,0,""
"15k_0p41.mtx",15449,15449,0.81,1930655,12,"Static+SIMD+Affinity,",0.216,1501.12,6254.7,0.003,99.66,0,""
"15k_0p41.mtx",15449,15449,0.81,1930655,12,"Static+SIMD+Affinity,",0.211,1534.57,6394.0,0.004,99.66,0,""
"15k_0p41.mtx",15449,15449,0.81,1930655,12,"Guided+SIMD+Affinity,",0.214,1512.04,6300.2,0.004,99.66,0,""
"15k_0p41.mtx",15449,15449,0.81,1930655,12,"Guided+SIMD+Register,",0.214,1516.86,6320.2,0.004,99.66,0,""
"15k_0p41.mtx",15449,15449,0.81,1930655,12,"Guided+SIMD+Register,",0.212,1525.11,6354.6,0.004,99.66,0,""
"15k_0p41.mtx",15449,15449,0.81,1930655,12,"Static+SIMD+Register,",0.211,1531.27,6380.3,0.004,99.66,0,""
"15k_0p41.mtx",15449,15449,0.81,1930655,12,"Static+SIMD+Register,",0.218,1488.27,6201.1,0.005,99.65,0,""
"15k_0p41.mtx",15449,15449,0.81,1930655,12,"Task-based+SIMD",116.062,2.79,11.6,19.789,,0,""
"15k_0p41.mtx",15449,15449,0.81,1930655,12,"Guided+SIMD+Align+Affin,",9.819,32.98,137.4,0.022,84.31,0,""
"15k_0p41.mtx",15449,15449,0.81,1930655,12,"Static+SIMD+Align+Affin,",9.813,33.00,137.5,0.007,84.32,0,""
"15k_0p41.mtx",15449,15449,0.81,1930655,16,"Static (default)",49.691,6.53,27.2,3.008,0.00,0,""
"15k_0p41.mtx",15449,15449,0.81,1930655,16,"Static, chunk=8",46.096,7.03,29.3,6.500,7.24,0,""
"15k_0p41.mtx",15449,15449,0.81,1930655,16,"Static, chunk=32",47.621,6.81,28.4,5.970,4.17,0,""
"15k_0p41.mtx",15449,15449,0.81,1930655,16,"Dynamic, chunk=8",20.687,15.68,65.3,0.273,58.37,0,""
"15k_0p41.mtx",15449,15449,0.81,1930655,16,"Dynamic, chunk=16",20.575,15.76,65.7,0.049,58.59,0,""
"15k_0p41.mtx",15449,15449,0.81,1930655,16,"Dynamic, chunk=32",20.785,15.60,65.0,0.077,58.17,0,""
"15k_0p41.mtx",15449,15449,0.81,1930655,16,"Dynamic, chunk=64",26.390,12.29,51.2,6.174,46.89,0,""
"15k_0p41.mtx",15449,15449,0.81,1930655,16,"Guided, chunk=8",42.120,7.70,32.1,6.414,15.24,0,""
"15k_0p41.mtx",15449,15449,0.81,1930655,16,"Guided, chunk=16",43.064,7.53,31.4,5.453,13.34,0,""
"15k_0p41.mtx",15449,15449,0.81,1930655,16,"Guided, chunk=32",32.567,9.96,41.5,12.072,34.46,0,""
"15k_0p41.mtx",15449,15449,0.81,1930655,16,"Auto (runtime)",20.306,15.97,66.5,0.179,59.13,0,""
"15k_0p41.mtx",15449,15449,0.81,1930655,16,"Static+SIMD, chunk=8",0.171,1901.70,7923.7,0.005,99.66,0,""
"15k_0p41.mtx",15449,15449,0.81,1930655,16,"Static+SIMD, chunk=16",0.165,1966.87,8195.3,0.004,99.67,0,""
"15k_0p41.mtx",15449,15449,0.81,1930655,16,"Static+SIMD, chunk=32",0.161,2018.53,8410.5,0.003,99.68,0,""
"15k_0p41.mtx",15449,15449,0.81,1930655,16,"Dynamic+SIMD, chunk=8",0.232,1399.13,5829.7,0.005,99.53,0,""
"15k_0p41.mtx",15449,15449,0.81,1930655,16,"Dynamic+SIMD, chunk=16",0.183,1768.28,7367.8,0.003,99.63,0,""
"15k_0p41.mtx",15449,15449,0.81,1930655,16,"Dynamic+SIMD, chunk=32",0.172,1887.18,7863.2,0.003,99.65,0,""
"15k_0p41.mtx",15449,15449,0.81,1930655,16,"Guided+SIMD, chunk=8",0.167,1941.03,8087.6,0.004,99.66,0,""
"15k_0p41.mtx",15449,15449,0.81,1930655,16,"Guided+SIMD, chunk=16",0.165,1961.22,8171.8,0.004,99.67,0,""
"15k_0p41.mtx",15449,15449,0.81,1930655,16,"Guided+SIMD, chunk=32",0.166,1950.12,8125.5,0.004,99.67,0,""
"15k_0p41.mtx",15449,15449,0.81,1930655,16,"Static+SIMD+Affinity,",0.168,1928.86,8036.9,0.003,99.66,0,""
"15k_0p41.mtx",15449,15449,0.81,1930655,16,"Static+SIMD+Affinity,",0.163,1984.87,8270.3,0.004,99.67,0,""
"15k_0p41.mtx",15449,15449,0.81,1930655,16,"Guided+SIMD+Affinity,",0.169,1919.93,7999.7,0.004,99.66,0,""
"15k_0p41.mtx",15449,15449,0.81,1930655,16,"Guided+SIMD+Register,",0.166,1957.20,8155.0,0.004,99.67,0,""
"15k_0p41.mtx",15449,15449,0.81,1930655,16,"Guided+SIMD+Register,",0.166,1949.19,8121.6,0.004,99.67,0,""
"15k_0p41.mtx",15449,15449,0.81,1930655,16,"Static+SIMD+Register,",0.162,2002.67,8344.5,0.004,99.67,0,""
"15k_0p41.mtx",15449,15449,0.81,1930655,16,"Static+SIMD+Register,",0.167,1947.35,8114.0,0.003,99.66,0,""
"15k_0p41.mtx",15449,15449,0.81,1930655,16,"Task-based+SIMD",91.233,3.55,14.8,14.770,,0,""
"15k_0p41.mtx",15449,15449,0.81,1930655,16,"Guided+SIMD+Align+Affin,",0.160,2023.30,8430.4,0.002,99.68,0,""
"15k_0p41.mtx",15449,15449,0.81,1930655,16,"Static+SIMD+Align+Affin,",0.157,2068.96,8620.6,0.002,99.68,0,""
"15k_0p41.mtx",15449,15449,0.81,1930655,18,"Static (default)",48.539,6.74,28.1,6.871,0.00,0,""
"15k_0p41.mtx",15449,15449,0.81,1930655,18,"Static, chunk=8",44.158,7.41,30.9,6.169,9.03,0,""
"15k_0p41.mtx",15449,15449,0.81,1930655,18,"Static, chunk=32",44.391,7.38,30.7,3.146,8.55,0,""
"15k_0p41.mtx",15449,15449,0.81,1930655,18,"Dynamic, chunk=8",28.922,11.32,47.2,6.372,40.42,0,""
"15k_0p41.mtx",15449,15449,0.81,1930655,18,"Dynamic, chunk=16",21.611,15.15,63.1,5.094,55.48,0,""
"15k_0p41.mtx",15449,15449,0.81,1930655,18,"Dynamic, chunk=32",25.420,12.88,53.7,7.528,47.63,0,""
"15k_0p41.mtx",15449,15449,0.81,1930655,18,"Dynamic, chunk=64",38.191,8.57,35.7,5.287,21.32,0,""
"15k_0p41.mtx",15449,15449,0.81,1930655,18,"Guided, chunk=8",41.027,7.98,33.2,3.913,15.48,0,""
"15k_0p41.mtx",15449,15449,0.81,1930655,18,"Guided, chunk=16",43.540,7.52,31.3,4.635,10.30,0,""
"15k_0p41.mtx",15449,15449,0.81,1930655,18,"Guided, chunk=32",41.428,7.90,32.9,5.675,14.65,0,""
"15k_0p41.mtx",15449,15449,0.81,1930655,18,"Auto (runtime)",45.761,7.15,29.8,1.550,5.72,0,""
"15k_0p41.mtx",15449,15449,0.81,1930655,18,"Static+SIMD, chunk=8",11.990,27.30,113.8,2.669,75.30,0,""
"15k_0p41.mtx",15449,15449,0.81,1930655,18,"Static+SIMD, chunk=16",0.149,2194.67,9144.5,0.005,99.69,0,""
"15k_0p41.mtx",15449,15449,0.81,1930655,18,"Static+SIMD, chunk=32",6.570,49.83,207.6,4.833,86.46,0,""
"15k_0p41.mtx",15449,15449,0.81,1930655,18,"Dynamic+SIMD, chunk=8",10.874,30.11,125.4,1.834,77.60,0,""
"15k_0p41.mtx",15449,15449,0.81,1930655,18,"Dynamic+SIMD, chunk=16",1.210,270.55,1127.3,3.006,97.51,0,""
"15k_0p41.mtx",15449,15449,0.81,1930655,18,"Dynamic+SIMD, chunk=32",2.722,120.27,501.1,4.247,94.39,0,""
"15k_0p41.mtx",15449,15449,0.81,1930655,18,"Guided+SIMD, chunk=8",0.153,2139.93,8916.4,0.003,99.68,0,""
"15k_0p41.mtx",15449,15449,0.81,1930655,18,"Guided+SIMD, chunk=16",0.322,1018.25,4242.7,0.858,99.34,0,""
"15k_0p41.mtx",15449,15449,0.81,1930655,18,"Guided+SIMD, chunk=32",0.151,2168.39,9034.9,0.003,99.69,0,""
"15k_0p41.mtx",15449,15449,0.81,1930655,18,"Static+SIMD+Affinity,",3.137,104.36,434.8,4.303,93.54,0,""
"15k_0p41.mtx",15449,15449,0.81,1930655,18,"Static+SIMD+Affinity,",0.148,2205.48,9189.5,0.003,99.69,0,""
"15k_0p41.mtx",15449,15449,0.81,1930655,18,"Guided+SIMD+Affinity,",0.149,2203.38,9180.8,0.002,99.69,0,""
"15k_0p41.mtx",15449,15449,0.81,1930655,18,"Guided+SIMD+Register,",0.149,2193.05,9137.7,0.004,99.69,0,""
"15k_0p41.mtx",15449,15449,0.81,1930655,18,"Guided+SIMD+Register,",2.170,150.84,628.5,3.899,95.53,0,""
"15k_0p41.mtx",15449,15449,0.81,1930655,18,"Static+SIMD+Register,",4.926,66.46,276.9,5.202,89.85,0,""
"15k_0p41.mtx",15449,15449,0.81,1930655,18,"Static+SIMD+Register,",0.145,2259.51,9414.6,0.002,99.70,0,""
"15k_0p41.mtx",15449,15449,0.81,1930655,18,"Task-based+SIMD",132.984,2.46,10.3,32.565,,0,""
"15k_0p41.mtx",15449,15449,0.81,1930655,18,"Guided+SIMD+Align+Affin,",15.389,21.27,88.6,4.241,68.30,0,""
"15k_0p41.mtx",15449,15449,0.81,1930655,18,"Static+SIMD+Align+Affin,",12.399,26.40,110.0,2.710,74.46,0,""
"15k_0p41.mtx",15449,15449,0.81,1930655,20,"Static (default)",46.074,7.24,30.2,4.977,0.00,0,""
"15k_0p41.mtx",15449,15449,0.81,1930655,20,"Static, chunk=8",44.914,7.43,31.0,7.183,2.52,0,""
"15k_0p41.mtx",15449,15449,0.81,1930655,20,"Static, chunk=32",43.847,7.61,31.7,4.539,4.83,0,""
"15k_0p41.mtx",15449,15449,0.81,1930655,20,"Dynamic, chunk=8",42.036,7.94,33.1,4.963,8.76,0,""
"15k_0p41.mtx",15449,15449,0.81,1930655,20,"Dynamic, chunk=16",32.179,10.37,43.2,4.335,30.16,0,""
"15k_0p41.mtx",15449,15449,0.81,1930655,20,"Dynamic, chunk=32",39.194,8.52,35.5,7.165,14.93,0,""
"15k_0p41.mtx",15449,15449,0.81,1930655,20,"Dynamic, chunk=64",22.369,14.92,62.2,6.634,51.45,0,""
"15k_0p41.mtx",15449,15449,0.81,1930655,20,"Guided, chunk=8",20.151,16.56,69.0,6.103,56.26,0,""
"15k_0p41.mtx",15449,15449,0.81,1930655,20,"Guided, chunk=16",16.955,19.68,82.0,2.180,63.20,0,""
"15k_0p41.mtx",15449,15449,0.81,1930655,20,"Guided, chunk=32",38.739,8.62,35.9,5.119,15.92,0,""
"15k_0p41.mtx",15449,15449,0.81,1930655,20,"Auto (runtime)",42.256,7.90,32.9,2.123,8.28,0,""
"15k_0p41.mtx",15449,15449,0.81,1930655,20,"Static+SIMD, chunk=8",11.162,29.90,124.6,2.234,75.77,0,""
"15k_0p41.mtx",15449,15449,0.81,1930655,20,"Static+SIMD, chunk=16",11.864,28.13,117.2,2.128,74.25,0,""
"15k_0p41.mtx",15449,15449,0.81,1930655,20,"Static+SIMD, chunk=32",0.248,1345.31,5605.5,0.491,99.46,0,""
"15k_0p41.mtx",15449,15449,0.81,1930655,20,"Dynamic+SIMD, chunk=8",10.706,31.18,129.9,4.403,76.76,0,""
"15k_0p41.mtx",15449,15449,0.81,1930655,20,"Dynamic+SIMD, chunk=16",12.865,25.94,108.1,4.305,72.08,0,""
"15k_0p41.mtx",15449,15449,0.81,1930655,20,"Dynamic+SIMD, chunk=32",0.151,2213.64,9223.5,0.005,99.67,0,""
"15k_0p41.mtx",15449,15449,0.81,1930655,20,"Guided+SIMD, chunk=8",0.145,2307.29,9613.7,0.004,99.69,0,""
"15k_0p41.mtx",15449,15449,0.81,1930655,20,"Guided+SIMD, chunk=16",0.141,2364.74,9853.1,0.003,99.69,0,""
"15k_0p41.mtx",15449,15449,0.81,1930655,20,"Guided+SIMD, chunk=32",0.140,2375.59,9898.3,0.003,99.70,0,""
"15k_0p41.mtx",15449,15449,0.81,1930655,20,"Static+SIMD+Affinity,",0.134,2481.69,10340.4,0.002,99.71,0,""
"15k_0p41.mtx",15449,15449,0.81,1930655,20,"Static+SIMD+Affinity,",5.094,65.52,273.0,5.708,88.94,0,""
"15k_0p41.mtx",15449,15449,0.81,1930655,20,"Guided+SIMD+Affinity,",14.844,22.48,93.7,3.666,67.78,0,""
"15k_0p41.mtx",15449,15449,0.81,1930655,20,"Guided+SIMD+Register,",11.720,28.48,118.7,1.731,74.56,0,""
"15k_0p41.mtx",15449,15449,0.81,1930655,20,"Guided+SIMD+Register,",11.408,29.26,121.9,3.829,75.24,0,""
"15k_0p41.mtx",15449,15449,0.81,1930655,20,"Static+SIMD+Register,",3.657,91.26,380.3,5.756,92.06,0,""
"15k_0p41.mtx",15449,15449,0.81,1930655,20,"Static+SIMD+Register,",0.135,2478.83,10328.5,0.003,99.71,0,""
"15k_0p41.mtx",15449,15449,0.81,1930655,20,"Task-based+SIMD",173.483,1.92,8.0,42.869,,0,""
"15k_0p41.mtx",15449,15449,0.81,1930655,20,"Guided+SIMD+Align+Affin,",9.485,35.19,146.6,0.890,79.41,0,""
"15k_0p41.mtx",15449,15449,0.81,1930655,20,"Static+SIMD+Align+Affin,",9.146,36.49,152.1,2.236,80.15,0,""
"15k_0p41.mtx",15449,15449,0.81,1930655,22,"Static (default)",40.806,7.92,33.0,7.108,0.00,0,""
"15k_0p41.mtx",15449,15449,0.81,1930655,22,"Static, chunk=8",37.064,8.72,36.3,4.548,9.17,0,""
"15k_0p41.mtx",15449,15449,0.81,1930655,22,"Static, chunk=32",44.276,7.30,30.4,7.355,,0,""
"15k_0p41.mtx",15449,15449,0.81,1930655,22,"Dynamic, chunk=8",35.894,9.01,37.5,4.640,12.04,0,""
"15k_0p41.mtx",15449,15449,0.81,1930655,22,"Dynamic, chunk=16",24.434,13.23,55.1,9.642,40.12,0,""
"15k_0p41.mtx",15449,15449,0.81,1930655,22,"Dynamic, chunk=32",15.800,20.46,85.2,1.035,61.28,0,""
"15k_0p41.mtx",15449,15449,0.81,1930655,22,"Dynamic, chunk=64",15.669,20.63,86.0,0.817,61.60,0,""
"15k_0p41.mtx",15449,15449,0.81,1930655,22,"Guided, chunk=8",16.792,19.25,80.2,4.210,58.85,0,""
"15k_0p41.mtx",15449,15449,0.81,1930655,22,"Guided, chunk=16",14.936,21.64,90.2,0.055,63.40,0,""
"15k_0p41.mtx",15449,15449,0.81,1930655,22,"Guided, chunk=32",25.694,12.58,52.4,8.827,37.03,0,""
"15k_0p41.mtx",15449,15449,0.81,1930655,22,"Auto (runtime)",39.793,8.12,33.8,4.806,2.48,0,""
"15k_0p41.mtx",15449,15449,0.81,1930655,22,"Static+SIMD, chunk=8",10.419,31.02,129.3,1.958,74.47,0,""
"15k_0p41.mtx",15449,15449,0.81,1930655,22,"Static+SIMD, chunk=16",12.681,25.49,106.2,3.812,68.92,0,""
"15k_0p41.mtx",15449,15449,0.81,1930655,22,"Static+SIMD, chunk=32",12.066,26.79,111.6,2.665,70.43,0,""
"15k_0p41.mtx",15449,15449,0.81,1930655,22,"Dynamic+SIMD, chunk=8",8.995,35.93,149.7,7.190,77.96,0,""
"15k_0p41.mtx",15449,15449,0.81,1930655,22,"Dynamic+SIMD, chunk=16",0.173,1872.98,7804.1,0.004,99.58,0,""
"15k_0p41.mtx",15449,15449,0.81,1930655,22,"Dynamic+SIMD, chunk=32",13.433,24.06,100.3,3.579,67.08,0,""
"15k_0p41.mtx",15449,15449,0.81,1930655,22,"Guided+SIMD, chunk=8",4.244,76.17,317.4,6.699,89.60,0,""
"15k_0p41.mtx",15449,15449,0.81,1930655,22,"Guided+SIMD, chunk=16",0.134,2415.52,10064.7,0.003,99.67,0,""
"15k_0p41.mtx",15449,15449,0.81,1930655,22,"Guided+SIMD, chunk=32",4.512,71.64,298.5,5.809,88.94,0,""
"15k_0p41.mtx",15449,15449,0.81,1930655,22,"Static+SIMD+Affinity,",17.083,18.92,78.8,4.491,58.14,0,""
"15k_0p41.mtx",15449,15449,0.81,1930655,22,"Static+SIMD+Affinity,",1.435,225.33,938.9,3.447,96.48,0,""
"15k_0p41.mtx",15449,15449,0.81,1930655,22,"Guided+SIMD+Affinity,",0.128,2523.71,10515.5,0.002,99.69,0,""
"15k_0p41.mtx",15449,15449,0.81,1930655,22,"Guided+SIMD+Register,",0.126,2559.02,10662.6,0.002,99.69,0,""
"15k_0p41.mtx",15449,15449,0.81,1930655,22,"Guided+SIMD+Register,",0.129,2503.56,10431.5,0.005,99.68,0,""
"15k_0p41.mtx",15449,15449,0.81,1930655,22,"Static+SIMD+Register,",0.115,2800.85,11670.2,0.001,99.72,0,""
"15k_0p41.mtx",15449,15449,0.81,1930655,22,"Static+SIMD+Register,",0.117,2757.24,11488.5,0.002,99.71,0,""
"15k_0p41.mtx",15449,15449,0.81,1930655,22,"Task-based+SIMD",214.984,1.50,6.3,42.840,,0,""
"15k_0p41.mtx",15449,15449,0.81,1930655,22,"Guided+SIMD+Align+Affin,",0.134,2412.43,10051.8,0.005,99.67,0,""
"15k_0p41.mtx",15449,15449,0.81,1930655,22,"Static+SIMD+Align+Affin,",0.126,2567.13,10696.4,0.003,99.69,0,""
"15k_0p41.mtx",15449,15449,0.81,1930655,24,"Static (default)",19.059,16.98,70.7,9.417,0.00,0,""
"15k_0p41.mtx",15449,15449,0.81,1930655,24,"Static, chunk=8",31.010,10.43,43.5,7.767,,0,""
"15k_0p41.mtx",15449,15449,0.81,1930655,24,"Static, chunk=32",16.370,19.77,82.4,5.546,14.11,0,""
"15k_0p41.mtx",15449,15449,0.81,1930655,24,"Dynamic, chunk=8",27.829,11.63,48.4,5.015,,0,""
"15k_0p41.mtx",15449,15449,0.81,1930655,24,"Dynamic, chunk=16",25.777,12.55,52.3,5.549,,0,""
"15k_0p41.mtx",15449,15449,0.81,1930655,24,"Dynamic, chunk=32",30.038,10.77,44.9,5.253,,0,""
"15k_0p41.mtx",15449,15449,0.81,1930655,24,"Dynamic, chunk=64",17.744,18.24,76.0,5.907,6.90,0,""
"15k_0p41.mtx",15449,15449,0.81,1930655,24,"Guided, chunk=8",21.567,15.00,62.5,9.071,,0,""
"15k_0p41.mtx",15449,15449,0.81,1930655,24,"Guided, chunk=16",31.951,10.13,42.2,5.211,,0,""
"15k_0p41.mtx",15449,15449,0.81,1930655,24,"Guided, chunk=32",35.194,9.19,38.3,5.682,,0,""
"15k_0p41.mtx",15449,15449,0.81,1930655,24,"Auto (runtime)",37.329,8.67,36.1,3.762,,0,""
"15k_0p41.mtx",15449,15449,0.81,1930655,24,"Static+SIMD, chunk=8",11.961,27.05,112.7,2.137,37.24,0,""
"15k_0p41.mtx",15449,15449,0.81,1930655,24,"Static+SIMD, chunk=16",11.789,27.45,114.4,1.530,38.14,0,""
"15k_0p41.mtx",15449,15449,0.81,1930655,24,"Static+SIMD, chunk=32",11.148,29.02,120.9,2.589,41.51,0,""
"15k_0p41.mtx",15449,15449,0.81,1930655,24,"Dynamic+SIMD, chunk=8",1.287,251.48,1047.8,2.802,93.25,0,""
"15k_0p41.mtx",15449,15449,0.81,1930655,24,"Dynamic+SIMD, chunk=16",13.772,23.50,97.9,6.782,27.74,0,""
"15k_0p41.mtx",15449,15449,0.81,1930655,24,"Dynamic+SIMD, chunk=32",5.255,61.57,256.6,7.261,72.43,0,""
"15k_0p41.mtx",15449,15449,0.81,1930655,24,"Guided+SIMD, chunk=8",0.127,2557.54,10656.4,0.003,99.34,0,""
"15k_0p41.mtx",15449,15449,0.81,1930655,24,"Guided+SIMD, chunk=16",0.122,2645.55,11023.1,0.003,99.36,0,""
"15k_0p41.mtx",15449,15449,0.81,1930655,24,"Guided+SIMD, chunk=32",0.119,2712.69,11302.9,0.002,99.37,0,""
"15k_0p41.mtx",15449,15449,0.81,1930655,24,"Static+SIMD+Affinity,",0.116,2800.01,11666.7,0.001,99.39,0,""
"15k_0p41.mtx",15449,15449,0.81,1930655,24,"Static+SIMD+Affinity,",0.114,2830.08,11792.0,0.001,99.40,0,""
"15k_0p41.mtx",15449,15449,0.81,1930655,24,"Guided+SIMD+Affinity,",0.120,2687.40,11197.5,0.004,99.37,0,""
"15k_0p41.mtx",15449,15449,0.81,1930655,24,"Guided+SIMD+Register,",0.119,2709.74,11290.6,0.003,99.37,0,""
"15k_0p41.mtx",15449,15449,0.81,1930655,24,"Guided+SIMD+Register,",0.122,2650.69,11044.5,0.003,99.36,0,""
"15k_0p41.mtx",15449,15449,0.81,1930655,24,"Static+SIMD+Register,",0.114,2830.65,11794.4,0.001,99.40,0,""
"15k_0p41.mtx",15449,15449,0.81,1930655,24,"Static+SIMD+Register,",0.115,2818.85,11745.2,0.001,99.40,0,""
"15k_0p41.mtx",15449,15449,0.81,1930655,24,"Task-based+SIMD",262.725,1.23,5.1,37.380,,0,""
"15k_0p41.mtx",15449,15449,0.81,1930655,24,"Guided+SIMD+Align+Affin,",7.470,43.32,180.5,5.444,60.80,0,""
"15k_0p41.mtx",15449,15449,0.81,1930655,24,"Static+SIMD+Align+Affin,",0.117,2773.53,11556.4,0.002,99.39,0,""
"20k_0p38.mtx",20374,20374,0.38,1584269,1,"Static (default)",563.010,1.05,4.4,12.947,0.00,0,""
"20k_0p38.mtx",20374,20374,0.38,1584269,1,"Static, chunk=8",572.018,1.04,4.3,30.796,,0,""
"20k_0p38.mtx",20374,20374,0.38,1584269,1,"Static, chunk=32",566.265,1.05,4.4,17.727,,0,""
"20k_0p38.mtx",20374,20374,0.38,1584269,1,"Dynamic, chunk=8",558.637,1.06,4.4,0.477,0.78,0,""
"20k_0p38.mtx",20374,20374,0.38,1584269,1,"Dynamic, chunk=16",560.270,1.06,4.4,4.660,0.49,0,""
"20k_0p38.mtx",20374,20374,0.38,1584269,1,"Dynamic, chunk=32",585.603,1.01,4.2,49.075,,0,""
"20k_0p38.mtx",20374,20374,0.38,1584269,1,"Dynamic, chunk=64",576.186,1.03,4.3,55.018,,0,""
"20k_0p38.mtx",20374,20374,0.38,1584269,1,"Guided, chunk=8",572.130,1.04,4.3,33.442,,0,""
"20k_0p38.mtx",20374,20374,0.38,1584269,1,"Guided, chunk=16",560.000,1.06,4.4,0.622,0.53,0,""
"20k_0p38.mtx",20374,20374,0.38,1584269,1,"Guided, chunk=32",560.304,1.06,4.4,1.875,0.48,0,""
"20k_0p38.mtx",20374,20374,0.38,1584269,1,"Auto (runtime)",569.896,1.04,4.3,25.126,,0,""
"20k_0p38.mtx",20374,20374,0.38,1584269,1,"Static+SIMD, chunk=8",1.885,314.26,1309.4,0.035,99.67,0,""
"20k_0p38.mtx",20374,20374,0.38,1584269,1,"Static+SIMD, chunk=16",1.845,321.02,1337.6,0.008,99.67,0,""
"20k_0p38.mtx",20374,20374,0.38,1584269,1,"Static+SIMD, chunk=32",1.847,320.65,1336.0,0.012,99.67,0,""
"20k_0p38.mtx",20374,20374,0.38,1584269,1,"Dynamic+SIMD, chunk=8",1.935,306.16,1275.7,0.010,99.66,0,""
"20k_0p38.mtx",20374,20374,0.38,1584269,1,"Dynamic+SIMD, chunk=16",1.893,312.99,1304.1,0.009,99.66,0,""
"20k_0p38.mtx",20374,20374,0.38,1584269,1,"Dynamic+SIMD, chunk=32",1.874,316.15,1317.3,0.010,99.67,0,""
"20k_0p38.mtx",20374,20374,0.38,1584269,1,"Guided+SIMD, chunk=8",1.830,323.72,1348.8,0.012,99.67,0,""
"20k_0p38.mtx",20374,20374,0.38,1584269,1,"Guided+SIMD, chunk=16",1.828,324.07,1350.3,0.012,99.68,0,""
"20k_0p38.mtx",20374,20374,0.38,1584269,1,"Guided+SIMD, chunk=32",1.826,324.37,1351.6,0.008,99.68,0,""
"20k_0p38.mtx",20374,20374,0.38,1584269,1,"Static+SIMD+Affinity,",1.837,322.47,1343.6,0.011,99.67,0,""
"20k_0p38.mtx",20374,20374,0.38,1584269,1,"Static+SIMD+Affinity,",1.837,322.49,1343.7,0.011,99.67,0,""
"20k_0p38.mtx",20374,20374,0.38,1584269,1,"Guided+SIMD+Affinity,",1.848,320.60,1335.8,0.012,99.67,0,""
"20k_0p38.mtx",20374,20374,0.38,1584269,1,"Guided+SIMD+Register,",1.820,325.48,1356.2,0.018,99.68,0,""
"20k_0p38.mtx",20374,20374,0.38,1584269,1,"Guided+SIMD+Register,",1.814,326.51,1360.5,0.009,99.68,0,""
"20k_0p38.mtx",20374,20374,0.38,1584269,1,"Static+SIMD+Register,",1.822,325.04,1354.3,0.009,99.68,0,""
"20k_0p38.mtx",20374,20374,0.38,1584269,1,"Static+SIMD+Register,",1.829,323.81,1349.2,0.013,99.68,0,""
"20k_0p38.mtx",20374,20374,0.38,1584269,1,"Task-based+SIMD",2.162,273.97,1141.6,0.023,99.62,0,""
"20k_0p38.mtx",20374,20374,0.38,1584269,1,"Guided+SIMD+Align+Affin,",1.849,320.31,1334.6,0.022,99.67,0,""
"20k_0p38.mtx",20374,20374,0.38,1584269,1,"Static+SIMD+Align+Affin,",1.846,320.81,1336.7,0.020,99.67,0,""
"20k_0p38.mtx",20374,20374,0.38,1584269,2,"Static (default)",381.108,1.50,6.3,104.768,0.00,0,""
"20k_0p38.mtx",20374,20374,0.38,1584269,2,"Static, chunk=8",306.013,1.87,7.8,38.903,19.70,0,""
"20k_0p38.mtx",20374,20374,0.38,1584269,2,"Static, chunk=32",299.134,1.91,8.0,33.774,21.51,0,""
"20k_0p38.mtx",20374,20374,0.38,1584269,2,"Dynamic, chunk=8",287.583,1.99,8.3,16.146,24.54,0,""
"20k_0p38.mtx",20374,20374,0.38,1584269,2,"Dynamic, chunk=16",279.810,2.05,8.5,0.136,26.58,0,""
"20k_0p38.mtx",20374,20374,0.38,1584269,2,"Dynamic, chunk=32",279.943,2.05,8.5,0.163,26.55,0,""
"20k_0p38.mtx",20374,20374,0.38,1584269,2,"Dynamic, chunk=64",281.700,2.03,8.5,5.154,26.08,0,""
"20k_0p38.mtx",20374,20374,0.38,1584269,2,"Guided, chunk=8",305.919,1.87,7.8,38.298,19.73,0,""
"20k_0p38.mtx",20374,20374,0.38,1584269,2,"Guided, chunk=16",287.603,1.99,8.3,18.381,24.54,0,""
"20k_0p38.mtx",20374,20374,0.38,1584269,2,"Guided, chunk=32",292.049,1.96,8.2,21.506,23.37,0,""
"20k_0p38.mtx",20374,20374,0.38,1584269,2,"Auto (runtime)",288.268,1.99,8.3,17.783,24.36,0,""
"20k_0p38.mtx",20374,20374,0.38,1584269,2,"Static+SIMD, chunk=8",0.977,586.05,2441.9,0.005,99.74,0,""
"20k_0p38.mtx",20374,20374,0.38,1584269,2,"Static+SIMD, chunk=16",6.987,81.95,341.5,5.018,98.17,0,""
"20k_0p38.mtx",20374,20374,0.38,1584269,2,"Static+SIMD, chunk=32",1.097,521.87,2174.4,0.003,99.71,0,""
"20k_0p38.mtx",20374,20374,0.38,1584269,2,"Dynamic+SIMD, chunk=8",1.072,534.38,2226.6,0.002,99.72,0,""
"20k_0p38.mtx",20374,20374,0.38,1584269,2,"Dynamic+SIMD, chunk=16",0.994,575.83,2399.3,0.001,99.74,0,""
"20k_0p38.mtx",20374,20374,0.38,1584269,2,"Dynamic+SIMD, chunk=32",0.951,602.37,2509.9,0.003,99.75,0,""
"20k_0p38.mtx",20374,20374,0.38,1584269,2,"Guided+SIMD, chunk=8",0.909,630.01,2625.0,0.004,99.76,0,""
"20k_0p38.mtx",20374,20374,0.38,1584269,2,"Guided+SIMD, chunk=16",0.911,628.66,2619.4,0.005,99.76,0,""
"20k_0p38.mtx",20374,20374,0.38,1584269,2,"Guided+SIMD, chunk=32",0.910,629.36,2622.3,0.004,99.76,0,""
"20k_0p38.mtx",20374,20374,0.38,1584269,2,"Static+SIMD+Affinity,",0.945,605.77,2524.0,0.003,99.75,0,""
"20k_0p38.mtx",20374,20374,0.38,1584269,2,"Static+SIMD+Affinity,",1.096,522.28,2176.2,0.006,99.71,0,""
"20k_0p38.mtx",20374,20374,0.38,1584269,2,"Guided+SIMD+Affinity,",0.916,624.87,2603.6,0.003,99.76,0,""
"20k_0p38.mtx",20374,20374,0.38,1584269,2,"Guided+SIMD+Register,",0.903,633.97,2641.6,0.003,99.76,0,""
"20k_0p38.mtx",20374,20374,0.38,1584269,2,"Guided+SIMD+Register,",0.905,633.01,2637.5,0.003,99.76,0,""
"20k_0p38.mtx",20374,20374,0.38,1584269,2,"Static+SIMD+Register,",1.087,526.67,2194.5,0.003,99.71,0,""
"20k_0p38.mtx",20374,20374,0.38,1584269,2,"Static+SIMD+Register,",0.939,610.01,2541.7,0.004,99.75,0,""
"20k_0p38.mtx",20374,20374,0.38,1584269,2,"Task-based+SIMD",9.912,57.77,240.7,0.476,97.40,0,""
"20k_0p38.mtx",20374,20374,0.38,1584269,2,"Guided+SIMD+Align+Affin,",0.917,624.49,2602.0,0.006,99.76,0,""
"20k_0p38.mtx",20374,20374,0.38,1584269,2,"Static+SIMD+Align+Affin,",2.385,240.08,1000.4,3.083,99.37,0,""
"20k_0p38.mtx",20374,20374,0.38,1584269,4,"Static (default)",183.305,3.09,12.9,57.795,0.00,0,""
"20k_0p38.mtx",20374,20374,0.38,1584269,4,"Static, chunk=8",147.259,3.84,16.0,17.646,19.66,0,""
"20k_0p38.mtx",20374,20374,0.38,1584269,4,"Static, chunk=32",188.939,2.99,12.5,58.046,,0,""
"20k_0p38.mtx",20374,20374,0.38,1584269,4,"Dynamic, chunk=8",160.532,3.52,14.7,24.889,12.42,0,""
"20k_0p38.mtx",20374,20374,0.38,1584269,4,"Dynamic, chunk=16",145.039,3.90,16.3,6.986,20.88,0,""
"20k_0p38.mtx",20374,20374,0.38,1584269,4,"Dynamic, chunk=32",145.698,3.88,16.2,10.350,20.52,0,""
"20k_0p38.mtx",20374,20374,0.38,1584269,4,"Dynamic, chunk=64",141.968,3.98,16.6,2.982,22.55,0,""
"20k_0p38.mtx",20374,20374,0.38,1584269,4,"Guided, chunk=8",178.052,3.18,13.2,33.116,2.87,0,""
"20k_0p38.mtx",20374,20374,0.38,1584269,4,"Guided, chunk=16",146.329,3.87,16.1,10.123,20.17,0,""
"20k_0p38.mtx",20374,20374,0.38,1584269,4,"Guided, chunk=32",162.075,3.49,14.5,32.004,11.58,0,""
"20k_0p38.mtx",20374,20374,0.38,1584269,4,"Auto (runtime)",209.706,2.70,11.2,46.207,,0,""
"20k_0p38.mtx",20374,20374,0.38,1584269,4,"Static+SIMD, chunk=8",0.793,713.73,2973.9,1.429,99.57,0,""
"20k_0p38.mtx",20374,20374,0.38,1584269,4,"Static+SIMD, chunk=16",3.439,164.48,685.3,4.709,98.12,0,""
"20k_0p38.mtx",20374,20374,0.38,1584269,4,"Static+SIMD, chunk=32",0.719,786.66,3277.7,0.004,99.61,0,""
"20k_0p38.mtx",20374,20374,0.38,1584269,4,"Dynamic+SIMD, chunk=8",0.564,1002.30,4176.2,0.004,99.69,0,""
"20k_0p38.mtx",20374,20374,0.38,1584269,4,"Dynamic+SIMD, chunk=16",0.503,1125.76,4690.7,0.004,99.73,0,""
"20k_0p38.mtx",20374,20374,0.38,1584269,4,"Dynamic+SIMD, chunk=32",0.482,1174.56,4894.0,0.004,99.74,0,""
"20k_0p38.mtx",20374,20374,0.38,1584269,4,"Guided+SIMD, chunk=8",0.607,931.64,3881.8,0.004,99.67,0,""
"20k_0p38.mtx",20374,20374,0.38,1584269,4,"Guided+SIMD, chunk=16",0.608,930.57,3877.4,0.004,99.67,0,""
"20k_0p38.mtx",20374,20374,0.38,1584269,4,"Guided+SIMD, chunk=32",0.607,931.77,3882.4,0.004,99.67,0,""
"20k_0p38.mtx",20374,20374,0.38,1584269,4,"Static+SIMD+Affinity,",0.560,1009.65,4206.9,0.003,99.69,0,""
"20k_0p38.mtx",20374,20374,0.38,1584269,4,"Static+SIMD+Affinity,",0.717,788.53,3285.5,0.004,99.61,0,""
"20k_0p38.mtx",20374,20374,0.38,1584269,4,"Guided+SIMD+Affinity,",0.608,931.02,3879.2,0.004,99.67,0,""
"20k_0p38.mtx",20374,20374,0.38,1584269,4,"Guided+SIMD+Register,",0.601,940.64,3919.3,0.004,99.67,0,""
"20k_0p38.mtx",20374,20374,0.38,1584269,4,"Guided+SIMD+Register,",0.601,940.71,3919.6,0.004,99.67,0,""
"20k_0p38.mtx",20374,20374,0.38,1584269,4,"Static+SIMD+Register,",0.714,792.66,3302.7,0.004,99.61,0,""
"20k_0p38.mtx",20374,20374,0.38,1584269,4,"Static+SIMD+Register,",0.558,1013.40,4222.5,0.004,99.70,0,""
"20k_0p38.mtx",20374,20374,0.38,1584269,4,"Task-based+SIMD",36.652,15.43,64.3,10.552,80.00,0,""
"20k_0p38.mtx",20374,20374,0.38,1584269,4,"Guided+SIMD+Align+Affin,",6.292,89.91,374.6,5.164,96.57,0,""
"20k_0p38.mtx",20374,20374,0.38,1584269,4,"Static+SIMD+Align+Affin,",0.714,792.87,3303.6,0.003,99.61,0,""
"20k_0p38.mtx",20374,20374,0.38,1584269,8,"Static (default)",84.988,6.76,28.2,30.889,0.00,0,""
"20k_0p38.mtx",20374,20374,0.38,1584269,8,"Static, chunk=8",113.112,5.08,21.2,30.099,,0,""
"20k_0p38.mtx",20374,20374,0.38,1584269,8,"Static, chunk=32",122.387,4.69,19.6,29.370,,0,""
"20k_0p38.mtx",20374,20374,0.38,1584269,8,"Dynamic, chunk=8",75.503,7.61,31.7,9.325,11.16,0,""
"20k_0p38.mtx",20374,20374,0.38,1584269,8,"Dynamic, chunk=16",83.125,6.91,28.8,12.566,2.19,0,""
"20k_0p38.mtx",20374,20374,0.38,1584269,8,"Dynamic, chunk=32",80.344,7.15,29.8,14.452,5.46,0,""
"20k_0p38.mtx",20374,20374,0.38,1584269,8,"Dynamic, chunk=64",94.608,6.07,25.3,16.089,,0,""
"20k_0p38.mtx",20374,20374,0.38,1584269,8,"Guided, chunk=8",82.089,7.00,29.1,20.050,3.41,0,""
"20k_0p38.mtx",20374,20374,0.38,1584269,8,"Guided, chunk=16",85.409,6.72,28.0,19.004,,0,""
"20k_0p38.mtx",20374,20374,0.38,1584269,8,"Guided, chunk=32",76.130,7.54,31.4,13.745,10.42,0,""
"20k_0p38.mtx",20374,20374,0.38,1584269,8,"Auto (runtime)",89.428,6.42,26.8,23.184,,0,""
"20k_0p38.mtx",20374,20374,0.38,1584269,8,"Static+SIMD, chunk=8",10.861,52.87,220.3,2.257,87.22,0,""
"20k_0p38.mtx",20374,20374,0.38,1584269,8,"Static+SIMD, chunk=16",9.503,60.43,251.8,1.298,88.82,0,""
"20k_0p38.mtx",20374,20374,0.38,1584269,8,"Static+SIMD, chunk=32",5.672,101.24,421.8,4.665,93.33,0,""
"20k_0p38.mtx",20374,20374,0.38,1584269,8,"Dynamic+SIMD, chunk=8",0.337,1705.58,7106.6,0.010,99.60,0,""
"20k_0p38.mtx",20374,20374,0.38,1584269,8,"Dynamic+SIMD, chunk=16",0.280,2049.30,8538.7,0.008,99.67,0,""
"20k_0p38.mtx",20374,20374,0.38,1584269,8,"Dynamic+SIMD, chunk=32",0.344,1669.40,6955.8,0.004,99.60,0,""
"20k_0p38.mtx",20374,20374,0.38,1584269,8,"Guided+SIMD, chunk=8",0.470,1221.92,5091.3,0.005,99.45,0,""
"20k_0p38.mtx",20374,20374,0.38,1584269,8,"Guided+SIMD, chunk=16",0.468,1227.26,5113.6,0.004,99.45,0,""
"20k_0p38.mtx",20374,20374,0.38,1584269,8,"Guided+SIMD, chunk=32",0.468,1227.76,5115.7,0.004,99.45,0,""
"20k_0p38.mtx",20374,20374,0.38,1584269,8,"Static+SIMD+Affinity,",0.369,1556.62,6485.9,0.004,99.57,0,""
"20k_0p38.mtx",20374,20374,0.38,1584269,8,"Static+SIMD+Affinity,",0.529,1084.99,4520.8,0.005,99.38,0,""
"20k_0p38.mtx",20374,20374,0.38,1584269,8,"Guided+SIMD+Affinity,",0.469,1225.18,5104.9,0.004,99.45,0,""
"20k_0p38.mtx",20374,20374,0.38,1584269,8,"Guided+SIMD+Register,",0.466,1231.83,5132.6,0.005,99.45,0,""
"20k_0p38.mtx",20374,20374,0.38,1584269,8,"Guided+SIMD+Register,",0.465,1233.68,5140.3,0.004,99.45,0,""
"20k_0p38.mtx",20374,20374,0.38,1584269,8,"Static+SIMD+Register,",0.527,1089.87,4541.1,0.004,99.38,0,""
"20k_0p38.mtx",20374,20374,0.38,1584269,8,"Static+SIMD+Register,",0.368,1562.23,6509.3,0.004,99.57,0,""
"20k_0p38.mtx",20374,20374,0.38,1584269,8,"Task-based+SIMD",61.301,9.37,39.0,9.181,27.87,0,""
"20k_0p38.mtx",20374,20374,0.38,1584269,8,"Guided+SIMD+Align+Affin,",10.339,55.54,231.4,1.491,87.83,0,""
"20k_0p38.mtx",20374,20374,0.38,1584269,8,"Static+SIMD+Align+Affin,",10.622,54.06,225.3,0.802,87.50,0,""
"20k_0p38.mtx",20374,20374,0.38,1584269,12,"Static (default)",97.945,5.96,24.8,9.896,0.00,0,""
"20k_0p38.mtx",20374,20374,0.38,1584269,12,"Static, chunk=8",67.976,8.59,35.8,23.361,30.60,0,""
"20k_0p38.mtx",20374,20374,0.38,1584269,12,"Static, chunk=32",79.518,7.34,30.6,20.655,18.81,0,""
"20k_0p38.mtx",20374,20374,0.38,1584269,12,"Dynamic, chunk=8",59.817,9.76,40.7,16.614,38.93,0,""
"20k_0p38.mtx",20374,20374,0.38,1584269,12,"Dynamic, chunk=16",51.460,11.34,47.3,11.017,47.46,0,""
"20k_0p38.mtx",20374,20374,0.38,1584269,12,"Dynamic, chunk=32",48.982,11.91,49.6,5.805,49.99,0,""
"20k_0p38.mtx",20374,20374,0.38,1584269,12,"Dynamic, chunk=64",74.875,7.79,32.5,13.491,23.55,0,""
"20k_0p38.mtx",20374,20374,0.38,1584269,12,"Guided, chunk=8",61.534,9.48,39.5,17.314,37.18,0,""
"20k_0p38.mtx",20374,20374,0.38,1584269,12,"Guided, chunk=16",80.967,7.21,30.0,10.040,17.33,0,""
"20k_0p38.mtx",20374,20374,0.38,1584269,12,"Guided, chunk=32",62.541,9.33,38.9,17.916,36.15,0,""
"20k_0p38.mtx",20374,20374,0.38,1584269,12,"Auto (runtime)",91.418,6.38,26.6,13.135,6.66,0,""
"20k_0p38.mtx",20374,20374,0.38,1584269,12,"Static+SIMD, chunk=8",0.245,2383.15,9929.8,0.004,99.75,0,""
"20k_0p38.mtx",20374,20374,0.38,1584269,12,"Static+SIMD, chunk=16",8.925,65.39,272.4,3.107,90.89,0,""
"20k_0p38.mtx",20374,20374,0.38,1584269,12,"Static+SIMD, chunk=32",0.466,1252.91,5220.5,0.004,99.52,0,""
"20k_0p38.mtx",20374,20374,0.38,1584269,12,"Dynamic+SIMD, chunk=8",0.208,2810.58,11710.8,0.002,99.79,0,""
"20k_0p38.mtx",20374,20374,0.38,1584269,12,"Dynamic+SIMD, chunk=16",0.180,3246.94,13528.9,0.002,99.82,0,""
"20k_0p38.mtx",20374,20374,0.38,1584269,12,"Dynamic+SIMD, chunk=32",0.341,1711.58,7131.6,0.003,99.65,0,""
"20k_0p38.mtx",20374,20374,0.38,1584269,12,"Guided+SIMD, chunk=8",0.421,1385.75,5774.0,0.003,99.57,0,""
"20k_0p38.mtx",20374,20374,0.38,1584269,12,"Guided+SIMD, chunk=16",0.421,1386.68,5777.8,0.003,99.57,0,""
"20k_0p38.mtx",20374,20374,0.38,1584269,12,"Guided+SIMD, chunk=32",0.424,1375.38,5730.7,0.007,99.57,0,""
"20k_0p38.mtx",20374,20374,0.38,1584269,12,"Static+SIMD+Affinity,",0.307,1901.03,7920.9,0.006,99.69,0,""
"20k_0p38.mtx",20374,20374,0.38,1584269,12,"Static+SIMD+Affinity,",0.467,1250.91,5212.1,0.007,99.52,0,""
"20k_0p38.mtx",20374,20374,0.38,1584269,12,"Guided+SIMD+Affinity,",0.423,1379.77,5749.0,0.006,99.57,0,""
"20k_0p38.mtx",20374,20374,0.38,1584269,12,"Guided+SIMD+Register,",0.421,1387.43,5781.0,0.005,99.57,0,""
"20k_0p38.mtx",20374,20374,0.38,1584269,12,"Guided+SIMD+Register,",0.421,1387.26,5780.3,0.005,99.57,0,""
"20k_0p38.mtx",20374,20374,0.38,1584269,12,"Static+SIMD+Register,",0.465,1255.08,5229.5,0.006,99.53,0,""
"20k_0p38.mtx",20374,20374,0.38,1584269,12,"Static+SIMD+Register,",0.304,1920.80,8003.3,0.003,99.69,0,""
"20k_0p38.mtx",20374,20374,0.38,1584269,12,"Task-based+SIMD",84.033,6.94,28.9,2.991,14.20,0,""
"20k_0p38.mtx",20374,20374,0.38,1584269,12,"Guided+SIMD+Align+Affin,",2.787,209.40,872.5,3.805,97.15,0,""
"20k_0p38.mtx",20374,20374,0.38,1584269,12,"Static+SIMD+Align+Affin,",9.347,62.44,260.2,1.239,90.46,0,""
"20k_0p38.mtx",20374,20374,0.38,1584269,16,"Static (default)",76.204,7.40,30.8,7.639,0.00,0,""
"20k_0p38.mtx",20374,20374,0.38,1584269,16,"Static, chunk=8",59.305,9.51,39.6,20.478,22.18,0,""
"20k_0p38.mtx",20374,20374,0.38,1584269,16,"Static, chunk=32",76.109,7.41,30.9,5.305,0.12,0,""
"20k_0p38.mtx",20374,20374,0.38,1584269,16,"Dynamic, chunk=8",54.743,10.30,42.9,9.568,28.16,0,""
"20k_0p38.mtx",20374,20374,0.38,1584269,16,"Dynamic, chunk=16",35.562,15.86,66.1,0.132,53.33,0,""
"20k_0p38.mtx",20374,20374,0.38,1584269,16,"Dynamic, chunk=32",60.043,9.39,39.1,10.802,21.21,0,""
"20k_0p38.mtx",20374,20374,0.38,1584269,16,"Dynamic, chunk=64",55.119,10.23,42.6,6.008,27.67,0,""
"20k_0p38.mtx",20374,20374,0.38,1584269,16,"Guided, chunk=8",54.395,10.37,43.2,6.905,28.62,0,""
"20k_0p38.mtx",20374,20374,0.38,1584269,16,"Guided, chunk=16",63.841,8.83,36.8,5.848,16.22,0,""
"20k_0p38.mtx",20374,20374,0.38,1584269,16,"Guided, chunk=32",62.539,9.02,37.6,8.037,17.93,0,""
"20k_0p38.mtx",20374,20374,0.38,1584269,16,"Auto (runtime)",66.651,8.46,35.3,10.179,12.54,0,""
"20k_0p38.mtx",20374,20374,0.38,1584269,16,"Static+SIMD, chunk=8",8.831,63.87,266.1,2.616,88.41,0,""
"20k_0p38.mtx",20374,20374,0.38,1584269,16,"Static+SIMD, chunk=16",0.278,2031.93,8466.4,0.004,99.64,0,""
"20k_0p38.mtx",20374,20374,0.38,1584269,16,"Static+SIMD, chunk=32",6.913,81.59,340.0,4.236,90.93,0,""
"20k_0p38.mtx",20374,20374,0.38,1584269,16,"Dynamic+SIMD, chunk=8",9.855,57.23,238.5,2.362,87.07,0,""
"20k_0p38.mtx",20374,20374,0.38,1584269,16,"Dynamic+SIMD, chunk=16",10.437,54.04,225.2,2.322,86.30,0,""
"20k_0p38.mtx",20374,20374,0.38,1584269,16,"Dynamic+SIMD, chunk=32",9.650,58.45,243.5,1.435,87.34,0,""
"20k_0p38.mtx",20374,20374,0.38,1584269,16,"Guided+SIMD, chunk=8",9.917,56.87,237.0,1.242,86.99,0,""
"20k_0p38.mtx",20374,20374,0.38,1584269,16,"Guided+SIMD, chunk=16",9.699,58.15,242.3,2.003,87.27,0,""
"20k_0p38.mtx",20374,20374,0.38,1584269,16,"Guided+SIMD, chunk=32",9.693,58.19,242.5,2.111,87.28,0,""
"20k_0p38.mtx",20374,20374,0.38,1584269,16,"Static+SIMD+Affinity,",9.745,57.88,241.2,1.804,87.21,0,""
"20k_0p38.mtx",20374,20374,0.38,1584269,16,"Static+SIMD+Affinity,",10.618,53.12,221.3,2.604,86.07,0,""
"20k_0p38.mtx",20374,20374,0.38,1584269,16,"Guided+SIMD+Affinity,",9.671,58.32,243.0,1.160,87.31,0,""
"20k_0p38.mtx",20374,20374,0.38,1584269,16,"Guided+SIMD+Register,",9.639,58.52,243.8,1.436,87.35,0,""
"20k_0p38.mtx",20374,20374,0.38,1584269,16,"Guided+SIMD+Register,",9.621,58.63,244.3,2.391,87.38,0,""
"20k_0p38.mtx",20374,20374,0.38,1584269,16,"Static+SIMD+Register,",9.921,56.85,236.9,1.962,86.98,0,""
"20k_0p38.mtx",20374,20374,0.38,1584269,16,"Static+SIMD+Register,",9.704,58.13,242.2,0.869,87.27,0,""
"20k_0p38.mtx",20374,20374,0.38,1584269,16,"Task-based+SIMD",107.447,5.25,21.9,17.044,,0,""
"20k_0p38.mtx",20374,20374,0.38,1584269,16,"Guided+SIMD+Align+Affin,",9.120,61.85,257.7,2.921,88.03,0,""
"20k_0p38.mtx",20374,20374,0.38,1584269,16,"Static+SIMD+Align+Affin,",9.277,60.80,253.3,2.353,87.83,0,""
"20k_0p38.mtx",20374,20374,0.38,1584269,18,"Static (default)",73.834,7.65,31.9,4.048,0.00,0,""
"20k_0p38.mtx",20374,20374,0.38,1584269,18,"Static, chunk=8",74.480,7.58,31.6,10.884,,0,""
"20k_0p38.mtx",20374,20374,0.38,1584269,18,"Static, chunk=32",66.985,8.43,35.1,10.981,9.28,0,""
"20k_0p38.mtx",20374,20374,0.38,1584269,18,"Dynamic, chunk=8",37.646,15.00,62.5,7.822,49.01,0,""
"20k_0p38.mtx",20374,20374,0.38,1584269,18,"Dynamic, chunk=16",46.262,12.21,50.9,10.056,37.34,0,""
"20k_0p38.mtx",20374,20374,0.38,1584269,18,"Dynamic, chunk=32",41.550,13.60,56.6,10.545,43.72,0,""
"20k_0p38.mtx",20374,20374,0.38,1584269,18,"Dynamic, chunk=64",38.494,14.67,61.1,9.468,47.86,0,""
"20k_0p38.mtx",20374,20374,0.38,1584269,18,"Guided, chunk=8",34.636,16.31,68.0,7.185,53.09,0,""
"20k_0p38.mtx",20374,20374,0.38,1584269,18,"Guided, chunk=16",56.571,9.99,41.6,9.631,23.38,0,""
"20k_0p38.mtx",20374,20374,0.38,1584269,18,"Guided, chunk=32",62.190,9.08,37.8,7.809,15.77,0,""
"20k_0p38.mtx",20374,20374,0.38,1584269,18,"Auto (runtime)",31.248,18.08,75.3,0.185,57.68,0,""
"20k_0p38.mtx",20374,20374,0.38,1584269,18,"Static+SIMD, chunk=8",0.206,2737.38,11405.7,0.005,99.72,0,""
"20k_0p38.mtx",20374,20374,0.38,1584269,18,"Static+SIMD, chunk=16",0.268,2104.17,8767.4,0.003,99.64,0,""
"20k_0p38.mtx",20374,20374,0.38,1584269,18,"Static+SIMD, chunk=32",0.426,1325.58,5523.3,0.006,99.42,0,""
"20k_0p38.mtx",20374,20374,0.38,1584269,18,"Dynamic+SIMD, chunk=8",0.212,2658.55,11077.3,0.005,99.71,0,""
"20k_0p38.mtx",20374,20374,0.38,1584269,18,"Dynamic+SIMD, chunk=16",0.186,3039.45,12664.4,0.003,99.75,0,""
"20k_0p38.mtx",20374,20374,0.38,1584269,18,"Dynamic+SIMD, chunk=32",0.347,1627.86,6782.8,0.004,99.53,0,""
"20k_0p38.mtx",20374,20374,0.38,1584269,18,"Guided+SIMD, chunk=8",0.396,1425.22,5938.4,0.004,99.46,0,""
"20k_0p38.mtx",20374,20374,0.38,1584269,18,"Guided+SIMD, chunk=16",0.395,1430.91,5962.1,0.004,99.47,0,""
"20k_0p38.mtx",20374,20374,0.38,1584269,18,"Guided+SIMD, chunk=32",0.395,1429.82,5957.6,0.004,99.46,0,""
"20k_0p38.mtx",20374,20374,0.38,1584269,18,"Static+SIMD+Affinity,",0.266,2120.95,8837.3,0.003,99.64,0,""
"20k_0p38.mtx",20374,20374,0.38,1584269,18,"Static+SIMD+Affinity,",0.424,1332.01,5550.1,0.004,99.43,0,""
"20k_0p38.mtx",20374,20374,0.38,1584269,18,"Guided+SIMD+Affinity,",0.396,1428.17,5950.7,0.004,99.46,0,""
"20k_0p38.mtx",20374,20374,0.38,1584269,18,"Guided+SIMD+Register,",0.394,1432.39,5968.3,0.004,99.47,0,""
"20k_0p38.mtx",20374,20374,0.38,1584269,18,"Guided+SIMD+Register,",0.394,1432.83,5970.1,0.005,99.47,0,""
"20k_0p38.mtx",20374,20374,0.38,1584269,18,"Static+SIMD+Register,",0.423,1334.89,5562.1,0.004,99.43,0,""
"20k_0p38.mtx",20374,20374,0.38,1584269,18,"Static+SIMD+Register,",0.266,2123.05,8846.0,0.003,99.64,0,""
"20k_0p38.mtx",20374,20374,0.38,1584269,18,"Task-based+SIMD",156.039,3.62,15.1,30.759,,0,""
"20k_0p38.mtx",20374,20374,0.38,1584269,18,"Guided+SIMD+Align+Affin,",0.400,1411.50,5881.3,0.006,99.46,0,""
"20k_0p38.mtx",20374,20374,0.38,1584269,18,"Static+SIMD+Align+Affin,",0.428,1318.73,5494.7,0.005,99.42,0,""
"20k_0p38.mtx",20374,20374,0.38,1584269,20,"Static (default)",34.300,16.55,69.0,11.943,0.00,0,""
"20k_0p38.mtx",20374,20374,0.38,1584269,20,"Static, chunk=8",48.856,11.62,48.4,16.479,,0,""
"20k_0p38.mtx",20374,20374,0.38,1584269,20,"Static, chunk=32",56.278,10.09,42.0,13.145,,0,""
"20k_0p38.mtx",20374,20374,0.38,1584269,20,"Dynamic, chunk=8",53.138,10.68,44.5,4.733,,0,""
"20k_0p38.mtx",20374,20374,0.38,1584269,20,"Dynamic, chunk=16",33.002,17.20,71.7,6.351,3.78,0,""
"20k_0p38.mtx",20374,20374,0.38,1584269,20,"Dynamic, chunk=32",29.509,19.24,80.1,0.093,13.97,0,""
"20k_0p38.mtx",20374,20374,0.38,1584269,20,"Dynamic, chunk=64",42.419,13.38,55.8,10.111,,0,""
"20k_0p38.mtx",20374,20374,0.38,1584269,20,"Guided, chunk=8",61.697,9.20,38.3,5.330,,0,""
"20k_0p38.mtx",20374,20374,0.38,1584269,20,"Guided, chunk=16",54.785,10.36,43.2,10.982,,0,""
"20k_0p38.mtx",20374,20374,0.38,1584269,20,"Guided, chunk=32",55.357,10.25,42.7,6.330,,0,""
"20k_0p38.mtx",20374,20374,0.38,1584269,20,"Auto (runtime)",61.954,9.16,38.2,10.978,,0,""
"20k_0p38.mtx",20374,20374,0.38,1584269,20,"Static+SIMD, chunk=8",11.669,48.64,202.7,2.762,65.98,0,""
"20k_0p38.mtx",20374,20374,0.38,1584269,20,"Static+SIMD, chunk=16",10.348,54.85,228.5,4.053,69.83,0,""
"20k_0p38.mtx",20374,20374,0.38,1584269,20,"Static+SIMD, chunk=32",0.805,704.72,2936.3,1.247,97.65,0,""
"20k_0p38.mtx",20374,20374,0.38,1584269,20,"Dynamic+SIMD, chunk=8",10.044,56.51,235.5,1.191,70.72,0,""
"20k_0p38.mtx",20374,20374,0.38,1584269,20,"Dynamic+SIMD, chunk=16",10.495,54.08,225.4,1.912,69.40,0,""
"20k_0p38.mtx",20374,20374,0.38,1584269,20,"Dynamic+SIMD, chunk=32",10.263,55.31,230.4,2.451,70.08,0,""
"20k_0p38.mtx",20374,20374,0.38,1584269,20,"Guided+SIMD, chunk=8",2.220,255.71,1065.4,3.610,93.53,0,""
"20k_0p38.mtx",20374,20374,0.38,1584269,20,"Guided+SIMD, chunk=16",13.175,43.08,179.5,4.329,61.59,0,""
"20k_0p38.mtx",20374,20374,0.38,1584269,20,"Guided+SIMD, chunk=32",1.343,422.66,1761.1,2.751,96.08,0,""
"20k_0p38.mtx",20374,20374,0.38,1584269,20,"Static+SIMD+Affinity,",0.259,2189.57,9123.2,0.005,99.24,0,""
"20k_0p38.mtx",20374,20374,0.38,1584269,20,"Static+SIMD+Affinity,",0.419,1355.95,5649.8,0.006,98.78,0,""
"20k_0p38.mtx",20374,20374,0.38,1584269,20,"Guided+SIMD+Affinity,",0.391,1450.54,6043.9,0.007,98.86,0,""
"20k_0p38.mtx",20374,20374,0.38,1584269,20,"Guided+SIMD+Register,",0.390,1454.76,6061.5,0.006,98.86,0,""
"20k_0p38.mtx",20374,20374,0.38,1584269,20,"Guided+SIMD+Register,",0.390,1456.73,6069.7,0.006,98.86,0,""
"20k_0p38.mtx",20374,20374,0.38,1584269,20,"Static+SIMD+Register,",0.419,1354.69,5644.5,0.006,98.78,0,""
"20k_0p38.mtx",20374,20374,0.38,1584269,20,"Static+SIMD+Register,",0.259,2193.43,9139.3,0.005,99.25,0,""
"20k_0p38.mtx",20374,20374,0.38,1584269,20,"Task-based+SIMD",177.820,3.19,13.3,27.027,,0,""
"20k_0p38.mtx",20374,20374,0.38,1584269,20,"Guided+SIMD+Align+Affin,",11.107,51.11,212.9,2.196,67.62,0,""
"20k_0p38.mtx",20374,20374,0.38,1584269,20,"Static+SIMD+Align+Affin,",8.527,66.57,277.4,3.685,75.14,0,""
"20k_0p38.mtx",20374,20374,0.38,1584269,22,"Static (default)",60.444,9.34,38.9,8.474,0.00,0,""
"20k_0p38.mtx",20374,20374,0.38,1584269,22,"Static, chunk=8",58.706,9.62,40.1,8.133,2.88,0,""
"20k_0p38.mtx",20374,20374,0.38,1584269,22,"Static, chunk=32",54.085,10.44,43.5,6.936,10.52,0,""
"20k_0p38.mtx",20374,20374,0.38,1584269,22,"Dynamic, chunk=8",43.062,13.11,54.6,7.845,28.76,0,""
"20k_0p38.mtx",20374,20374,0.38,1584269,22,"Dynamic, chunk=16",34.625,16.31,67.9,10.270,42.72,0,""
"20k_0p38.mtx",20374,20374,0.38,1584269,22,"Dynamic, chunk=32",46.960,12.02,50.1,5.960,22.31,0,""
"20k_0p38.mtx",20374,20374,0.38,1584269,22,"Dynamic, chunk=64",51.432,10.98,45.7,8.804,14.91,0,""
"20k_0p38.mtx",20374,20374,0.38,1584269,22,"Guided, chunk=8",55.177,10.23,42.6,7.542,8.71,0,""
"20k_0p38.mtx",20374,20374,0.38,1584269,22,"Guided, chunk=16",52.069,10.84,45.2,9.185,13.86,0,""
"20k_0p38.mtx",20374,20374,0.38,1584269,22,"Guided, chunk=32",52.947,10.66,44.4,4.802,12.40,0,""
"20k_0p38.mtx",20374,20374,0.38,1584269,22,"Auto (runtime)",57.497,9.82,40.9,6.401,4.88,0,""
"20k_0p38.mtx",20374,20374,0.38,1584269,22,"Static+SIMD, chunk=8",11.495,49.12,204.7,1.558,80.98,0,""
"20k_0p38.mtx",20374,20374,0.38,1584269,22,"Static+SIMD, chunk=16",10.281,54.92,228.8,1.244,82.99,0,""
"20k_0p38.mtx",20374,20374,0.38,1584269,22,"Static+SIMD, chunk=32",10.747,52.54,218.9,3.052,82.22,0,""
"20k_0p38.mtx",20374,20374,0.38,1584269,22,"Dynamic+SIMD, chunk=8",9.948,56.76,236.5,3.729,83.54,0,""
"20k_0p38.mtx",20374,20374,0.38,1584269,22,"Dynamic+SIMD, chunk=16",2.077,271.82,1132.6,3.690,96.56,0,""
"20k_0p38.mtx",20374,20374,0.38,1584269,22,"Dynamic+SIMD, chunk=32",11.321,49.88,207.8,2.928,81.27,0,""
"20k_0p38.mtx",20374,20374,0.38,1584269,22,"Guided+SIMD, chunk=8",15.472,36.49,152.1,4.653,74.40,0,""
"20k_0p38.mtx",20374,20374,0.38,1584269,22,"Guided+SIMD, chunk=16",11.874,47.55,198.1,2.745,80.35,0,""
"20k_0p38.mtx",20374,20374,0.38,1584269,22,"Guided+SIMD, chunk=32",10.393,54.33,226.4,1.959,82.81,0,""
"20k_0p38.mtx",20374,20374,0.38,1584269,22,"Static+SIMD+Affinity,",10.809,52.24,217.7,2.669,82.12,0,""
"20k_0p38.mtx",20374,20374,0.38,1584269,22,"Static+SIMD+Affinity,",0.414,1364.90,5687.1,0.006,99.32,0,""
"20k_0p38.mtx",20374,20374,0.38,1584269,22,"Guided+SIMD+Affinity,",0.389,1449.76,6040.7,0.006,99.36,0,""
"20k_0p38.mtx",20374,20374,0.38,1584269,22,"Guided+SIMD+Register,",0.386,1461.68,6090.3,0.005,99.36,0,""
"20k_0p38.mtx",20374,20374,0.38,1584269,22,"Guided+SIMD+Register,",0.386,1460.91,6087.1,0.005,99.36,0,""
"20k_0p38.mtx",20374,20374,0.38,1584269,22,"Static+SIMD+Register,",0.411,1372.99,5720.8,0.005,99.32,0,""
"20k_0p38.mtx",20374,20374,0.38,1584269,22,"Static+SIMD+Register,",0.251,2251.21,9380.0,0.004,99.59,0,""
"20k_0p38.mtx",20374,20374,0.38,1584269,22,"Task-based+SIMD",232.603,2.43,10.1,32.975,,0,""
"20k_0p38.mtx",20374,20374,0.38,1584269,22,"Guided+SIMD+Align+Affin,",13.013,43.39,180.8,3.245,78.47,0,""
"20k_0p38.mtx",20374,20374,0.38,1584269,22,"Static+SIMD+Align+Affin,",11.568,48.81,203.4,1.416,80.86,0,""
"20k_0p38.mtx",20374,20374,0.38,1584269,24,"Static (default)",57.291,10.13,42.2,8.137,0.00,0,""
"20k_0p38.mtx",20374,20374,0.38,1584269,24,"Static, chunk=8",56.252,10.32,43.0,5.976,1.81,0,""
"20k_0p38.mtx",20374,20374,0.38,1584269,24,"Static, chunk=32",55.677,10.42,43.4,6.187,2.82,0,""
"20k_0p38.mtx",20374,20374,0.38,1584269,24,"Dynamic, chunk=8",30.720,18.89,78.7,11.278,46.38,0,""
"20k_0p38.mtx",20374,20374,0.38,1584269,24,"Dynamic, chunk=16",25.104,23.12,96.3,1.696,56.18,0,""
"20k_0p38.mtx",20374,20374,0.38,1584269,24,"Dynamic, chunk=32",42.534,13.65,56.9,6.679,25.76,0,""
"20k_0p38.mtx",20374,20374,0.38,1584269,24,"Dynamic, chunk=64",49.839,11.65,48.5,3.803,13.01,0,""
"20k_0p38.mtx",20374,20374,0.38,1584269,24,"Guided, chunk=8",48.681,11.92,49.7,5.954,15.03,0,""
"20k_0p38.mtx",20374,20374,0.38,1584269,24,"Guided, chunk=16",46.087,12.59,52.5,6.161,19.56,0,""
"20k_0p38.mtx",20374,20374,0.38,1584269,24,"Guided, chunk=32",48.718,11.91,49.6,8.725,14.96,0,""
"20k_0p38.mtx",20374,20374,0.38,1584269,24,"Auto (runtime)",50.366,11.52,48.0,7.152,12.09,0,""
"20k_0p38.mtx",20374,20374,0.38,1584269,24,"Static+SIMD, chunk=8",3.186,182.19,759.1,4.427,94.44,0,""
"20k_0p38.mtx",20374,20374,0.38,1584269,24,"Static+SIMD, chunk=16",1.642,353.45,1472.7,3.350,97.13,0,""
"20k_0p38.mtx",20374,20374,0.38,1584269,24,"Static+SIMD, chunk=32",13.575,42.76,178.1,3.682,76.31,0,""
"20k_0p38.mtx",20374,20374,0.38,1584269,24,"Dynamic+SIMD, chunk=8",10.719,54.14,225.6,2.489,81.29,0,""
"20k_0p38.mtx",20374,20374,0.38,1584269,24,"Dynamic+SIMD, chunk=16",10.973,52.89,220.4,3.265,80.85,0,""
"20k_0p38.mtx",20374,20374,0.38,1584269,24,"Dynamic+SIMD, chunk=32",10.731,54.09,225.4,1.300,81.27,0,""
"20k_0p38.mtx",20374,20374,0.38,1584269,24,"Guided+SIMD, chunk=8",9.637,60.23,250.9,1.878,83.18,0,""
"20k_0p38.mtx",20374,20374,0.38,1584269,24,"Guided+SIMD, chunk=16",9.593,60.50,252.1,1.563,83.26,0,""
"20k_0p38.mtx",20374,20374,0.38,1584269,24,"Guided+SIMD, chunk=32",9.972,58.20,242.5,2.835,82.59,0,""
"20k_0p38.mtx",20374,20374,0.38,1584269,24,"Static+SIMD+Affinity,",11.436,50.75,211.5,2.617,80.04,0,""
"20k_0p38.mtx",20374,20374,0.38,1584269,24,"Static+SIMD+Affinity,",11.764,49.34,205.6,2.724,79.47,0,""
"20k_0p38.mtx",20374,20374,0.38,1584269,24,"Guided+SIMD+Affinity,",11.374,51.03,212.6,1.574,80.15,0,""
"20k_0p38.mtx",20374,20374,0.38,1584269,24,"Guided+SIMD+Register,",11.372,51.04,212.7,2.457,80.15,0,""
"20k_0p38.mtx",20374,20374,0.38,1584269,24,"Guided+SIMD+Register,",11.065,52.45,218.6,1.758,80.69,0,""
"20k_0p38.mtx",20374,20374,0.38,1584269,24,"Static+SIMD+Register,",10.981,52.86,220.2,2.395,80.83,0,""
"20k_0p38.mtx",20374,20374,0.38,1584269,24,"Static+SIMD+Register,",10.907,53.21,221.7,1.153,80.96,0,""
"20k_0p38.mtx",20374,20374,0.38,1584269,24,"Task-based+SIMD",204.925,2.83,11.8,43.449,,0,""
"20k_0p38.mtx",20374,20374,0.38,1584269,24,"Guided+SIMD+Align+Affin,",9.356,62.03,258.5,1.787,83.67,0,""
"20k_0p38.mtx",20374,20374,0.38,1584269,24,"Static+SIMD+Align+Affin,",9.583,60.57,252.4,1.202,83.27,0,""
"25k_0p03.mtx",25228,25228,0.03,175027,1,"Static (default)",866.889,1.00,4.2,25.156,0.00,0,""
"25k_0p03.mtx",25228,25228,0.03,175027,1,"Static, chunk=8",871.193,1.00,4.1,32.839,,0,""
"25k_0p03.mtx",25228,25228,0.03,175027,1,"Static, chunk=32",891.009,0.97,4.1,61.409,,0,""
"25k_0p03.mtx",25228,25228,0.03,175027,1,"Dynamic, chunk=8",857.512,1.01,4.2,1.550,1.08,0,""
"25k_0p03.mtx",25228,25228,0.03,175027,1,"Dynamic, chunk=16",866.834,1.00,4.2,21.750,0.01,0,""
"25k_0p03.mtx",25228,25228,0.03,175027,1,"Dynamic, chunk=32",865.070,1.00,4.2,17.720,0.21,0,""
"25k_0p03.mtx",25228,25228,0.03,175027,1,"Dynamic, chunk=64",859.461,1.01,4.2,6.486,0.86,0,""
"25k_0p03.mtx",25228,25228,0.03,175027,1,"Guided, chunk=8",869.856,1.00,4.2,31.814,,0,""
"25k_0p03.mtx",25228,25228,0.03,175027,1,"Guided, chunk=16",922.829,0.94,3.9,90.149,,0,""
"25k_0p03.mtx",25228,25228,0.03,175027,1,"Guided, chunk=32",871.530,0.99,4.1,29.778,,0,""
"25k_0p03.mtx",25228,25228,0.03,175027,1,"Auto (runtime)",875.906,0.99,4.1,38.556,,0,""
"25k_0p03.mtx",25228,25228,0.03,175027,1,"Static+SIMD, chunk=8",0.181,4801.85,20007.7,0.003,99.98,0,""
"25k_0p03.mtx",25228,25228,0.03,175027,1,"Static+SIMD, chunk=16",0.183,4747.26,19780.2,0.002,99.98,0,""
"25k_0p03.mtx",25228,25228,0.03,175027,1,"Static+SIMD, chunk=32",0.183,4741.09,19754.6,0.003,99.98,0,""
"25k_0p03.mtx",25228,25228,0.03,175027,1,"Dynamic+SIMD, chunk=8",0.241,3604.73,15019.7,0.003,99.97,0,""
"25k_0p03.mtx",25228,25228,0.03,175027,1,"Dynamic+SIMD, chunk=16",0.211,4119.45,17164.4,0.002,99.98,0,""
"25k_0p03.mtx",25228,25228,0.03,175027,1,"Dynamic+SIMD, chunk=32",0.193,4495.34,18730.6,0.002,99.98,0,""
"25k_0p03.mtx",25228,25228,0.03,175027,1,"Guided+SIMD, chunk=8",0.176,4931.01,20545.9,0.002,99.98,0,""
"25k_0p03.mtx",25228,25228,0.03,175027,1,"Guided+SIMD, chunk=16",0.177,4893.24,20388.5,0.003,99.98,0,""
"25k_0p03.mtx",25228,25228,0.03,175027,1,"Guided+SIMD, chunk=32",0.177,4904.78,20436.6,0.004,99.98,0,""
"25k_0p03.mtx",25228,25228,0.03,175027,1,"Static+SIMD+Affinity,",0.182,4775.54,19898.1,0.002,99.98,0,""
"25k_0p03.mtx",25228,25228,0.03,175027,1,"Static+SIMD+Affinity,",0.180,4809.45,20039.4,0.003,99.98,0,""
"25k_0p03.mtx",25228,25228,0.03,175027,1,"Guided+SIMD+Affinity,",0.175,4941.75,20590.6,0.004,99.98,0,""
"25k_0p03.mtx",25228,25228,0.03,175027,1,"Guided+SIMD+Register,",0.163,5319.59,22164.9,0.002,99.98,0,""
"25k_0p03.mtx",25228,25228,0.03,175027,1,"Guided+SIMD+Register,",0.167,5199.12,21663.0,0.004,99.98,0,""
"25k_0p03.mtx",25228,25228,0.03,175027,1,"Static+SIMD+Register,",0.172,5055.65,21065.2,0.005,99.98,0,""
"25k_0p03.mtx",25228,25228,0.03,175027,1,"Static+SIMD+Register,",0.171,5068.25,21117.7,0.004,99.98,0,""
"25k_0p03.mtx",25228,25228,0.03,175027,1,"Task-based+SIMD",0.503,1722.84,7178.5,0.005,99.94,0,""
"25k_0p03.mtx",25228,25228,0.03,175027,1,"Guided+SIMD+Align+Affin,",0.181,4799.39,19997.5,0.007,99.98,0,""
"25k_0p03.mtx",25228,25228,0.03,175027,1,"Static+SIMD+Align+Affin,",0.183,4729.35,19705.6,0.004,99.98,0,""
"25k_0p03.mtx",25228,25228,0.03,175027,2,"Static (default)",483.003,1.90,7.9,57.297,0.00,0,""
"25k_0p03.mtx",25228,25228,0.03,175027,2,"Static, chunk=8",454.892,2.01,8.4,48.220,5.82,0,""
"25k_0p03.mtx",25228,25228,0.03,175027,2,"Static, chunk=32",453.496,2.02,8.4,40.982,6.11,0,""
"25k_0p03.mtx",25228,25228,0.03,175027,2,"Dynamic, chunk=8",444.481,2.06,8.6,29.767,7.98,0,""
"25k_0p03.mtx",25228,25228,0.03,175027,2,"Dynamic, chunk=16",448.474,2.04,8.5,28.300,7.15,0,""
"25k_0p03.mtx",25228,25228,0.03,175027,2,"Dynamic, chunk=32",438.240,2.09,8.7,19.177,9.27,0,""
"25k_0p03.mtx",25228,25228,0.03,175027,2,"Dynamic, chunk=64",432.327,2.12,8.8,7.653,10.49,0,""
"25k_0p03.mtx",25228,25228,0.03,175027,2,"Guided, chunk=8",441.098,2.08,8.7,27.604,8.68,0,""
"25k_0p03.mtx",25228,25228,0.03,175027,2,"Guided, chunk=16",450.659,2.03,8.5,36.912,6.70,0,""
"25k_0p03.mtx",25228,25228,0.03,175027,2,"Guided, chunk=32",461.173,1.99,8.3,66.107,4.52,0,""
"25k_0p03.mtx",25228,25228,0.03,175027,2,"Auto (runtime)",429.428,2.13,8.9,4.347,11.09,0,""
"25k_0p03.mtx",25228,25228,0.03,175027,2,"Static+SIMD, chunk=8",0.100,9133.14,38054.7,0.002,99.98,0,""
"25k_0p03.mtx",25228,25228,0.03,175027,2,"Static+SIMD, chunk=16",0.100,9155.15,38146.5,0.001,99.98,0,""
"25k_0p03.mtx",25228,25228,0.03,175027,2,"Static+SIMD, chunk=32",0.098,9391.95,39133.1,0.000,99.98,0,""
"25k_0p03.mtx",25228,25228,0.03,175027,2,"Dynamic+SIMD, chunk=8",0.205,4470.74,18628.1,0.004,99.96,0,""
"25k_0p03.mtx",25228,25228,0.03,175027,2,"Dynamic+SIMD, chunk=16",0.159,5761.77,24007.4,0.002,99.97,0,""
"25k_0p03.mtx",25228,25228,0.03,175027,2,"Dynamic+SIMD, chunk=32",0.120,7623.79,31765.8,0.000,99.98,0,""
"25k_0p03.mtx",25228,25228,0.03,175027,2,"Guided+SIMD, chunk=8",0.088,10366.49,43193.7,0.000,99.98,0,""
"25k_0p03.mtx",25228,25228,0.03,175027,2,"Guided+SIMD, chunk=16",0.088,10387.49,43281.2,0.000,99.98,0,""
"25k_0p03.mtx",25228,25228,0.03,175027,2,"Guided+SIMD, chunk=32",0.088,10386.17,43275.7,0.000,99.98,0,""
"25k_0p03.mtx",25228,25228,0.03,175027,2,"Static+SIMD+Affinity,",0.100,9201.90,38341.3,0.001,99.98,0,""
"25k_0p03.mtx",25228,25228,0.03,175027,2,"Static+SIMD+Affinity,",0.097,9463.50,39431.3,0.000,99.98,0,""
"25k_0p03.mtx",25228,25228,0.03,175027,2,"Guided+SIMD+Affinity,",0.088,10433.36,43472.3,0.000,99.98,0,""
"25k_0p03.mtx",25228,25228,0.03,175027,2,"Guided+SIMD+Register,",0.082,11149.39,46455.8,0.000,99.98,0,""
"25k_0p03.mtx",25228,25228,0.03,175027,2,"Guided+SIMD+Register,",0.082,11148.56,46452.3,0.000,99.98,0,""
"25k_0p03.mtx",25228,25228,0.03,175027,2,"Static+SIMD+Register,",0.091,10068.03,41950.1,0.000,99.98,0,""
"25k_0p03.mtx",25228,25228,0.03,175027,2,"Static+SIMD+Register,",0.094,9739.30,40580.4,0.001,99.98,0,""
"25k_0p03.mtx",25228,25228,0.03,175027,2,"Task-based+SIMD",21.274,43.05,179.4,11.314,95.60,0,""
"25k_0p03.mtx",25228,25228,0.03,175027,2,"Guided+SIMD+Align+Affin,",0.089,10342.21,43092.6,0.001,99.98,0,""
"25k_0p03.mtx",25228,25228,0.03,175027,2,"Static+SIMD+Align+Affin,",0.098,9384.95,39103.9,0.000,99.98,0,""
"25k_0p03.mtx",25228,25228,0.03,175027,4,"Static (default)",278.708,3.13,13.0,74.542,0.00,0,""
"25k_0p03.mtx",25228,25228,0.03,175027,4,"Static, chunk=8",242.656,3.59,15.0,58.717,12.94,0,""
"25k_0p03.mtx",25228,25228,0.03,175027,4,"Static, chunk=32",228.255,3.82,15.9,23.852,18.10,0,""
"25k_0p03.mtx",25228,25228,0.03,175027,4,"Dynamic, chunk=8",217.598,4.00,16.7,5.094,21.93,0,""
"25k_0p03.mtx",25228,25228,0.03,175027,4,"Dynamic, chunk=16",220.691,3.95,16.4,9.009,20.82,0,""
"25k_0p03.mtx",25228,25228,0.03,175027,4,"Dynamic, chunk=32",214.328,4.06,16.9,0.062,23.10,0,""
"25k_0p03.mtx",25228,25228,0.03,175027,4,"Dynamic, chunk=64",225.671,3.86,16.1,17.345,19.03,0,""
"25k_0p03.mtx",25228,25228,0.03,175027,4,"Guided, chunk=8",242.221,3.60,15.0,43.587,13.09,0,""
"25k_0p03.mtx",25228,25228,0.03,175027,4,"Guided, chunk=16",242.133,3.60,15.0,38.950,13.12,0,""
"25k_0p03.mtx",25228,25228,0.03,175027,4,"Guided, chunk=32",234.201,3.72,15.5,34.143,15.97,0,""
"25k_0p03.mtx",25228,25228,0.03,175027,4,"Auto (runtime)",219.421,3.97,16.5,15.452,21.27,0,""
"25k_0p03.mtx",25228,25228,0.03,175027,4,"Static+SIMD, chunk=8",0.062,13997.81,58324.2,0.001,99.98,0,""
"25k_0p03.mtx",25228,25228,0.03,175027,4,"Static+SIMD, chunk=16",0.057,15410.12,64208.8,0.001,99.98,0,""
"25k_0p03.mtx",25228,25228,0.03,175027,4,"Static+SIMD, chunk=32",0.050,17383.63,72431.8,0.000,99.98,0,""
"25k_0p03.mtx",25228,25228,0.03,175027,4,"Dynamic+SIMD, chunk=8",0.171,5091.96,21216.5,0.002,99.94,0,""
"25k_0p03.mtx",25228,25228,0.03,175027,4,"Dynamic+SIMD, chunk=16",0.094,9239.11,38496.3,0.001,99.97,0,""
"25k_0p03.mtx",25228,25228,0.03,175027,4,"Dynamic+SIMD, chunk=32",0.068,12842.49,53510.4,0.001,99.98,0,""
"25k_0p03.mtx",25228,25228,0.03,175027,4,"Guided+SIMD, chunk=8",0.047,18406.90,76695.4,0.000,99.98,0,""
"25k_0p03.mtx",25228,25228,0.03,175027,4,"Guided+SIMD, chunk=16",0.047,18384.44,76601.8,0.000,99.98,0,""
"25k_0p03.mtx",25228,25228,0.03,175027,4,"Guided+SIMD, chunk=32",0.047,18378.14,76575.6,0.000,99.98,0,""
"25k_0p03.mtx",25228,25228,0.03,175027,4,"Static+SIMD+Affinity,",0.056,15546.96,64779.0,0.001,99.98,0,""
"25k_0p03.mtx",25228,25228,0.03,175027,4,"Static+SIMD+Affinity,",0.050,17524.45,73018.6,0.000,99.98,0,""
"25k_0p03.mtx",25228,25228,0.03,175027,4,"Guided+SIMD+Affinity,",0.047,18412.82,76720.1,0.000,99.98,0,""
"25k_0p03.mtx",25228,25228,0.03,175027,4,"Guided+SIMD+Register,",0.044,19644.34,81851.4,0.000,99.98,0,""
"25k_0p03.mtx",25228,25228,0.03,175027,4,"Guided+SIMD+Register,",0.044,19671.28,81963.6,0.000,99.98,0,""
"25k_0p03.mtx",25228,25228,0.03,175027,4,"Static+SIMD+Register,",0.047,18647.04,77696.0,0.000,99.98,0,""
"25k_0p03.mtx",25228,25228,0.03,175027,4,"Static+SIMD+Register,",0.053,16421.21,68421.7,0.000,99.98,0,""
"25k_0p03.mtx",25228,25228,0.03,175027,4,"Task-based+SIMD",42.884,20.31,84.6,13.955,84.61,0,""
"25k_0p03.mtx",25228,25228,0.03,175027,4,"Guided+SIMD+Align+Affin,",0.062,14123.33,58847.2,0.070,99.98,0,""
"25k_0p03.mtx",25228,25228,0.03,175027,4,"Static+SIMD+Align+Affin,",0.050,17544.66,73102.8,0.001,99.98,0,""
"25k_0p03.mtx",25228,25228,0.03,175027,8,"Static (default)",155.063,5.59,23.3,51.733,0.00,0,""
"25k_0p03.mtx",25228,25228,0.03,175027,8,"Static, chunk=8",144.303,6.01,25.0,35.295,6.94,0,""
"25k_0p03.mtx",25228,25228,0.03,175027,8,"Static, chunk=32",139.187,6.23,26.0,31.994,10.24,0,""
"25k_0p03.mtx",25228,25228,0.03,175027,8,"Dynamic, chunk=8",120.849,7.18,29.9,16.446,22.06,0,""
"25k_0p03.mtx",25228,25228,0.03,175027,8,"Dynamic, chunk=16",112.977,7.68,32.0,7.917,27.14,0,""
"25k_0p03.mtx",25228,25228,0.03,175027,8,"Dynamic, chunk=32",131.556,6.59,27.5,19.504,15.16,0,""
"25k_0p03.mtx",25228,25228,0.03,175027,8,"Dynamic, chunk=64",112.828,7.69,32.0,7.924,27.24,0,""
"25k_0p03.mtx",25228,25228,0.03,175027,8,"Guided, chunk=8",122.691,7.07,29.5,22.746,20.88,0,""
"25k_0p03.mtx",25228,25228,0.03,175027,8,"Guided, chunk=16",124.947,6.94,28.9,23.606,19.42,0,""
"25k_0p03.mtx",25228,25228,0.03,175027,8,"Guided, chunk=32",118.625,7.31,30.5,17.571,23.50,0,""
"25k_0p03.mtx",25228,25228,0.03,175027,8,"Auto (runtime)",166.879,5.20,21.7,42.318,,0,""
"25k_0p03.mtx",25228,25228,0.03,175027,8,"Static+SIMD, chunk=8",8.962,96.79,403.3,2.984,94.22,0,""
"25k_0p03.mtx",25228,25228,0.03,175027,8,"Static+SIMD, chunk=16",0.253,3422.25,14259.4,0.922,99.84,0,""
"25k_0p03.mtx",25228,25228,0.03,175027,8,"Static+SIMD, chunk=32",0.026,33533.38,139722.4,0.001,99.98,0,""
"25k_0p03.mtx",25228,25228,0.03,175027,8,"Dynamic+SIMD, chunk=8",0.155,5580.96,23254.0,0.001,99.90,0,""
"25k_0p03.mtx",25228,25228,0.03,175027,8,"Dynamic+SIMD, chunk=16",0.078,11135.21,46396.7,0.000,99.95,0,""
"25k_0p03.mtx",25228,25228,0.03,175027,8,"Dynamic+SIMD, chunk=32",0.042,20501.91,85424.6,0.000,99.97,0,""
"25k_0p03.mtx",25228,25228,0.03,175027,8,"Guided+SIMD, chunk=8",0.029,29989.52,124956.3,0.000,99.98,0,""
"25k_0p03.mtx",25228,25228,0.03,175027,8,"Guided+SIMD, chunk=16",0.027,31544.99,131437.5,0.000,99.98,0,""
"25k_0p03.mtx",25228,25228,0.03,175027,8,"Guided+SIMD, chunk=32",0.026,33084.67,137852.8,0.000,99.98,0,""
"25k_0p03.mtx",25228,25228,0.03,175027,8,"Static+SIMD+Affinity,",0.027,32093.54,133723.1,0.001,99.98,0,""
"25k_0p03.mtx",25228,25228,0.03,175027,8,"Static+SIMD+Affinity,",0.025,35374.86,147395.2,0.000,99.98,0,""
"25k_0p03.mtx",25228,25228,0.03,175027,8,"Guided+SIMD+Affinity,",0.026,32932.85,137220.2,0.000,99.98,0,""
"25k_0p03.mtx",25228,25228,0.03,175027,8,"Guided+SIMD+Register,",0.025,34704.78,144603.3,0.000,99.98,0,""
"25k_0p03.mtx",25228,25228,0.03,175027,8,"Guided+SIMD+Register,",0.026,33273.64,138640.2,0.000,99.98,0,""
"25k_0p03.mtx",25228,25228,0.03,175027,8,"Static+SIMD+Register,",0.023,37419.43,155914.3,0.000,99.99,0,""
"25k_0p03.mtx",25228,25228,0.03,175027,8,"Static+SIMD+Register,",0.026,33667.65,140281.9,0.001,99.98,0,""
"25k_0p03.mtx",25228,25228,0.03,175027,8,"Task-based+SIMD",78.415,11.06,46.1,19.192,49.43,0,""
"25k_0p03.mtx",25228,25228,0.03,175027,8,"Guided+SIMD+Align+Affin,",9.222,94.06,391.9,1.409,94.05,0,""
"25k_0p03.mtx",25228,25228,0.03,175027,8,"Static+SIMD+Align+Affin,",8.770,98.91,412.1,1.667,94.34,0,""
"25k_0p03.mtx",25228,25228,0.03,175027,12,"Static (default)",116.905,7.47,31.1,43.119,0.00,0,""
"25k_0p03.mtx",25228,25228,0.03,175027,12,"Static, chunk=8",129.743,6.73,28.0,29.508,,0,""
"25k_0p03.mtx",25228,25228,0.03,175027,12,"Static, chunk=32",130.422,6.70,27.9,15.230,,0,""
"25k_0p03.mtx",25228,25228,0.03,175027,12,"Dynamic, chunk=8",93.609,9.33,38.9,16.679,19.93,0,""
"25k_0p03.mtx",25228,25228,0.03,175027,12,"Dynamic, chunk=16",114.603,7.62,31.8,7.668,1.97,0,""
"25k_0p03.mtx",25228,25228,0.03,175027,12,"Dynamic, chunk=32",107.296,8.14,33.9,16.123,8.22,0,""
"25k_0p03.mtx",25228,25228,0.03,175027,12,"Dynamic, chunk=64",100.435,8.70,36.2,16.367,14.09,0,""
"25k_0p03.mtx",25228,25228,0.03,175027,12,"Guided, chunk=8",100.129,8.72,36.3,25.080,14.35,0,""
"25k_0p03.mtx",25228,25228,0.03,175027,12,"Guided, chunk=16",102.346,8.53,35.6,22.836,12.45,0,""
"25k_0p03.mtx",25228,25228,0.03,175027,12,"Guided, chunk=32",96.067,9.09,37.9,22.038,17.82,0,""
"25k_0p03.mtx",25228,25228,0.03,175027,12,"Auto (runtime)",115.065,7.59,31.6,24.421,1.57,0,""
"25k_0p03.mtx",25228,25228,0.03,175027,12,"Static+SIMD, chunk=8",0.028,30848.99,128537.5,0.001,99.98,0,""
"25k_0p03.mtx",25228,25228,0.03,175027,12,"Static+SIMD, chunk=16",0.025,34790.74,144961.4,0.001,99.98,0,""
"25k_0p03.mtx",25228,25228,0.03,175027,12,"Static+SIMD, chunk=32",0.024,36426.28,151776.2,0.001,99.98,0,""
"25k_0p03.mtx",25228,25228,0.03,175027,12,"Dynamic+SIMD, chunk=8",0.243,3599.16,14996.5,0.003,99.79,0,""
"25k_0p03.mtx",25228,25228,0.03,175027,12,"Dynamic+SIMD, chunk=16",0.127,6891.55,28714.8,0.002,99.89,0,""
"25k_0p03.mtx",25228,25228,0.03,175027,12,"Dynamic+SIMD, chunk=32",0.060,14467.61,60281.7,0.001,99.95,0,""
"25k_0p03.mtx",25228,25228,0.03,175027,12,"Guided+SIMD, chunk=8",0.034,25349.52,105623.0,0.001,99.97,0,""
"25k_0p03.mtx",25228,25228,0.03,175027,12,"Guided+SIMD, chunk=16",0.032,27506.74,114611.4,0.001,99.97,0,""
"25k_0p03.mtx",25228,25228,0.03,175027,12,"Guided+SIMD, chunk=32",0.029,30071.63,125298.5,0.001,99.98,0,""
"25k_0p03.mtx",25228,25228,0.03,175027,12,"Static+SIMD+Affinity,",0.025,34491.80,143715.8,0.001,99.98,0,""
"25k_0p03.mtx",25228,25228,0.03,175027,12,"Static+SIMD+Affinity,",0.024,37097.63,154573.5,0.001,99.98,0,""
"25k_0p03.mtx",25228,25228,0.03,175027,12,"Guided+SIMD+Affinity,",0.030,29597.98,123324.9,0.001,99.97,0,""
"25k_0p03.mtx",25228,25228,0.03,175027,12,"Guided+SIMD+Register,",0.029,30577.30,127405.4,0.001,99.98,0,""
"25k_0p03.mtx",25228,25228,0.03,175027,12,"Guided+SIMD+Register,",0.031,28197.68,117490.3,0.001,99.97,0,""
"25k_0p03.mtx",25228,25228,0.03,175027,12,"Static+SIMD+Register,",0.023,37381.81,155757.5,0.001,99.98,0,""
"25k_0p03.mtx",25228,25228,0.03,175027,12,"Static+SIMD+Register,",0.024,35891.70,149548.7,0.001,99.98,0,""
"25k_0p03.mtx",25228,25228,0.03,175027,12,"Task-based+SIMD",125.597,6.95,29.0,29.229,,0,""
"25k_0p03.mtx",25228,25228,0.03,175027,12,"Guided+SIMD+Align+Affin,",6.759,129.21,538.4,5.015,94.22,0,""
"25k_0p03.mtx",25228,25228,0.03,175027,12,"Static+SIMD+Align+Affin,",0.020,43709.07,182121.1,0.000,99.98,0,""
"25k_0p03.mtx",25228,25228,0.03,175027,16,"Static (default)",111.928,7.74,32.3,12.683,0.00,0,""
"25k_0p03.mtx",25228,25228,0.03,175027,16,"Static, chunk=8",110.926,7.81,32.5,9.627,0.90,0,""
"25k_0p03.mtx",25228,25228,0.03,175027,16,"Static, chunk=32",85.790,10.10,42.1,28.931,23.35,0,""
"25k_0p03.mtx",25228,25228,0.03,175027,16,"Dynamic, chunk=8",77.845,11.13,46.4,10.715,30.45,0,""
"25k_0p03.mtx",25228,25228,0.03,175027,16,"Dynamic, chunk=16",88.296,9.81,40.9,10.247,21.11,0,""
"25k_0p03.mtx",25228,25228,0.03,175027,16,"Dynamic, chunk=32",77.493,11.18,46.6,13.948,30.77,0,""
"25k_0p03.mtx",25228,25228,0.03,175027,16,"Dynamic, chunk=64",66.823,12.97,54.0,12.034,40.30,0,""
"25k_0p03.mtx",25228,25228,0.03,175027,16,"Guided, chunk=8",64.490,13.43,56.0,17.746,42.38,0,""
"25k_0p03.mtx",25228,25228,0.03,175027,16,"Guided, chunk=16",74.687,11.60,48.3,22.453,33.27,0,""
"25k_0p03.mtx",25228,25228,0.03,175027,16,"Guided, chunk=32",60.771,14.26,59.4,13.087,45.71,0,""
"25k_0p03.mtx",25228,25228,0.03,175027,16,"Auto (runtime)",81.447,10.64,44.3,27.322,27.23,0,""
"25k_0p03.mtx",25228,25228,0.03,175027,16,"Static+SIMD, chunk=8",1.281,676.60,2819.2,3.072,98.86,0,""
"25k_0p03.mtx",25228,25228,0.03,175027,16,"Static+SIMD, chunk=16",0.026,33457.12,139404.7,0.001,99.98,0,""
"25k_0p03.mtx",25228,25228,0.03,175027,16,"Static+SIMD, chunk=32",0.023,36954.82,153978.4,0.001,99.98,0,""
"25k_0p03.mtx",25228,25228,0.03,175027,16,"Dynamic+SIMD, chunk=8",6.492,133.47,556.1,5.953,94.20,0,""
"25k_0p03.mtx",25228,25228,0.03,175027,16,"Dynamic+SIMD, chunk=16",2.389,362.60,1510.9,3.974,97.87,0,""
"25k_0p03.mtx",25228,25228,0.03,175027,16,"Dynamic+SIMD, chunk=32",0.087,9914.63,41311.0,0.002,99.92,0,""
"25k_0p03.mtx",25228,25228,0.03,175027,16,"Guided+SIMD, chunk=8",0.045,19329.96,80541.5,0.002,99.96,0,""
"25k_0p03.mtx",25228,25228,0.03,175027,16,"Guided+SIMD, chunk=16",0.042,20751.65,86465.2,0.002,99.96,0,""
"25k_0p03.mtx",25228,25228,0.03,175027,16,"Guided+SIMD, chunk=32",0.038,22882.59,95344.1,0.002,99.97,0,""
"25k_0p03.mtx",25228,25228,0.03,175027,16,"Static+SIMD+Affinity,",0.027,32456.52,135235.5,0.001,99.98,0,""
"25k_0p03.mtx",25228,25228,0.03,175027,16,"Static+SIMD+Affinity,",0.024,35653.41,148555.9,0.001,99.98,0,""
"25k_0p03.mtx",25228,25228,0.03,175027,16,"Guided+SIMD+Affinity,",0.040,21720.59,90502.4,0.003,99.96,0,""
"25k_0p03.mtx",25228,25228,0.03,175027,16,"Guided+SIMD+Register,",0.038,22710.37,94626.6,0.002,99.97,0,""
"25k_0p03.mtx",25228,25228,0.03,175027,16,"Guided+SIMD+Register,",0.042,20771.58,86548.2,0.002,99.96,0,""
"25k_0p03.mtx",25228,25228,0.03,175027,16,"Static+SIMD+Register,",0.023,37234.53,155143.9,0.001,99.98,0,""
"25k_0p03.mtx",25228,25228,0.03,175027,16,"Static+SIMD+Register,",0.027,32559.25,135663.6,0.002,99.98,0,""
"25k_0p03.mtx",25228,25228,0.03,175027,16,"Task-based+SIMD",189.825,4.56,19.0,27.576,,0,""
"25k_0p03.mtx",25228,25228,0.03,175027,16,"Guided+SIMD+Align+Affin,",0.033,26360.36,109834.8,0.001,99.97,0,""
"25k_0p03.mtx",25228,25228,0.03,175027,16,"Static+SIMD+Align+Affin,",0.019,44968.18,187367.4,0.001,99.98,0,""
"25k_0p03.mtx",25228,25228,0.03,175027,18,"Static (default)",101.534,8.52,35.5,6.603,0.00,0,""
"25k_0p03.mtx",25228,25228,0.03,175027,18,"Static, chunk=8",54.749,15.79,65.8,13.872,46.08,0,""
"25k_0p03.mtx",25228,25228,0.03,175027,18,"Static, chunk=32",59.655,14.49,60.4,13.031,41.25,0,""
"25k_0p03.mtx",25228,25228,0.03,175027,18,"Dynamic, chunk=8",68.381,12.64,52.7,13.216,32.65,0,""
"25k_0p03.mtx",25228,25228,0.03,175027,18,"Dynamic, chunk=16",71.815,12.04,50.2,12.365,29.27,0,""
"25k_0p03.mtx",25228,25228,0.03,175027,18,"Dynamic, chunk=32",70.711,12.23,50.9,6.350,30.36,0,""
"25k_0p03.mtx",25228,25228,0.03,175027,18,"Dynamic, chunk=64",74.410,11.62,48.4,7.893,26.71,0,""
"25k_0p03.mtx",25228,25228,0.03,175027,18,"Guided, chunk=8",78.436,11.02,45.9,16.200,22.75,0,""
"25k_0p03.mtx",25228,25228,0.03,175027,18,"Guided, chunk=16",58.512,14.78,61.6,18.906,42.37,0,""
"25k_0p03.mtx",25228,25228,0.03,175027,18,"Guided, chunk=32",69.084,12.51,52.1,14.953,31.96,0,""
"25k_0p03.mtx",25228,25228,0.03,175027,18,"Auto (runtime)",101.263,8.54,35.6,10.049,0.27,0,""
"25k_0p03.mtx",25228,25228,0.03,175027,18,"Static+SIMD, chunk=8",0.028,30813.62,128390.1,0.003,99.97,0,""
"25k_0p03.mtx",25228,25228,0.03,175027,18,"Static+SIMD, chunk=16",0.023,37488.44,156201.8,0.001,99.98,0,""
"25k_0p03.mtx",25228,25228,0.03,175027,18,"Static+SIMD, chunk=32",0.022,40052.18,166884.1,0.001,99.98,0,""
"25k_0p03.mtx",25228,25228,0.03,175027,18,"Dynamic+SIMD, chunk=8",4.301,201.04,837.6,4.482,95.76,0,""
"25k_0p03.mtx",25228,25228,0.03,175027,18,"Dynamic+SIMD, chunk=16",0.677,1276.97,5320.7,2.003,99.33,0,""
"25k_0p03.mtx",25228,25228,0.03,175027,18,"Dynamic+SIMD, chunk=32",0.070,12292.87,51220.3,0.002,99.93,0,""
"25k_0p03.mtx",25228,25228,0.03,175027,18,"Guided+SIMD, chunk=8",0.045,19410.77,80878.2,0.003,99.96,0,""
"25k_0p03.mtx",25228,25228,0.03,175027,18,"Guided+SIMD, chunk=16",0.041,21045.90,87691.3,0.002,99.96,0,""
"25k_0p03.mtx",25228,25228,0.03,175027,18,"Guided+SIMD, chunk=32",0.038,23002.64,95844.3,0.001,99.96,0,""
"25k_0p03.mtx",25228,25228,0.03,175027,18,"Static+SIMD+Affinity,",0.022,38793.92,161641.3,0.001,99.98,0,""
"25k_0p03.mtx",25228,25228,0.03,175027,18,"Static+SIMD+Affinity,",0.020,42762.15,178175.6,0.001,99.98,0,""
"25k_0p03.mtx",25228,25228,0.03,175027,18,"Guided+SIMD+Affinity,",0.039,22372.05,93216.9,0.002,99.96,0,""
"25k_0p03.mtx",25228,25228,0.03,175027,18,"Guided+SIMD+Register,",0.039,22169.82,92374.3,0.002,99.96,0,""
"25k_0p03.mtx",25228,25228,0.03,175027,18,"Guided+SIMD+Register,",0.042,20759.02,86495.9,0.003,99.96,0,""
"25k_0p03.mtx",25228,25228,0.03,175027,18,"Static+SIMD+Register,",0.020,42246.82,176028.4,0.001,99.98,0,""
"25k_0p03.mtx",25228,25228,0.03,175027,18,"Static+SIMD+Register,",0.022,39287.42,163697.6,0.001,99.98,0,""
"25k_0p03.mtx",25228,25228,0.03,175027,18,"Task-based+SIMD",228.132,3.79,15.8,34.204,,0,""
"25k_0p03.mtx",25228,25228,0.03,175027,18,"Guided+SIMD+Align+Affin,",8.708,99.28,413.7,2.108,91.42,0,""
"25k_0p03.mtx",25228,25228,0.03,175027,18,"Static+SIMD+Align+Affin,",0.017,50087.39,208697.5,0.001,99.98,0,""
"25k_0p03.mtx",25228,25228,0.03,175027,20,"Static (default)",91.738,9.54,39.8,8.707,0.00,0,""
"25k_0p03.mtx",25228,25228,0.03,175027,20,"Static, chunk=8",90.081,9.72,40.5,11.606,1.81,0,""
"25k_0p03.mtx",25228,25228,0.03,175027,20,"Static, chunk=32",87.201,10.04,41.8,15.868,4.95,0,""
"25k_0p03.mtx",25228,25228,0.03,175027,20,"Dynamic, chunk=8",55.000,15.92,66.3,13.444,40.05,0,""
"25k_0p03.mtx",25228,25228,0.03,175027,20,"Dynamic, chunk=16",43.360,20.19,84.1,1.450,52.73,0,""
"25k_0p03.mtx",25228,25228,0.03,175027,20,"Dynamic, chunk=32",62.183,14.08,58.7,18.185,32.22,0,""
"25k_0p03.mtx",25228,25228,0.03,175027,20,"Dynamic, chunk=64",69.595,12.58,52.4,19.556,24.14,0,""
"25k_0p03.mtx",25228,25228,0.03,175027,20,"Guided, chunk=8",78.050,11.22,46.7,10.366,14.92,0,""
"25k_0p03.mtx",25228,25228,0.03,175027,20,"Guided, chunk=16",53.708,16.30,67.9,14.668,41.46,0,""
"25k_0p03.mtx",25228,25228,0.03,175027,20,"Guided, chunk=32",69.552,12.59,52.4,15.178,24.18,0,""
"25k_0p03.mtx",25228,25228,0.03,175027,20,"Auto (runtime)",86.914,10.07,42.0,12.127,5.26,0,""
"25k_0p03.mtx",25228,25228,0.03,175027,20,"Static+SIMD, chunk=8",0.419,2090.28,8709.5,1.776,99.54,0,""
"25k_0p03.mtx",25228,25228,0.03,175027,20,"Static+SIMD, chunk=16",0.026,33845.96,141024.8,0.002,99.97,0,""
"25k_0p03.mtx",25228,25228,0.03,175027,20,"Static+SIMD, chunk=32",0.021,41682.09,173675.4,0.001,99.98,0,""
"25k_0p03.mtx",25228,25228,0.03,175027,20,"Dynamic+SIMD, chunk=8",1.588,551.37,2297.4,2.751,98.27,0,""
"25k_0p03.mtx",25228,25228,0.03,175027,20,"Dynamic+SIMD, chunk=16",0.147,5969.77,24874.0,0.003,99.84,0,""
"25k_0p03.mtx",25228,25228,0.03,175027,20,"Dynamic+SIMD, chunk=32",9.214,95.01,395.9,6.796,89.96,0,""
"25k_0p03.mtx",25228,25228,0.03,175027,20,"Guided+SIMD, chunk=8",11.159,78.44,326.8,3.464,87.84,0,""
"25k_0p03.mtx",25228,25228,0.03,175027,20,"Guided+SIMD, chunk=16",10.422,83.99,350.0,2.330,88.64,0,""
"25k_0p03.mtx",25228,25228,0.03,175027,20,"Guided+SIMD, chunk=32",11.459,76.39,318.3,1.219,87.51,0,""
"25k_0p03.mtx",25228,25228,0.03,175027,20,"Static+SIMD+Affinity,",9.849,88.88,370.3,3.053,89.26,0,""
"25k_0p03.mtx",25228,25228,0.03,175027,20,"Static+SIMD+Affinity,",0.021,41464.97,172770.7,0.002,99.98,0,""
"25k_0p03.mtx",25228,25228,0.03,175027,20,"Guided+SIMD+Affinity,",0.046,18829.87,78457.8,0.002,99.95,0,""
"25k_0p03.mtx",25228,25228,0.03,175027,20,"Guided+SIMD+Register,",0.046,18948.94,78953.9,0.003,99.95,0,""
"25k_0p03.mtx",25228,25228,0.03,175027,20,"Guided+SIMD+Register,",0.048,18314.42,76310.1,0.003,99.95,0,""
"25k_0p03.mtx",25228,25228,0.03,175027,20,"Static+SIMD+Register,",0.021,41305.55,172106.5,0.001,99.98,0,""
"25k_0p03.mtx",25228,25228,0.03,175027,20,"Static+SIMD+Register,",0.024,36429.84,151791.0,0.001,99.97,0,""
"25k_0p03.mtx",25228,25228,0.03,175027,20,"Task-based+SIMD",265.875,3.29,13.7,34.273,,0,""
"25k_0p03.mtx",25228,25228,0.03,175027,20,"Guided+SIMD+Align+Affin,",14.437,60.63,252.6,3.678,84.26,0,""
"25k_0p03.mtx",25228,25228,0.03,175027,20,"Static+SIMD+Align+Affin,",3.497,250.33,1043.1,5.412,96.19,0,""
"25k_0p03.mtx",25228,25228,0.03,175027,22,"Static (default)",86.686,10.21,42.5,8.999,0.00,0,""
"25k_0p03.mtx",25228,25228,0.03,175027,22,"Static, chunk=8",86.026,10.29,42.9,3.035,0.76,0,""
"25k_0p03.mtx",25228,25228,0.03,175027,22,"Static, chunk=32",81.921,10.80,45.0,16.308,5.50,0,""
"25k_0p03.mtx",25228,25228,0.03,175027,22,"Dynamic, chunk=8",51.958,17.03,71.0,7.579,40.06,0,""
"25k_0p03.mtx",25228,25228,0.03,175027,22,"Dynamic, chunk=16",47.474,18.64,77.7,7.536,45.23,0,""
"25k_0p03.mtx",25228,25228,0.03,175027,22,"Dynamic, chunk=32",40.368,21.92,91.3,0.124,53.43,0,""
"25k_0p03.mtx",25228,25228,0.03,175027,22,"Dynamic, chunk=64",64.033,13.82,57.6,8.896,26.13,0,""
"25k_0p03.mtx",25228,25228,0.03,175027,22,"Guided, chunk=8",71.460,12.38,51.6,11.364,17.57,0,""
"25k_0p03.mtx",25228,25228,0.03,175027,22,"Guided, chunk=16",51.327,17.24,71.8,15.937,40.79,0,""
"25k_0p03.mtx",25228,25228,0.03,175027,22,"Guided, chunk=32",43.408,20.39,84.9,7.052,49.93,0,""
"25k_0p03.mtx",25228,25228,0.03,175027,22,"Auto (runtime)",85.337,10.37,43.2,6.225,1.56,0,""
"25k_0p03.mtx",25228,25228,0.03,175027,22,"Static+SIMD, chunk=8",11.342,78.02,325.1,2.062,86.92,0,""
"25k_0p03.mtx",25228,25228,0.03,175027,22,"Static+SIMD, chunk=16",11.724,75.48,314.5,2.620,86.48,0,""
"25k_0p03.mtx",25228,25228,0.03,175027,22,"Static+SIMD, chunk=32",7.248,122.09,508.7,5.265,91.64,0,""
"25k_0p03.mtx",25228,25228,0.03,175027,22,"Dynamic+SIMD, chunk=8",0.694,1274.85,5311.9,1.183,99.20,0,""
"25k_0p03.mtx",25228,25228,0.03,175027,22,"Dynamic+SIMD, chunk=16",9.385,94.28,392.9,2.199,89.17,0,""
"25k_0p03.mtx",25228,25228,0.03,175027,22,"Dynamic+SIMD, chunk=32",8.992,98.41,410.0,1.585,89.63,0,""
"25k_0p03.mtx",25228,25228,0.03,175027,22,"Guided+SIMD, chunk=8",8.973,98.61,410.9,2.256,89.65,0,""
"25k_0p03.mtx",25228,25228,0.03,175027,22,"Guided+SIMD, chunk=16",0.994,890.03,3708.4,2.392,98.85,0,""
"25k_0p03.mtx",25228,25228,0.03,175027,22,"Guided+SIMD, chunk=32",0.041,21704.21,90434.2,0.001,99.95,0,""
"25k_0p03.mtx",25228,25228,0.03,175027,22,"Static+SIMD+Affinity,",0.019,47403.91,197516.3,0.001,99.98,0,""
"25k_0p03.mtx",25228,25228,0.03,175027,22,"Static+SIMD+Affinity,",0.016,53972.69,224886.2,0.001,99.98,0,""
"25k_0p03.mtx",25228,25228,0.03,175027,22,"Guided+SIMD+Affinity,",0.040,21912.21,91300.9,0.001,99.95,0,""
"25k_0p03.mtx",25228,25228,0.03,175027,22,"Guided+SIMD+Register,",0.040,21849.43,91039.3,0.002,99.95,0,""
"25k_0p03.mtx",25228,25228,0.03,175027,22,"Guided+SIMD+Register,",0.044,19983.98,83266.6,0.002,99.95,0,""
"25k_0p03.mtx",25228,25228,0.03,175027,22,"Static+SIMD+Register,",0.016,55137.24,229738.5,0.001,99.98,0,""
"25k_0p03.mtx",25228,25228,0.03,175027,22,"Static+SIMD+Register,",0.018,48895.14,203729.7,0.001,99.98,0,""
"25k_0p03.mtx",25228,25228,0.03,175027,22,"Task-based+SIMD",221.224,4.00,16.7,46.438,,0,""
"25k_0p03.mtx",25228,25228,0.03,175027,22,"Guided+SIMD+Align+Affin,",9.360,94.54,393.9,1.589,89.20,0,""
"25k_0p03.mtx",25228,25228,0.03,175027,22,"Static+SIMD+Align+Affin,",9.059,97.69,407.0,2.086,89.55,0,""
"25k_0p03.mtx",25228,25228,0.03,175027,24,"Static (default)",82.448,10.83,45.1,3.493,0.00,0,""
"25k_0p03.mtx",25228,25228,0.03,175027,24,"Static, chunk=8",77.461,11.53,48.0,7.835,6.05,0,""
"25k_0p03.mtx",25228,25228,0.03,175027,24,"Static, chunk=32",76.932,11.61,48.4,9.587,6.69,0,""
"25k_0p03.mtx",25228,25228,0.03,175027,24,"Dynamic, chunk=8",71.573,12.48,52.0,5.687,13.19,0,""
"25k_0p03.mtx",25228,25228,0.03,175027,24,"Dynamic, chunk=16",69.164,12.91,53.8,11.445,16.11,0,""
"25k_0p03.mtx",25228,25228,0.03,175027,24,"Dynamic, chunk=32",55.446,16.10,67.1,14.691,32.75,0,""
"25k_0p03.mtx",25228,25228,0.03,175027,24,"Dynamic, chunk=64",56.354,15.84,66.0,7.584,31.65,0,""
"25k_0p03.mtx",25228,25228,0.03,175027,24,"Guided, chunk=8",67.814,13.17,54.9,13.275,17.75,0,""
"25k_0p03.mtx",25228,25228,0.03,175027,24,"Guided, chunk=16",57.155,15.62,65.1,18.103,30.68,0,""
"25k_0p03.mtx",25228,25228,0.03,175027,24,"Guided, chunk=32",68.772,12.98,54.1,8.184,16.59,0,""
"25k_0p03.mtx",25228,25228,0.03,175027,24,"Auto (runtime)",77.034,11.59,48.3,11.352,6.57,0,""
"25k_0p03.mtx",25228,25228,0.03,175027,24,"Static+SIMD, chunk=8",11.503,77.63,323.4,1.539,86.05,0,""
"25k_0p03.mtx",25228,25228,0.03,175027,24,"Static+SIMD, chunk=16",1.859,480.41,2001.7,3.876,97.75,0,""
"25k_0p03.mtx",25228,25228,0.03,175027,24,"Static+SIMD, chunk=32",0.017,51390.14,214125.6,0.001,99.98,0,""
"25k_0p03.mtx",25228,25228,0.03,175027,24,"Dynamic+SIMD, chunk=8",0.207,4310.27,17959.5,0.003,99.75,0,""
"25k_0p03.mtx",25228,25228,0.03,175027,24,"Dynamic+SIMD, chunk=16",0.108,8262.47,34427.0,0.002,99.87,0,""
"25k_0p03.mtx",25228,25228,0.03,175027,24,"Dynamic+SIMD, chunk=32",5.338,167.26,696.9,5.102,93.53,0,""
"25k_0p03.mtx",25228,25228,0.03,175027,24,"Guided+SIMD, chunk=8",0.056,15980.77,66586.6,0.003,99.93,0,""
"25k_0p03.mtx",25228,25228,0.03,175027,24,"Guided+SIMD, chunk=16",0.049,18313.21,76305.0,0.002,99.94,0,""
"25k_0p03.mtx",25228,25228,0.03,175027,24,"Guided+SIMD, chunk=32",0.045,19803.56,82514.8,0.003,99.95,0,""
"25k_0p03.mtx",25228,25228,0.03,175027,24,"Static+SIMD+Affinity,",0.021,42112.43,175468.5,0.001,99.97,0,""
"25k_0p03.mtx",25228,25228,0.03,175027,24,"Static+SIMD+Affinity,",0.019,47165.86,196524.4,0.001,99.98,0,""
"25k_0p03.mtx",25228,25228,0.03,175027,24,"Guided+SIMD+Affinity,",0.046,19444.12,81017.2,0.003,99.94,0,""
"25k_0p03.mtx",25228,25228,0.03,175027,24,"Guided+SIMD+Register,",0.046,19609.86,81707.7,0.002,99.94,0,""
"25k_0p03.mtx",25228,25228,0.03,175027,24,"Guided+SIMD+Register,",0.051,17601.24,73338.5,0.002,99.94,0,""
"25k_0p03.mtx",25228,25228,0.03,175027,24,"Static+SIMD+Register,",0.018,48272.52,201135.5,0.001,99.98,0,""
"25k_0p03.mtx",25228,25228,0.03,175027,24,"Static+SIMD+Register,",0.020,43605.04,181687.7,0.001,99.98,0,""
"25k_0p03.mtx",25228,25228,0.03,175027,24,"Task-based+SIMD",263.356,3.39,14.1,49.805,,0,""
"25k_0p03.mtx",25228,25228,0.03,175027,24,"Guided+SIMD+Align+Affin,",9.153,97.55,406.5,3.084,88.90,0,""
"25k_0p03.mtx",25228,25228,0.03,175027,24,"Static+SIMD+Align+Affin,",9.054,98.62,410.9,1.626,89.02,0,""
"2k_0p22.mtx",1624,1624,0.23,6050,1,"Static (default)",3.310,1.00,4.2,0.005,0.00,0,""
"2k_0p22.mtx",1624,1624,0.23,6050,1,"Static, chunk=8",3.309,1.00,4.2,0.004,0.04,0,""
"2k_0p22.mtx",1624,1624,0.23,6050,1,"Static, chunk=32",3.311,1.00,4.2,0.004,,0,""
"2k_0p22.mtx",1624,1624,0.23,6050,1,"Dynamic, chunk=8",3.317,1.00,4.2,0.005,,0,""
"2k_0p22.mtx",1624,1624,0.23,6050,1,"Dynamic, chunk=16",3.313,1.00,4.2,0.005,,0,""
"2k_0p22.mtx",1624,1624,0.23,6050,1,"Dynamic, chunk=32",3.311,1.00,4.2,0.004,,0,""
"2k_0p22.mtx",1624,1624,0.23,6050,1,"Dynamic, chunk=64",3.307,1.00,4.2,0.003,0.09,0,""
"2k_0p22.mtx",1624,1624,0.23,6050,1,"Guided, chunk=8",3.321,1.00,4.2,0.033,,0,""
"2k_0p22.mtx",1624,1624,0.23,6050,1,"Guided, chunk=16",3.325,1.00,4.2,0.026,,0,""
"2k_0p22.mtx",1624,1624,0.23,6050,1,"Guided, chunk=32",3.323,1.00,4.2,0.033,,0,""
"2k_0p22.mtx",1624,1624,0.23,6050,1,"Auto (runtime)",3.504,0.95,3.9,0.067,,0,""
"2k_0p22.mtx",1624,1624,0.23,6050,1,"Static+SIMD, chunk=8",0.013,256.36,1068.2,0.001,99.61,0,""
"2k_0p22.mtx",1624,1624,0.23,6050,1,"Static+SIMD, chunk=16",0.013,254.44,1060.2,0.001,99.61,0,""
"2k_0p22.mtx",1624,1624,0.23,6050,1,"Static+SIMD, chunk=32",0.013,262.98,1095.7,0.001,99.62,0,""
"2k_0p22.mtx",1624,1624,0.23,6050,1,"Dynamic+SIMD, chunk=8",0.017,196.27,817.8,0.001,99.49,0,""
"2k_0p22.mtx",1624,1624,0.23,6050,1,"Dynamic+SIMD, chunk=16",0.015,227.30,947.1,0.001,99.56,0,""
"2k_0p22.mtx",1624,1624,0.23,6050,1,"Dynamic+SIMD, chunk=32",0.013,246.09,1025.4,0.001,99.59,0,""
"2k_0p22.mtx",1624,1624,0.23,6050,1,"Guided+SIMD, chunk=8",0.013,246.88,1028.7,0.001,99.59,0,""
"2k_0p22.mtx",1624,1624,0.23,6050,1,"Guided+SIMD, chunk=16",0.013,264.57,1102.4,0.000,99.62,0,""
"2k_0p22.mtx",1624,1624,0.23,6050,1,"Guided+SIMD, chunk=32",0.013,263.95,1099.8,0.000,99.62,0,""
"2k_0p22.mtx",1624,1624,0.23,6050,1,"Static+SIMD+Affinity,",0.013,257.03,1071.0,0.001,99.61,0,""
"2k_0p22.mtx",1624,1624,0.23,6050,1,"Static+SIMD+Affinity,",0.012,267.70,1115.4,0.001,99.63,0,""
"2k_0p22.mtx",1624,1624,0.23,6050,1,"Guided+SIMD+Affinity,",0.013,246.13,1025.5,0.001,99.59,0,""
"2k_0p22.mtx",1624,1624,0.23,6050,1,"Guided+SIMD+Register,",0.014,239.17,996.5,0.001,99.58,0,""
"2k_0p22.mtx",1624,1624,0.23,6050,1,"Guided+SIMD+Register,",0.012,269.66,1123.6,0.000,99.63,0,""
"2k_0p22.mtx",1624,1624,0.23,6050,1,"Static+SIMD+Register,",0.012,268.72,1119.7,0.001,99.63,0,""
"2k_0p22.mtx",1624,1624,0.23,6050,1,"Static+SIMD+Register,",0.012,271.92,1133.0,0.001,99.63,0,""
"2k_0p22.mtx",1624,1624,0.23,6050,1,"Task-based+SIMD",0.046,72.13,300.6,0.001,98.61,0,""
"2k_0p22.mtx",1624,1624,0.23,6050,1,"Guided+SIMD+Align+Affin,",0.013,260.17,1084.1,0.001,99.62,0,""
"2k_0p22.mtx",1624,1624,0.23,6050,1,"Static+SIMD+Align+Affin,",0.012,271.19,1130.0,0.001,99.63,0,""
"2k_0p22.mtx",1624,1624,0.23,6050,2,"Static (default)",4.830,1.32,5.5,4.356,0.00,0,""
"2k_0p22.mtx",1624,1624,0.23,6050,2,"Static, chunk=8",5.474,1.17,4.9,4.933,,0,""
"2k_0p22.mtx",1624,1624,0.23,6050,2,"Static, chunk=32",1.803,3.55,14.8,0.013,62.68,0,""
"2k_0p22.mtx",1624,1624,0.23,6050,2,"Dynamic, chunk=8",1.810,3.53,14.7,0.011,62.53,0,""
"2k_0p22.mtx",1624,1624,0.23,6050,2,"Dynamic, chunk=16",1.791,3.57,14.9,0.011,62.92,0,""
"2k_0p22.mtx",1624,1624,0.23,6050,2,"Dynamic, chunk=32",1.797,3.56,14.8,0.005,62.80,0,""
"2k_0p22.mtx",1624,1624,0.23,6050,2,"Dynamic, chunk=64",1.816,3.52,14.7,0.006,62.41,0,""
"2k_0p22.mtx",1624,1624,0.23,6050,2,"Guided, chunk=8",1.767,3.62,15.1,0.004,63.41,0,""
"2k_0p22.mtx",1624,1624,0.23,6050,2,"Guided, chunk=16",1.766,3.62,15.1,0.004,63.43,0,""
"2k_0p22.mtx",1624,1624,0.23,6050,2,"Guided, chunk=32",1.767,3.62,15.1,0.003,63.42,0,""
"2k_0p22.mtx",1624,1624,0.23,6050,2,"Auto (runtime)",1.765,3.62,15.1,0.003,63.45,0,""
"2k_0p22.mtx",1624,1624,0.23,6050,2,"Static+SIMD, chunk=8",0.007,861.19,3588.3,0.000,99.85,0,""
"2k_0p22.mtx",1624,1624,0.23,6050,2,"Static+SIMD, chunk=16",0.008,823.10,3429.6,0.001,99.84,0,""
"2k_0p22.mtx",1624,1624,0.23,6050,2,"Static+SIMD, chunk=32",0.008,807.27,3363.6,0.001,99.84,0,""
"2k_0p22.mtx",1624,1624,0.23,6050,2,"Dynamic+SIMD, chunk=8",0.023,278.04,1158.5,0.001,99.52,0,""
"2k_0p22.mtx",1624,1624,0.23,6050,2,"Dynamic+SIMD, chunk=16",0.016,399.94,1666.4,0.000,99.67,0,""
"2k_0p22.mtx",1624,1624,0.23,6050,2,"Dynamic+SIMD, chunk=32",0.012,520.19,2167.5,0.001,99.75,0,""
"2k_0p22.mtx",1624,1624,0.23,6050,2,"Guided+SIMD, chunk=8",0.009,726.17,3025.7,0.001,99.82,0,""
"2k_0p22.mtx",1624,1624,0.23,6050,2,"Guided+SIMD, chunk=16",0.008,809.22,3371.8,0.001,99.84,0,""
"2k_0p22.mtx",1624,1624,0.23,6050,2,"Guided+SIMD, chunk=32",0.007,866.17,3609.1,0.001,99.85,0,""
"2k_0p22.mtx",1624,1624,0.23,6050,2,"Static+SIMD+Affinity,",0.008,842.02,3508.4,0.001,99.84,0,""
"2k_0p22.mtx",1624,1624,0.23,6050,2,"Static+SIMD+Affinity,",0.007,921.15,3838.1,0.000,99.86,0,""
"2k_0p22.mtx",1624,1624,0.23,6050,2,"Guided+SIMD+Affinity,",0.009,736.14,3067.3,0.001,99.82,0,""
"2k_0p22.mtx",1624,1624,0.23,6050,2,"Guided+SIMD+Register,",0.008,757.72,3157.2,0.001,99.83,0,""
"2k_0p22.mtx",1624,1624,0.23,6050,2,"Guided+SIMD+Register,",0.007,902.81,3761.7,0.001,99.85,0,""
"2k_0p22.mtx",1624,1624,0.23,6050,2,"Static+SIMD+Register,",0.006,1034.56,4310.7,0.000,99.87,0,""
"2k_0p22.mtx",1624,1624,0.23,6050,2,"Static+SIMD+Register,",0.007,977.70,4073.8,0.001,99.86,0,""
"2k_0p22.mtx",1624,1624,0.23,6050,2,"Task-based+SIMD",1.291,4.95,20.6,0.133,73.26,0,""
"2k_0p22.mtx",1624,1624,0.23,6050,2,"Guided+SIMD+Align+Affin,",0.008,774.78,3228.2,0.001,99.83,0,""
"2k_0p22.mtx",1624,1624,0.23,6050,2,"Static+SIMD+Align+Affin,",0.007,925.81,3857.5,0.000,99.86,0,""
"2k_0p22.mtx",1624,1624,0.23,6050,4,"Static (default)",4.617,0.90,3.8,5.473,0.00,0,""
"2k_0p22.mtx",1624,1624,0.23,6050,4,"Static, chunk=8",9.088,0.46,1.9,4.675,,0,""
"2k_0p22.mtx",1624,1624,0.23,6050,4,"Static, chunk=32",2.068,2.02,8.4,0.223,55.20,0,""
"2k_0p22.mtx",1624,1624,0.23,6050,4,"Dynamic, chunk=8",2.335,1.79,7.4,0.439,49.43,0,""
"2k_0p22.mtx",1624,1624,0.23,6050,4,"Dynamic, chunk=16",2.245,1.86,7.7,0.050,51.37,0,""
"2k_0p22.mtx",1624,1624,0.23,6050,4,"Dynamic, chunk=32",1.228,3.40,14.1,0.472,73.41,0,""
"2k_0p22.mtx",1624,1624,0.23,6050,4,"Dynamic, chunk=64",1.157,3.60,15.0,0.052,74.95,0,""
"2k_0p22.mtx",1624,1624,0.23,6050,4,"Guided, chunk=8",1.518,2.75,11.4,0.295,67.13,0,""
"2k_0p22.mtx",1624,1624,0.23,6050,4,"Guided, chunk=16",1.534,2.72,11.3,0.258,66.77,0,""
"2k_0p22.mtx",1624,1624,0.23,6050,4,"Guided, chunk=32",1.499,2.78,11.6,0.173,67.54,0,""
"2k_0p22.mtx",1624,1624,0.23,6050,4,"Auto (runtime)",1.436,2.90,12.1,0.205,68.90,0,""
"2k_0p22.mtx",1624,1624,0.23,6050,4,"Static+SIMD, chunk=8",0.008,537.89,2241.2,0.001,99.83,0,""
"2k_0p22.mtx",1624,1624,0.23,6050,4,"Static+SIMD, chunk=16",0.006,646.19,2692.4,0.000,99.86,0,""
"2k_0p22.mtx",1624,1624,0.23,6050,4,"Static+SIMD, chunk=32",0.006,707.70,2948.8,0.000,99.87,0,""
"2k_0p22.mtx",1624,1624,0.23,6050,4,"Dynamic+SIMD, chunk=8",0.020,209.49,872.9,0.000,99.57,0,""
"2k_0p22.mtx",1624,1624,0.23,6050,4,"Dynamic+SIMD, chunk=16",0.012,345.48,1439.5,0.000,99.74,0,""
"2k_0p22.mtx",1624,1624,0.23,6050,4,"Dynamic+SIMD, chunk=32",0.009,462.15,1925.6,0.000,99.80,0,""
"2k_0p22.mtx",1624,1624,0.23,6050,4,"Guided+SIMD, chunk=8",0.008,525.17,2188.2,0.000,99.83,0,""
"2k_0p22.mtx",1624,1624,0.23,6050,4,"Guided+SIMD, chunk=16",0.007,585.22,2438.4,0.000,99.85,0,""
"2k_0p22.mtx",1624,1624,0.23,6050,4,"Guided+SIMD, chunk=32",0.006,642.58,2677.4,0.000,99.86,0,""
"2k_0p22.mtx",1624,1624,0.23,6050,4,"Static+SIMD+Affinity,",0.006,654.11,2725.5,0.000,99.86,0,""
"2k_0p22.mtx",1624,1624,0.23,6050,4,"Static+SIMD+Affinity,",0.006,698.98,2912.4,0.000,99.87,0,""
"2k_0p22.mtx",1624,1624,0.23,6050,4,"Guided+SIMD+Affinity,",0.007,597.10,2487.9,0.000,99.85,0,""
"2k_0p22.mtx",1624,1624,0.23,6050,4,"Guided+SIMD+Register,",0.007,608.64,2536.0,0.000,99.85,0,""
"2k_0p22.mtx",1624,1624,0.23,6050,4,"Guided+SIMD+Register,",0.007,608.91,2537.1,0.000,99.85,0,""
"2k_0p22.mtx",1624,1624,0.23,6050,4,"Static+SIMD+Register,",0.005,786.75,3278.1,0.000,99.89,0,""
"2k_0p22.mtx",1624,1624,0.23,6050,4,"Static+SIMD+Register,",0.006,706.56,2944.0,0.000,99.87,0,""
"2k_0p22.mtx",1624,1624,0.23,6050,4,"Task-based+SIMD",2.434,1.71,7.1,0.849,47.27,0,""
"2k_0p22.mtx",1624,1624,0.23,6050,4,"Guided+SIMD+Align+Affin,",2.909,1.43,6.0,4.186,36.99,0,""
"2k_0p22.mtx",1624,1624,0.23,6050,4,"Static+SIMD+Align+Affin,",0.012,360.81,1503.4,0.001,99.75,0,""
"2k_0p22.mtx",1624,1624,0.23,6050,8,"Static (default)",10.866,0.33,1.4,4.823,0.00,0,""
"2k_0p22.mtx",1624,1624,0.23,6050,8,"Static, chunk=8",2.416,1.47,6.1,0.336,77.77,0,""
"2k_0p22.mtx",1624,1624,0.23,6050,8,"Static, chunk=32",2.614,1.35,5.6,0.190,75.94,0,""
"2k_0p22.mtx",1624,1624,0.23,6050,8,"Dynamic, chunk=8",0.586,6.04,25.2,0.326,94.61,0,""
"2k_0p22.mtx",1624,1624,0.23,6050,8,"Dynamic, chunk=16",2.528,1.40,5.8,0.568,76.73,0,""
"2k_0p22.mtx",1624,1624,0.23,6050,8,"Dynamic, chunk=32",2.574,1.38,5.7,0.284,76.31,0,""
"2k_0p22.mtx",1624,1624,0.23,6050,8,"Dynamic, chunk=64",1.404,2.52,10.5,0.285,87.08,0,""
"2k_0p22.mtx",1624,1624,0.23,6050,8,"Guided, chunk=8",0.999,3.54,14.8,0.108,90.80,0,""
"2k_0p22.mtx",1624,1624,0.23,6050,8,"Guided, chunk=16",1.178,3.00,12.5,0.143,89.16,0,""
"2k_0p22.mtx",1624,1624,0.23,6050,8,"Guided, chunk=32",1.191,2.97,12.4,0.173,89.04,0,""
"2k_0p22.mtx",1624,1624,0.23,6050,8,"Auto (runtime)",0.883,4.01,16.7,0.005,91.88,0,""
"2k_0p22.mtx",1624,1624,0.23,6050,8,"Static+SIMD, chunk=8",0.017,204.87,853.6,0.001,99.84,0,""
"2k_0p22.mtx",1624,1624,0.23,6050,8,"Static+SIMD, chunk=16",0.016,216.22,900.9,0.002,99.85,0,""
"2k_0p22.mtx",1624,1624,0.23,6050,8,"Static+SIMD, chunk=32",0.015,236.81,986.7,0.001,99.86,0,""
"2k_0p22.mtx",1624,1624,0.23,6050,8,"Dynamic+SIMD, chunk=8",0.046,76.50,318.8,0.002,99.57,0,""
"2k_0p22.mtx",1624,1624,0.23,6050,8,"Dynamic+SIMD, chunk=16",0.030,116.96,487.3,0.002,99.72,0,""
"2k_0p22.mtx",1624,1624,0.23,6050,8,"Dynamic+SIMD, chunk=32",0.021,165.99,691.6,0.001,99.80,0,""
"2k_0p22.mtx",1624,1624,0.23,6050,8,"Guided+SIMD, chunk=8",0.019,183.87,766.1,0.002,99.82,0,""
"2k_0p22.mtx",1624,1624,0.23,6050,8,"Guided+SIMD, chunk=16",0.018,192.65,802.7,0.002,99.83,0,""
"2k_0p22.mtx",1624,1624,0.23,6050,8,"Guided+SIMD, chunk=32",0.018,198.38,826.6,0.002,99.84,0,""
"2k_0p22.mtx",1624,1624,0.23,6050,8,"Static+SIMD+Affinity,",0.017,209.58,873.3,0.001,99.84,0,""
"2k_0p22.mtx",1624,1624,0.23,6050,8,"Static+SIMD+Affinity,",0.016,216.65,902.7,0.002,99.85,0,""
"2k_0p22.mtx",1624,1624,0.23,6050,8,"Guided+SIMD+Affinity,",0.018,197.54,823.1,0.001,99.84,0,""
"2k_0p22.mtx",1624,1624,0.23,6050,8,"Guided+SIMD+Register,",0.014,245.05,1021.0,0.001,99.87,0,""
"2k_0p22.mtx",1624,1624,0.23,6050,8,"Guided+SIMD+Register,",0.016,223.80,932.5,0.001,99.85,0,""
"2k_0p22.mtx",1624,1624,0.23,6050,8,"Static+SIMD+Register,",0.012,297.95,1241.4,0.001,99.89,0,""
"2k_0p22.mtx",1624,1624,0.23,6050,8,"Static+SIMD+Register,",0.013,272.89,1137.0,0.001,99.88,0,""
"2k_0p22.mtx",1624,1624,0.23,6050,8,"Task-based+SIMD",6.364,0.56,2.3,0.694,41.43,0,""
"2k_0p22.mtx",1624,1624,0.23,6050,8,"Guided+SIMD+Align+Affin,",1.911,1.85,7.7,3.429,82.41,0,""
"2k_0p22.mtx",1624,1624,0.23,6050,8,"Static+SIMD+Align+Affin,",0.013,269.25,1121.9,0.001,99.88,0,""
"2k_0p22.mtx",1624,1624,0.23,6050,12,"Static (default)",11.619,0.41,1.7,8.390,0.00,0,""
"2k_0p22.mtx",1624,1624,0.23,6050,12,"Static, chunk=8",14.725,0.33,1.4,4.218,,0,""
"2k_0p22.mtx",1624,1624,0.23,6050,12,"Static, chunk=32",11.219,0.43,1.8,5.328,3.44,0,""
"2k_0p22.mtx",1624,1624,0.23,6050,12,"Dynamic, chunk=8",11.696,0.41,1.7,3.136,,0,""
"2k_0p22.mtx",1624,1624,0.23,6050,12,"Dynamic, chunk=16",10.450,0.46,1.9,1.687,10.07,0,""
"2k_0p22.mtx",1624,1624,0.23,6050,12,"Dynamic, chunk=32",15.519,0.31,1.3,4.590,,0,""
"2k_0p22.mtx",1624,1624,0.23,6050,12,"Dynamic, chunk=64",12.200,0.39,1.6,1.953,,0,""
"2k_0p22.mtx",1624,1624,0.23,6050,12,"Guided, chunk=8",10.954,0.44,1.8,2.139,5.72,0,""
"2k_0p22.mtx",1624,1624,0.23,6050,12,"Guided, chunk=16",10.216,0.47,2.0,2.059,12.07,0,""
"2k_0p22.mtx",1624,1624,0.23,6050,12,"Guided, chunk=32",3.685,1.31,5.4,4.584,68.29,0,""
"2k_0p22.mtx",1624,1624,0.23,6050,12,"Auto (runtime)",0.507,9.50,39.6,0.038,95.64,0,""
"2k_0p22.mtx",1624,1624,0.23,6050,12,"Static+SIMD, chunk=8",0.012,415.12,1729.7,0.001,99.90,0,""
"2k_0p22.mtx",1624,1624,0.23,6050,12,"Static+SIMD, chunk=16",0.010,485.10,2021.2,0.000,99.91,0,""
"2k_0p22.mtx",1624,1624,0.23,6050,12,"Static+SIMD, chunk=32",0.008,603.58,2514.9,0.001,99.93,0,""
"2k_0p22.mtx",1624,1624,0.23,6050,12,"Dynamic+SIMD, chunk=8",0.022,215.09,896.2,0.000,99.81,0,""
"2k_0p22.mtx",1624,1624,0.23,6050,12,"Dynamic+SIMD, chunk=16",0.015,311.22,1296.8,0.001,99.87,0,""
"2k_0p22.mtx",1624,1624,0.23,6050,12,"Dynamic+SIMD, chunk=32",0.012,410.67,1711.1,0.001,99.90,0,""
"2k_0p22.mtx",1624,1624,0.23,6050,12,"Guided+SIMD, chunk=8",0.016,306.12,1275.5,0.001,99.86,0,""
"2k_0p22.mtx",1624,1624,0.23,6050,12,"Guided+SIMD, chunk=16",0.014,348.93,1453.9,0.001,99.88,0,""
"2k_0p22.mtx",1624,1624,0.23,6050,12,"Guided+SIMD, chunk=32",0.012,412.07,1716.9,0.000,99.90,0,""
"2k_0p22.mtx",1624,1624,0.23,6050,12,"Static+SIMD+Affinity,",0.010,459.81,1915.9,0.001,99.91,0,""
"2k_0p22.mtx",1624,1624,0.23,6050,12,"Static+SIMD+Affinity,",0.008,614.35,2559.8,0.001,99.93,0,""
"2k_0p22.mtx",1624,1624,0.23,6050,12,"Guided+SIMD+Affinity,",0.012,413.58,1723.3,0.000,99.90,0,""
"2k_0p22.mtx",1624,1624,0.23,6050,12,"Guided+SIMD+Register,",0.012,405.88,1691.2,0.001,99.90,0,""
"2k_0p22.mtx",1624,1624,0.23,6050,12,"Guided+SIMD+Register,",0.014,340.75,1419.8,0.001,99.88,0,""
"2k_0p22.mtx",1624,1624,0.23,6050,12,"Static+SIMD+Register,",0.006,787.77,3282.4,0.000,99.95,0,""
"2k_0p22.mtx",1624,1624,0.23,6050,12,"Static+SIMD+Register,",0.009,562.76,2344.8,0.001,99.93,0,""
"2k_0p22.mtx",1624,1624,0.23,6050,12,"Task-based+SIMD",6.374,0.76,3.1,0.950,45.15,0,""
"2k_0p22.mtx",1624,1624,0.23,6050,12,"Guided+SIMD+Align+Affin,",0.012,418.06,1741.9,0.001,99.90,0,""
"2k_0p22.mtx",1624,1624,0.23,6050,12,"Static+SIMD+Align+Affin,",0.008,624.74,2603.1,0.001,99.93,0,""
"2k_0p22.mtx",1624,1624,0.23,6050,16,"Static (default)",13.220,0.29,1.2,2.032,0.00,0,""
"2k_0p22.mtx",1624,1624,0.23,6050,16,"Static, chunk=8",12.637,0.31,1.3,5.126,4.41,0,""
"2k_0p22.mtx",1624,1624,0.23,6050,16,"Static, chunk=32",13.248,0.29,1.2,2.527,,0,""
"2k_0p22.mtx",1624,1624,0.23,6050,16,"Dynamic, chunk=8",7.164,0.54,2.3,4.004,45.81,0,""
"2k_0p22.mtx",1624,1624,0.23,6050,16,"Dynamic, chunk=16",13.982,0.28,1.2,3.841,,0,""
"2k_0p22.mtx",1624,1624,0.23,6050,16,"Dynamic, chunk=32",11.642,0.33,1.4,5.242,11.94,0,""
"2k_0p22.mtx",1624,1624,0.23,6050,16,"Dynamic, chunk=64",13.099,0.30,1.2,3.463,0.92,0,""
"2k_0p22.mtx",1624,1624,0.23,6050,16,"Guided, chunk=8",12.181,0.32,1.3,2.868,7.86,0,""
"2k_0p22.mtx",1624,1624,0.23,6050,16,"Guided, chunk=16",8.273,0.47,2.0,5.101,37.42,0,""
"2k_0p22.mtx",1624,1624,0.23,6050,16,"Guided, chunk=32",11.084,0.35,1.5,6.531,16.16,0,""
"2k_0p22.mtx",1624,1624,0.23,6050,16,"Auto (runtime)",11.794,0.33,1.4,3.697,10.79,0,""
"2k_0p22.mtx",1624,1624,0.23,6050,16,"Static+SIMD, chunk=8",10.546,0.37,1.5,2.980,20.23,0,""
"2k_0p22.mtx",1624,1624,0.23,6050,16,"Static+SIMD, chunk=16",9.873,0.39,1.6,4.326,25.32,0,""
"2k_0p22.mtx",1624,1624,0.23,6050,16,"Static+SIMD, chunk=32",0.016,239.26,996.9,0.001,99.88,0,""
"2k_0p22.mtx",1624,1624,0.23,6050,16,"Dynamic+SIMD, chunk=8",0.051,75.71,315.5,0.003,99.61,0,""
"2k_0p22.mtx",1624,1624,0.23,6050,16,"Dynamic+SIMD, chunk=16",0.039,99.98,416.6,0.002,99.71,0,""
"2k_0p22.mtx",1624,1624,0.23,6050,16,"Dynamic+SIMD, chunk=32",0.031,126.31,526.3,0.002,99.77,0,""
"2k_0p22.mtx",1624,1624,0.23,6050,16,"Guided+SIMD, chunk=8",0.034,113.53,473.0,0.002,99.74,0,""
"2k_0p22.mtx",1624,1624,0.23,6050,16,"Guided+SIMD, chunk=16",0.034,115.28,480.3,0.002,99.74,0,""
"2k_0p22.mtx",1624,1624,0.23,6050,16,"Guided+SIMD, chunk=32",0.031,123.63,515.1,0.002,99.76,0,""
"2k_0p22.mtx",1624,1624,0.23,6050,16,"Static+SIMD+Affinity,",0.028,140.02,583.4,0.002,99.79,0,""
"2k_0p22.mtx",1624,1624,0.23,6050,16,"Static+SIMD+Affinity,",0.025,158.20,659.2,0.002,99.81,0,""
"2k_0p22.mtx",1624,1624,0.23,6050,16,"Guided+SIMD+Affinity,",6.846,0.57,2.4,5.088,48.22,0,""
"2k_0p22.mtx",1624,1624,0.23,6050,16,"Guided+SIMD+Register,",0.029,135.35,564.0,0.002,99.78,0,""
"2k_0p22.mtx",1624,1624,0.23,6050,16,"Guided+SIMD+Register,",0.030,128.98,537.4,0.002,99.77,0,""
"2k_0p22.mtx",1624,1624,0.23,6050,16,"Static+SIMD+Register,",0.020,199.43,830.9,0.002,99.85,0,""
"2k_0p22.mtx",1624,1624,0.23,6050,16,"Static+SIMD+Register,",0.021,185.22,771.8,0.002,99.84,0,""
"2k_0p22.mtx",1624,1624,0.23,6050,16,"Task-based+SIMD",35.907,0.11,0.5,8.495,,0,""
"2k_0p22.mtx",1624,1624,0.23,6050,16,"Guided+SIMD+Align+Affin,",10.699,0.36,1.5,6.698,19.07,0,""
"2k_0p22.mtx",1624,1624,0.23,6050,16,"Static+SIMD+Align+Affin,",2.589,1.50,6.3,4.522,80.41,0,""
"2k_0p22.mtx",1624,1624,0.23,6050,18,"Static (default)",0.581,11.09,46.2,1.179,0.00,0,""
"2k_0p22.mtx",1624,1624,0.23,6050,18,"Static, chunk=8",16.022,0.40,1.7,4.886,,0,""
"2k_0p22.mtx",1624,1624,0.23,6050,18,"Static, chunk=32",12.163,0.53,2.2,1.851,,0,""
"2k_0p22.mtx",1624,1624,0.23,6050,18,"Dynamic, chunk=8",13.670,0.47,2.0,4.986,,0,""
"2k_0p22.mtx",1624,1624,0.23,6050,18,"Dynamic, chunk=16",13.386,0.48,2.0,4.730,,0,""
"2k_0p22.mtx",1624,1624,0.23,6050,18,"Dynamic, chunk=32",15.245,0.42,1.8,4.743,,0,""
"2k_0p22.mtx",1624,1624,0.23,6050,18,"Dynamic, chunk=64",12.310,0.52,2.2,1.763,,0,""
"2k_0p22.mtx",1624,1624,0.23,6050,18,"Guided, chunk=8",12.289,0.52,2.2,2.500,,0,""
"2k_0p22.mtx",1624,1624,0.23,6050,18,"Guided, chunk=16",10.162,0.63,2.6,4.882,,0,""
"2k_0p22.mtx",1624,1624,0.23,6050,18,"Guided, chunk=32",9.295,0.69,2.9,5.121,,0,""
"2k_0p22.mtx",1624,1624,0.23,6050,18,"Auto (runtime)",6.592,0.98,4.1,4.955,,0,""
"2k_0p22.mtx",1624,1624,0.23,6050,18,"Static+SIMD, chunk=8",0.034,191.60,798.3,0.002,94.21,0,""
"2k_0p22.mtx",1624,1624,0.23,6050,18,"Static+SIMD, chunk=16",0.029,223.46,931.1,0.003,95.04,0,""
"2k_0p22.mtx",1624,1624,0.23,6050,18,"Static+SIMD, chunk=32",0.025,257.89,1074.5,0.001,95.70,0,""
"2k_0p22.mtx",1624,1624,0.23,6050,18,"Dynamic+SIMD, chunk=8",1.107,5.82,24.2,2.968,,0,""
"2k_0p22.mtx",1624,1624,0.23,6050,18,"Dynamic+SIMD, chunk=16",2.424,2.66,11.1,3.981,,0,""
"2k_0p22.mtx",1624,1624,0.23,6050,18,"Dynamic+SIMD, chunk=32",0.026,244.10,1017.1,0.002,95.46,0,""
"2k_0p22.mtx",1624,1624,0.23,6050,18,"Guided+SIMD, chunk=8",0.034,191.13,796.4,0.002,94.20,0,""
"2k_0p22.mtx",1624,1624,0.23,6050,18,"Guided+SIMD, chunk=16",0.033,197.74,823.9,0.002,94.39,0,""
"2k_0p22.mtx",1624,1624,0.23,6050,18,"Guided+SIMD, chunk=32",0.030,216.60,902.5,0.002,94.88,0,""
"2k_0p22.mtx",1624,1624,0.23,6050,18,"Static+SIMD+Affinity,",0.024,264.51,1102.1,0.001,95.81,0,""
"2k_0p22.mtx",1624,1624,0.23,6050,18,"Static+SIMD+Affinity,",0.020,325.95,1358.1,0.001,96.60,0,""
"2k_0p22.mtx",1624,1624,0.23,6050,18,"Guided+SIMD+Affinity,",0.031,208.85,870.2,0.002,94.69,0,""
"2k_0p22.mtx",1624,1624,0.23,6050,18,"Guided+SIMD+Register,",0.027,242.46,1010.3,0.001,95.43,0,""
"2k_0p22.mtx",1624,1624,0.23,6050,18,"Guided+SIMD+Register,",0.028,232.10,967.1,0.001,95.22,0,""
"2k_0p22.mtx",1624,1624,0.23,6050,18,"Static+SIMD+Register,",0.015,422.51,1760.4,0.001,97.37,0,""
"2k_0p22.mtx",1624,1624,0.23,6050,18,"Static+SIMD+Register,",0.019,333.04,1387.7,0.001,96.67,0,""
"2k_0p22.mtx",1624,1624,0.23,6050,18,"Task-based+SIMD",37.576,0.17,0.7,8.564,,0,""
"2k_0p22.mtx",1624,1624,0.23,6050,18,"Guided+SIMD+Align+Affin,",11.299,0.57,2.4,1.866,,0,""
"2k_0p22.mtx",1624,1624,0.23,6050,18,"Static+SIMD+Align+Affin,",6.325,1.02,4.2,7.114,,0,""
"2k_0p22.mtx",1624,1624,0.23,6050,20,"Static (default)",0.385,9.18,38.2,0.012,0.00,0,""
"2k_0p22.mtx",1624,1624,0.23,6050,20,"Static, chunk=8",16.740,0.21,0.9,4.446,,0,""
"2k_0p22.mtx",1624,1624,0.23,6050,20,"Static, chunk=32",13.639,0.26,1.1,9.145,,0,""
"2k_0p22.mtx",1624,1624,0.23,6050,20,"Dynamic, chunk=8",10.893,0.32,1.4,4.628,,0,""
"2k_0p22.mtx",1624,1624,0.23,6050,20,"Dynamic, chunk=16",13.481,0.26,1.1,3.144,,0,""
"2k_0p22.mtx",1624,1624,0.23,6050,20,"Dynamic, chunk=32",13.576,0.26,1.1,2.383,,0,""
"2k_0p22.mtx",1624,1624,0.23,6050,20,"Dynamic, chunk=64",11.858,0.30,1.2,3.435,,0,""
"2k_0p22.mtx",1624,1624,0.23,6050,20,"Guided, chunk=8",7.669,0.46,1.9,4.787,,0,""
"2k_0p22.mtx",1624,1624,0.23,6050,20,"Guided, chunk=16",12.411,0.28,1.2,2.120,,0,""
"2k_0p22.mtx",1624,1624,0.23,6050,20,"Guided, chunk=32",11.600,0.30,1.3,3.932,,0,""
"2k_0p22.mtx",1624,1624,0.23,6050,20,"Auto (runtime)",12.550,0.28,1.2,3.033,,0,""
"2k_0p22.mtx",1624,1624,0.23,6050,20,"Static+SIMD, chunk=8",11.706,0.30,1.3,2.717,,0,""
"2k_0p22.mtx",1624,1624,0.23,6050,20,"Static+SIMD, chunk=16",12.105,0.29,1.2,5.451,,0,""
"2k_0p22.mtx",1624,1624,0.23,6050,20,"Static+SIMD, chunk=32",0.019,181.93,758.0,0.002,94.96,0,""
"2k_0p22.mtx",1624,1624,0.23,6050,20,"Dynamic+SIMD, chunk=8",0.048,73.81,307.5,0.003,87.57,0,""
"2k_0p22.mtx",1624,1624,0.23,6050,20,"Dynamic+SIMD, chunk=16",0.040,89.09,371.2,0.002,89.70,0,""
"2k_0p22.mtx",1624,1624,0.23,6050,20,"Dynamic+SIMD, chunk=32",0.031,112.35,468.1,0.002,91.83,0,""
"2k_0p22.mtx",1624,1624,0.23,6050,20,"Guided+SIMD, chunk=8",0.039,91.46,381.1,0.002,89.97,0,""
"2k_0p22.mtx",1624,1624,0.23,6050,20,"Guided+SIMD, chunk=16",0.035,99.73,415.6,0.002,90.80,0,""
"2k_0p22.mtx",1624,1624,0.23,6050,20,"Guided+SIMD, chunk=32",0.354,9.97,41.6,1.610,8.02,0,""
"2k_0p22.mtx",1624,1624,0.23,6050,20,"Static+SIMD+Affinity,",0.025,141.80,590.9,0.002,93.53,0,""
"2k_0p22.mtx",1624,1624,0.23,6050,20,"Static+SIMD+Affinity,",0.020,177.43,739.3,0.001,94.83,0,""
"2k_0p22.mtx",1624,1624,0.23,6050,20,"Guided+SIMD+Affinity,",0.030,118.73,494.7,0.001,92.27,0,""
"2k_0p22.mtx",1624,1624,0.23,6050,20,"Guided+SIMD+Register,",0.026,133.85,557.7,0.002,93.15,0,""
"2k_0p22.mtx",1624,1624,0.23,6050,20,"Guided+SIMD+Register,",0.029,121.13,504.7,0.002,92.43,0,""
"2k_0p22.mtx",1624,1624,0.23,6050,20,"Static+SIMD+Register,",0.015,239.77,999.0,0.001,96.17,0,""
"2k_0p22.mtx",1624,1624,0.23,6050,20,"Static+SIMD+Register,",0.018,201.31,838.8,0.001,95.44,0,""
"2k_0p22.mtx",1624,1624,0.23,6050,20,"Task-based+SIMD",19.874,0.18,0.7,3.812,,0,""
"2k_0p22.mtx",1624,1624,0.23,6050,20,"Guided+SIMD+Align+Affin,",9.532,0.37,1.5,2.605,,0,""
"2k_0p22.mtx",1624,1624,0.23,6050,20,"Static+SIMD+Align+Affin,",10.650,0.33,1.4,2.586,,0,""
"2k_0p22.mtx",1624,1624,0.23,6050,22,"Static (default)",15.839,0.22,0.9,3.913,0.00,0,""
"2k_0p22.mtx",1624,1624,0.23,6050,22,"Static, chunk=8",5.334,0.66,2.8,4.505,66.32,0,""
"2k_0p22.mtx",1624,1624,0.23,6050,22,"Static, chunk=32",8.576,0.41,1.7,4.829,45.86,0,""
"2k_0p22.mtx",1624,1624,0.23,6050,22,"Dynamic, chunk=8",11.169,0.32,1.3,3.119,29.48,0,""
"2k_0p22.mtx",1624,1624,0.23,6050,22,"Dynamic, chunk=16",12.845,0.27,1.1,3.174,18.90,0,""
"2k_0p22.mtx",1624,1624,0.23,6050,22,"Dynamic, chunk=32",15.786,0.22,0.9,3.503,0.34,0,""
"2k_0p22.mtx",1624,1624,0.23,6050,22,"Dynamic, chunk=64",15.792,0.22,0.9,5.443,0.30,0,""
"2k_0p22.mtx",1624,1624,0.23,6050,22,"Guided, chunk=8",12.354,0.29,1.2,2.080,22.00,0,""
"2k_0p22.mtx",1624,1624,0.23,6050,22,"Guided, chunk=16",12.669,0.28,1.2,3.379,20.02,0,""
"2k_0p22.mtx",1624,1624,0.23,6050,22,"Guided, chunk=32",16.119,0.22,0.9,3.588,,0,""
"2k_0p22.mtx",1624,1624,0.23,6050,22,"Auto (runtime)",12.437,0.28,1.2,2.781,21.48,0,""
"2k_0p22.mtx",1624,1624,0.23,6050,22,"Static+SIMD, chunk=8",8.156,0.43,1.8,5.014,48.51,0,""
"2k_0p22.mtx",1624,1624,0.23,6050,22,"Static+SIMD, chunk=16",0.021,165.52,689.7,0.001,99.87,0,""
"2k_0p22.mtx",1624,1624,0.23,6050,22,"Static+SIMD, chunk=32",0.018,193.60,806.7,0.001,99.89,0,""
"2k_0p22.mtx",1624,1624,0.23,6050,22,"Dynamic+SIMD, chunk=8",2.295,1.53,6.4,4.382,85.51,0,""
"2k_0p22.mtx",1624,1624,0.23,6050,22,"Dynamic+SIMD, chunk=16",11.373,0.31,1.3,2.378,28.20,0,""
"2k_0p22.mtx",1624,1624,0.23,6050,22,"Dynamic+SIMD, chunk=32",12.276,0.29,1.2,2.843,22.50,0,""
"2k_0p22.mtx",1624,1624,0.23,6050,22,"Guided+SIMD, chunk=8",11.767,0.30,1.2,2.256,25.71,0,""
"2k_0p22.mtx",1624,1624,0.23,6050,22,"Guided+SIMD, chunk=16",10.270,0.34,1.4,4.277,35.16,0,""
"2k_0p22.mtx",1624,1624,0.23,6050,22,"Guided+SIMD, chunk=32",11.817,0.30,1.2,2.739,25.39,0,""
"2k_0p22.mtx",1624,1624,0.23,6050,22,"Static+SIMD+Affinity,",12.031,0.29,1.2,3.083,24.04,0,""
"2k_0p22.mtx",1624,1624,0.23,6050,22,"Static+SIMD+Affinity,",11.225,0.31,1.3,2.715,29.13,0,""
"2k_0p22.mtx",1624,1624,0.23,6050,22,"Guided+SIMD+Affinity,",12.541,0.28,1.2,3.898,20.83,0,""
"2k_0p22.mtx",1624,1624,0.23,6050,22,"Guided+SIMD+Register,",10.978,0.32,1.3,1.982,30.69,0,""
"2k_0p22.mtx",1624,1624,0.23,6050,22,"Guided+SIMD+Register,",10.574,0.33,1.4,2.187,33.24,0,""
"2k_0p22.mtx",1624,1624,0.23,6050,22,"Static+SIMD+Register,",8.912,0.40,1.6,1.950,43.73,0,""
"2k_0p22.mtx",1624,1624,0.23,6050,22,"Static+SIMD+Register,",9.305,0.38,1.6,1.706,41.25,0,""
"2k_0p22.mtx",1624,1624,0.23,6050,22,"Task-based+SIMD",34.502,0.10,0.4,7.960,,0,""
"2k_0p22.mtx",1624,1624,0.23,6050,22,"Guided+SIMD+Align+Affin,",3.962,0.89,3.7,5.494,74.99,0,""
"2k_0p22.mtx",1624,1624,0.23,6050,22,"Static+SIMD+Align+Affin,",0.015,229.85,957.7,0.001,99.90,0,""
"2k_0p22.mtx",1624,1624,0.23,6050,24,"Static (default)",17.931,0.20,0.8,2.812,0.00,0,""
"2k_0p22.mtx",1624,1624,0.23,6050,24,"Static, chunk=8",12.313,0.29,1.2,6.176,31.33,0,""
"2k_0p22.mtx",1624,1624,0.23,6050,24,"Static, chunk=32",13.722,0.26,1.1,3.811,23.47,0,""
"2k_0p22.mtx",1624,1624,0.23,6050,24,"Dynamic, chunk=8",13.330,0.27,1.1,4.247,25.66,0,""
"2k_0p22.mtx",1624,1624,0.23,6050,24,"Dynamic, chunk=16",17.833,0.20,0.8,4.154,0.55,0,""
"2k_0p22.mtx",1624,1624,0.23,6050,24,"Dynamic, chunk=32",15.205,0.23,1.0,3.771,15.20,0,""
"2k_0p22.mtx",1624,1624,0.23,6050,24,"Dynamic, chunk=64",10.299,0.34,1.4,0.728,42.56,0,""
"2k_0p22.mtx",1624,1624,0.23,6050,24,"Guided, chunk=8",11.782,0.30,1.2,1.873,34.29,0,""
"2k_0p22.mtx",1624,1624,0.23,6050,24,"Guided, chunk=16",11.852,0.30,1.2,2.037,33.91,0,""
"2k_0p22.mtx",1624,1624,0.23,6050,24,"Guided, chunk=32",11.223,0.31,1.3,2.728,37.41,0,""
"2k_0p22.mtx",1624,1624,0.23,6050,24,"Auto (runtime)",14.801,0.24,1.0,4.267,17.46,0,""
"2k_0p22.mtx",1624,1624,0.23,6050,24,"Static+SIMD, chunk=8",11.265,0.31,1.3,3.615,37.18,0,""
"2k_0p22.mtx",1624,1624,0.23,6050,24,"Static+SIMD, chunk=16",11.023,0.32,1.3,2.211,38.53,0,""
"2k_0p22.mtx",1624,1624,0.23,6050,24,"Static+SIMD, chunk=32",5.189,0.68,2.8,5.093,71.06,0,""
"2k_0p22.mtx",1624,1624,0.23,6050,24,"Dynamic+SIMD, chunk=8",0.058,61.23,255.1,0.002,99.68,0,""
"2k_0p22.mtx",1624,1624,0.23,6050,24,"Dynamic+SIMD, chunk=16",0.043,83.02,345.9,0.002,99.76,0,""
"2k_0p22.mtx",1624,1624,0.23,6050,24,"Dynamic+SIMD, chunk=32",0.034,102.65,427.7,0.002,99.81,0,""
"2k_0p22.mtx",1624,1624,0.23,6050,24,"Guided+SIMD, chunk=8",0.043,82.79,345.0,0.003,99.76,0,""
"2k_0p22.mtx",1624,1624,0.23,6050,24,"Guided+SIMD, chunk=16",0.039,90.48,377.0,0.002,99.78,0,""
"2k_0p22.mtx",1624,1624,0.23,6050,24,"Guided+SIMD, chunk=32",0.035,99.97,416.6,0.003,99.80,0,""
"2k_0p22.mtx",1624,1624,0.23,6050,24,"Static+SIMD+Affinity,",0.027,130.05,541.9,0.001,99.85,0,""
"2k_0p22.mtx",1624,1624,0.23,6050,24,"Static+SIMD+Affinity,",0.022,157.50,656.2,0.002,99.87,0,""
"2k_0p22.mtx",1624,1624,0.23,6050,24,"Guided+SIMD+Affinity,",0.035,101.16,421.5,0.002,99.81,0,""
"2k_0p22.mtx",1624,1624,0.23,6050,24,"Guided+SIMD+Register,",0.031,115.17,479.9,0.002,99.83,0,""
"2k_0p22.mtx",1624,1624,0.23,6050,24,"Guided+SIMD+Register,",0.035,100.69,419.5,0.002,99.80,0,""
"2k_0p22.mtx",1624,1624,0.23,6050,24,"Static+SIMD+Register,",0.017,205.10,854.6,0.001,99.90,0,""
"2k_0p22.mtx",1624,1624,0.23,6050,24,"Static+SIMD+Register,",0.020,174.28,726.2,0.001,99.89,0,""
"2k_0p22.mtx",1624,1624,0.23,6050,24,"Task-based+SIMD",40.741,0.09,0.4,7.792,,0,""
"2k_0p22.mtx",1624,1624,0.23,6050,24,"Guided+SIMD+Align+Affin,",15.647,0.23,0.9,4.552,12.74,0,""
"2k_0p22.mtx",1624,1624,0.23,6050,24,"Static+SIMD+Align+Affin,",8.364,0.42,1.8,5.398,53.36,0,""
"2k_0p52.mtx",2003,2003,0.53,21181,1,"Static (default)",5.376,1.00,4.2,0.005,0.00,0,""
"2k_0p52.mtx",2003,2003,0.53,21181,1,"Static, chunk=8",5.374,1.00,4.2,0.005,0.04,0,""
"2k_0p52.mtx",2003,2003,0.53,21181,1,"Static, chunk=32",5.373,1.00,4.2,0.005,0.06,0,""
"2k_0p52.mtx",2003,2003,0.53,21181,1,"Dynamic, chunk=8",5.380,1.00,4.2,0.004,,0,""
"2k_0p52.mtx",2003,2003,0.53,21181,1,"Dynamic, chunk=16",5.376,1.00,4.2,0.005,0.00,0,""
"2k_0p52.mtx",2003,2003,0.53,21181,1,"Dynamic, chunk=32",5.374,1.00,4.2,0.004,0.04,0,""
"2k_0p52.mtx",2003,2003,0.53,21181,1,"Dynamic, chunk=64",5.374,1.00,4.2,0.005,0.05,0,""
"2k_0p52.mtx",2003,2003,0.53,21181,1,"Guided, chunk=8",5.372,1.00,4.2,0.005,0.08,0,""
"2k_0p52.mtx",2003,2003,0.53,21181,1,"Guided, chunk=16",5.371,1.00,4.2,0.004,0.10,0,""
"2k_0p52.mtx",2003,2003,0.53,21181,1,"Guided, chunk=32",5.374,1.00,4.2,0.006,0.05,0,""
"2k_0p52.mtx",2003,2003,0.53,21181,1,"Auto (runtime)",5.373,1.00,4.2,0.005,0.07,0,""
"2k_0p52.mtx",2003,2003,0.53,21181,1,"Static+SIMD, chunk=8",0.026,203.71,848.8,0.000,99.51,0,""
"2k_0p52.mtx",2003,2003,0.53,21181,1,"Static+SIMD, chunk=16",0.026,208.23,867.6,0.000,99.52,0,""
"2k_0p52.mtx",2003,2003,0.53,21181,1,"Static+SIMD, chunk=32",0.026,209.82,874.2,0.000,99.52,0,""
"2k_0p52.mtx",2003,2003,0.53,21181,1,"Dynamic+SIMD, chunk=8",0.031,175.92,733.0,0.000,99.43,0,""
"2k_0p52.mtx",2003,2003,0.53,21181,1,"Dynamic+SIMD, chunk=16",0.028,193.76,807.3,0.000,99.48,0,""
"2k_0p52.mtx",2003,2003,0.53,21181,1,"Dynamic+SIMD, chunk=32",0.026,203.07,846.1,0.000,99.51,0,""
"2k_0p52.mtx",2003,2003,0.53,21181,1,"Guided+SIMD, chunk=8",0.025,211.75,882.3,0.000,99.53,0,""
"2k_0p52.mtx",2003,2003,0.53,21181,1,"Guided+SIMD, chunk=16",0.025,212.71,886.3,0.000,99.53,0,""
"2k_0p52.mtx",2003,2003,0.53,21181,1,"Guided+SIMD, chunk=32",0.025,212.78,886.6,0.000,99.53,0,""
"2k_0p52.mtx",2003,2003,0.53,21181,1,"Static+SIMD+Affinity,",0.026,209.21,871.7,0.000,99.52,0,""
"2k_0p52.mtx",2003,2003,0.53,21181,1,"Static+SIMD+Affinity,",0.025,211.04,879.4,0.000,99.53,0,""
"2k_0p52.mtx",2003,2003,0.53,21181,1,"Guided+SIMD+Affinity,",0.025,212.68,886.2,0.000,99.53,0,""
"2k_0p52.mtx",2003,2003,0.53,21181,1,"Guided+SIMD+Register,",0.025,214.67,894.5,0.000,99.53,0,""
"2k_0p52.mtx",2003,2003,0.53,21181,1,"Guided+SIMD+Register,",0.025,215.58,898.2,0.000,99.54,0,""
"2k_0p52.mtx",2003,2003,0.53,21181,1,"Static+SIMD+Register,",0.025,216.10,900.4,0.000,99.54,0,""
"2k_0p52.mtx",2003,2003,0.53,21181,1,"Static+SIMD+Register,",0.025,215.79,899.1,0.000,99.54,0,""
"2k_0p52.mtx",2003,2003,0.53,21181,1,"Task-based+SIMD",0.058,92.82,386.8,0.000,98.92,0,""
"2k_0p52.mtx",2003,2003,0.53,21181,1,"Guided+SIMD+Align+Affin,",0.026,209.90,874.6,0.000,99.52,0,""
"2k_0p52.mtx",2003,2003,0.53,21181,1,"Static+SIMD+Align+Affin,",0.025,211.92,883.0,0.000,99.53,0,""
"2k_0p52.mtx",2003,2003,0.53,21181,2,"Static (default)",12.654,0.43,1.8,4.458,0.00,0,""
"2k_0p52.mtx",2003,2003,0.53,21181,2,"Static, chunk=8",2.703,1.99,8.3,0.006,78.64,0,""
"2k_0p52.mtx",2003,2003,0.53,21181,2,"Static, chunk=32",2.717,1.98,8.3,0.004,78.53,0,""
"2k_0p52.mtx",2003,2003,0.53,21181,2,"Dynamic, chunk=8",2.723,1.98,8.2,0.003,78.48,0,""
"2k_0p52.mtx",2003,2003,0.53,21181,2,"Dynamic, chunk=16",2.720,1.98,8.2,0.004,78.50,0,""
"2k_0p52.mtx",2003,2003,0.53,21181,2,"Dynamic, chunk=32",2.722,1.98,8.2,0.003,78.48,0,""
"2k_0p52.mtx",2003,2003,0.53,21181,2,"Dynamic, chunk=64",2.751,1.96,8.2,0.004,78.26,0,""
"2k_0p52.mtx",2003,2003,0.53,21181,2,"Guided, chunk=8",3.836,1.40,5.8,2.748,69.68,0,""
"2k_0p52.mtx",2003,2003,0.53,21181,2,"Guided, chunk=16",4.484,1.20,5.0,3.252,64.56,0,""
"2k_0p52.mtx",2003,2003,0.53,21181,2,"Guided, chunk=32",4.257,1.26,5.3,2.833,66.36,0,""
"2k_0p52.mtx",2003,2003,0.53,21181,2,"Auto (runtime)",2.633,2.04,8.5,0.091,79.19,0,""
"2k_0p52.mtx",2003,2003,0.53,21181,2,"Static+SIMD, chunk=8",0.015,359.11,1496.3,0.000,99.88,0,""
"2k_0p52.mtx",2003,2003,0.53,21181,2,"Static+SIMD, chunk=16",0.014,385.77,1607.4,0.000,99.89,0,""
"2k_0p52.mtx",2003,2003,0.53,21181,2,"Static+SIMD, chunk=32",0.014,375.18,1563.2,0.000,99.89,0,""
"2k_0p52.mtx",2003,2003,0.53,21181,2,"Dynamic+SIMD, chunk=8",0.024,222.70,927.9,0.000,99.81,0,""
"2k_0p52.mtx",2003,2003,0.53,21181,2,"Dynamic+SIMD, chunk=16",0.018,292.77,1219.9,0.000,99.85,0,""
"2k_0p52.mtx",2003,2003,0.53,21181,2,"Dynamic+SIMD, chunk=32",0.016,333.99,1391.6,0.000,99.87,0,""
"2k_0p52.mtx",2003,2003,0.53,21181,2,"Guided+SIMD, chunk=8",0.014,383.46,1597.8,0.000,99.89,0,""
"2k_0p52.mtx",2003,2003,0.53,21181,2,"Guided+SIMD, chunk=16",0.014,386.04,1608.5,0.000,99.89,0,""
"2k_0p52.mtx",2003,2003,0.53,21181,2,"Guided+SIMD, chunk=32",0.014,391.40,1630.9,0.000,99.89,0,""
"2k_0p52.mtx",2003,2003,0.53,21181,2,"Static+SIMD+Affinity,",0.014,387.56,1614.8,0.000,99.89,0,""
"2k_0p52.mtx",2003,2003,0.53,21181,2,"Static+SIMD+Affinity,",0.014,372.61,1552.5,0.000,99.89,0,""
"2k_0p52.mtx",2003,2003,0.53,21181,2,"Guided+SIMD+Affinity,",0.014,385.71,1607.1,0.000,99.89,0,""
"2k_0p52.mtx",2003,2003,0.53,21181,2,"Guided+SIMD+Register,",0.014,386.50,1610.4,0.000,99.89,0,""
"2k_0p52.mtx",2003,2003,0.53,21181,2,"Guided+SIMD+Register,",0.014,391.79,1632.5,0.000,99.89,0,""
"2k_0p52.mtx",2003,2003,0.53,21181,2,"Static+SIMD+Register,",0.014,380.46,1585.2,0.000,99.89,0,""
"2k_0p52.mtx",2003,2003,0.53,21181,2,"Static+SIMD+Register,",0.014,391.19,1630.0,0.000,99.89,0,""
"2k_0p52.mtx",2003,2003,0.53,21181,2,"Task-based+SIMD",1.577,3.41,14.2,0.211,87.54,0,""
"2k_0p52.mtx",2003,2003,0.53,21181,2,"Guided+SIMD+Align+Affin,",0.014,380.96,1587.3,0.000,99.89,0,""
"2k_0p52.mtx",2003,2003,0.53,21181,2,"Static+SIMD+Align+Affin,",0.014,377.97,1574.9,0.000,99.89,0,""
"2k_0p52.mtx",2003,2003,0.53,21181,4,"Static (default)",1.348,4.43,18.5,0.003,0.00,0,""
"2k_0p52.mtx",2003,2003,0.53,21181,4,"Static, chunk=8",1.355,4.41,18.4,0.003,,0,""
"2k_0p52.mtx",2003,2003,0.53,21181,4,"Static, chunk=32",1.375,4.34,18.1,0.004,,0,""
"2k_0p52.mtx",2003,2003,0.53,21181,4,"Dynamic, chunk=8",1.361,4.39,18.3,0.003,,0,""
"2k_0p52.mtx",2003,2003,0.53,21181,4,"Dynamic, chunk=16",1.377,4.34,18.1,0.003,,0,""
"2k_0p52.mtx",2003,2003,0.53,21181,4,"Dynamic, chunk=32",1.376,4.34,18.1,0.002,,0,""
"2k_0p52.mtx",2003,2003,0.53,21181,4,"Dynamic, chunk=64",1.376,4.34,18.1,0.003,,0,""
"2k_0p52.mtx",2003,2003,0.53,21181,4,"Guided, chunk=8",1.351,4.42,18.4,0.003,,0,""
"2k_0p52.mtx",2003,2003,0.53,21181,4,"Guided, chunk=16",1.368,4.37,18.2,0.003,,0,""
"2k_0p52.mtx",2003,2003,0.53,21181,4,"Guided, chunk=32",1.378,4.34,18.1,0.003,,0,""
"2k_0p52.mtx",2003,2003,0.53,21181,4,"Auto (runtime)",1.345,4.44,18.5,0.002,0.21,0,""
"2k_0p52.mtx",2003,2003,0.53,21181,4,"Static+SIMD, chunk=8",0.010,600.12,2500.5,0.000,99.26,0,""
"2k_0p52.mtx",2003,2003,0.53,21181,4,"Static+SIMD, chunk=16",0.008,706.54,2943.9,0.000,99.37,0,""
"2k_0p52.mtx",2003,2003,0.53,21181,4,"Static+SIMD, chunk=32",0.009,696.02,2900.1,0.000,99.36,0,""
"2k_0p52.mtx",2003,2003,0.53,21181,4,"Dynamic+SIMD, chunk=8",0.018,325.04,1354.3,0.000,98.64,0,""
"2k_0p52.mtx",2003,2003,0.53,21181,4,"Dynamic+SIMD, chunk=16",0.013,477.83,1990.9,0.000,99.07,0,""
"2k_0p52.mtx",2003,2003,0.53,21181,4,"Dynamic+SIMD, chunk=32",0.010,592.65,2469.4,0.000,99.25,0,""
"2k_0p52.mtx",2003,2003,0.53,21181,4,"Guided+SIMD, chunk=8",0.010,611.04,2546.0,0.000,99.27,0,""
"2k_0p52.mtx",2003,2003,0.53,21181,4,"Guided+SIMD, chunk=16",0.009,661.80,2757.5,0.000,99.33,0,""
"2k_0p52.mtx",2003,2003,0.53,21181,4,"Guided+SIMD, chunk=32",0.009,676.26,2817.8,0.000,99.34,0,""
"2k_0p52.mtx",2003,2003,0.53,21181,4,"Static+SIMD+Affinity,",0.009,693.05,2887.7,0.000,99.36,0,""
"2k_0p52.mtx",2003,2003,0.53,21181,4,"Static+SIMD+Affinity,",0.009,695.28,2897.0,0.000,99.36,0,""
"2k_0p52.mtx",2003,2003,0.53,21181,4,"Guided+SIMD+Affinity,",0.009,661.45,2756.0,0.000,99.33,0,""
"2k_0p52.mtx",2003,2003,0.53,21181,4,"Guided+SIMD+Register,",0.009,663.65,2765.2,0.000,99.33,0,""
"2k_0p52.mtx",2003,2003,0.53,21181,4,"Guided+SIMD+Register,",0.009,658.98,2745.7,0.000,99.33,0,""
"2k_0p52.mtx",2003,2003,0.53,21181,4,"Static+SIMD+Register,",0.009,685.65,2856.9,0.000,99.35,0,""
"2k_0p52.mtx",2003,2003,0.53,21181,4,"Static+SIMD+Register,",0.009,672.75,2803.1,0.000,99.34,0,""
"2k_0p52.mtx",2003,2003,0.53,21181,4,"Task-based+SIMD",5.842,1.02,4.3,3.829,,0,""
"2k_0p52.mtx",2003,2003,0.53,21181,4,"Guided+SIMD+Align+Affin,",0.009,665.75,2774.0,0.000,99.33,0,""
"2k_0p52.mtx",2003,2003,0.53,21181,4,"Static+SIMD+Align+Affin,",0.009,702.81,2928.4,0.000,99.37,0,""
"2k_0p52.mtx",2003,2003,0.53,21181,8,"Static (default)",10.620,0.51,2.1,2.459,0.00,0,""
"2k_0p52.mtx",2003,2003,0.53,21181,8,"Static, chunk=8",11.416,0.47,2.0,0.970,,0,""
"2k_0p52.mtx",2003,2003,0.53,21181,8,"Static, chunk=32",11.498,0.47,2.0,1.304,,0,""
"2k_0p52.mtx",2003,2003,0.53,21181,8,"Dynamic, chunk=8",11.732,0.46,1.9,2.866,,0,""
"2k_0p52.mtx",2003,2003,0.53,21181,8,"Dynamic, chunk=16",13.380,0.40,1.7,3.761,,0,""
"2k_0p52.mtx",2003,2003,0.53,21181,8,"Dynamic, chunk=32",11.347,0.47,2.0,2.629,,0,""
"2k_0p52.mtx",2003,2003,0.53,21181,8,"Dynamic, chunk=64",10.497,0.51,2.1,1.836,1.16,0,""
"2k_0p52.mtx",2003,2003,0.53,21181,8,"Guided, chunk=8",10.885,0.49,2.1,2.020,,0,""
"2k_0p52.mtx",2003,2003,0.53,21181,8,"Guided, chunk=16",10.527,0.51,2.1,2.334,0.88,0,""
"2k_0p52.mtx",2003,2003,0.53,21181,8,"Guided, chunk=32",10.177,0.53,2.2,1.936,4.17,0,""
"2k_0p52.mtx",2003,2003,0.53,21181,8,"Auto (runtime)",1.269,4.24,17.7,1.683,88.05,0,""
"2k_0p52.mtx",2003,2003,0.53,21181,8,"Static+SIMD, chunk=8",0.009,606.45,2526.9,0.001,99.92,0,""
"2k_0p52.mtx",2003,2003,0.53,21181,8,"Static+SIMD, chunk=16",0.008,681.85,2841.1,0.000,99.93,0,""
"2k_0p52.mtx",2003,2003,0.53,21181,8,"Static+SIMD, chunk=32",0.008,688.79,2870.0,0.000,99.93,0,""
"2k_0p52.mtx",2003,2003,0.53,21181,8,"Dynamic+SIMD, chunk=8",0.025,212.59,885.8,0.001,99.76,0,""
"2k_0p52.mtx",2003,2003,0.53,21181,8,"Dynamic+SIMD, chunk=16",0.016,336.71,1403.0,0.001,99.85,0,""
"2k_0p52.mtx",2003,2003,0.53,21181,8,"Dynamic+SIMD, chunk=32",0.012,467.63,1948.4,0.001,99.89,0,""
"2k_0p52.mtx",2003,2003,0.53,21181,8,"Guided+SIMD, chunk=8",0.014,372.24,1551.0,0.001,99.86,0,""
"2k_0p52.mtx",2003,2003,0.53,21181,8,"Guided+SIMD, chunk=16",0.014,387.93,1616.4,0.001,99.87,0,""
"2k_0p52.mtx",2003,2003,0.53,21181,8,"Guided+SIMD, chunk=32",0.012,448.98,1870.7,0.001,99.89,0,""
"2k_0p52.mtx",2003,2003,0.53,21181,8,"Static+SIMD+Affinity,",0.008,668.71,2786.3,0.000,99.92,0,""
"2k_0p52.mtx",2003,2003,0.53,21181,8,"Static+SIMD+Affinity,",0.008,688.21,2867.5,0.000,99.93,0,""
"2k_0p52.mtx",2003,2003,0.53,21181,8,"Guided+SIMD+Affinity,",0.012,449.94,1874.8,0.001,99.89,0,""
"2k_0p52.mtx",2003,2003,0.53,21181,8,"Guided+SIMD+Register,",0.012,445.16,1854.8,0.001,99.89,0,""
"2k_0p52.mtx",2003,2003,0.53,21181,8,"Guided+SIMD+Register,",0.013,404.20,1684.2,0.001,99.87,0,""
"2k_0p52.mtx",2003,2003,0.53,21181,8,"Static+SIMD+Register,",0.008,704.30,2934.6,0.000,99.93,0,""
"2k_0p52.mtx",2003,2003,0.53,21181,8,"Static+SIMD+Register,",0.008,690.01,2875.0,0.000,99.93,0,""
"2k_0p52.mtx",2003,2003,0.53,21181,8,"Task-based+SIMD",8.477,0.63,2.6,0.941,20.18,0,""
"2k_0p52.mtx",2003,2003,0.53,21181,8,"Guided+SIMD+Align+Affin,",0.012,457.35,1905.6,0.001,99.89,0,""
"2k_0p52.mtx",2003,2003,0.53,21181,8,"Static+SIMD+Align+Affin,",0.008,686.34,2859.7,0.001,99.93,0,""
"2k_0p52.mtx",2003,2003,0.53,21181,12,"Static (default)",13.056,0.41,1.7,3.779,0.00,0,""
"2k_0p52.mtx",2003,2003,0.53,21181,12,"Static, chunk=8",10.198,0.53,2.2,5.117,21.89,0,""
"2k_0p52.mtx",2003,2003,0.53,21181,12,"Static, chunk=32",10.206,0.53,2.2,5.888,21.83,0,""
"2k_0p52.mtx",2003,2003,0.53,21181,12,"Dynamic, chunk=8",14.221,0.38,1.6,3.907,,0,""
"2k_0p52.mtx",2003,2003,0.53,21181,12,"Dynamic, chunk=16",1.799,2.98,12.4,3.577,86.22,0,""
"2k_0p52.mtx",2003,2003,0.53,21181,12,"Dynamic, chunk=32",0.525,10.21,42.5,0.004,95.98,0,""
"2k_0p52.mtx",2003,2003,0.53,21181,12,"Dynamic, chunk=64",0.527,10.18,42.4,0.005,95.96,0,""
"2k_0p52.mtx",2003,2003,0.53,21181,12,"Guided, chunk=8",0.469,11.43,47.6,0.006,96.40,0,""
"2k_0p52.mtx",2003,2003,0.53,21181,12,"Guided, chunk=16",11.638,0.46,1.9,2.268,10.86,0,""
"2k_0p52.mtx",2003,2003,0.53,21181,12,"Guided, chunk=32",10.678,0.50,2.1,1.741,18.21,0,""
"2k_0p52.mtx",2003,2003,0.53,21181,12,"Auto (runtime)",13.953,0.38,1.6,3.755,,0,""
"2k_0p52.mtx",2003,2003,0.53,21181,12,"Static+SIMD, chunk=8",10.531,0.51,2.1,2.003,19.34,0,""
"2k_0p52.mtx",2003,2003,0.53,21181,12,"Static+SIMD, chunk=16",11.825,0.45,1.9,1.211,9.43,0,""
"2k_0p52.mtx",2003,2003,0.53,21181,12,"Static+SIMD, chunk=32",10.569,0.51,2.1,2.036,19.05,0,""
"2k_0p52.mtx",2003,2003,0.53,21181,12,"Dynamic+SIMD, chunk=8",10.775,0.50,2.1,2.273,17.47,0,""
"2k_0p52.mtx",2003,2003,0.53,21181,12,"Dynamic+SIMD, chunk=16",2.514,2.13,8.9,4.651,80.75,0,""
"2k_0p52.mtx",2003,2003,0.53,21181,12,"Dynamic+SIMD, chunk=32",0.015,349.69,1457.1,0.001,99.88,0,""
"2k_0p52.mtx",2003,2003,0.53,21181,12,"Guided+SIMD, chunk=8",0.024,225.05,937.7,0.002,99.82,0,""
"2k_0p52.mtx",2003,2003,0.53,21181,12,"Guided+SIMD, chunk=16",0.021,252.02,1050.1,0.001,99.84,0,""
"2k_0p52.mtx",2003,2003,0.53,21181,12,"Guided+SIMD, chunk=32",0.018,297.59,1240.0,0.001,99.86,0,""
"2k_0p52.mtx",2003,2003,0.53,21181,12,"Static+SIMD+Affinity,",0.010,555.92,2316.3,0.001,99.93,0,""
"2k_0p52.mtx",2003,2003,0.53,21181,12,"Static+SIMD+Affinity,",0.009,573.80,2390.8,0.001,99.93,0,""
"2k_0p52.mtx",2003,2003,0.53,21181,12,"Guided+SIMD+Affinity,",0.018,297.60,1240.0,0.001,99.86,0,""
"2k_0p52.mtx",2003,2003,0.53,21181,12,"Guided+SIMD+Register,",0.018,295.52,1231.3,0.001,99.86,0,""
"2k_0p52.mtx",2003,2003,0.53,21181,12,"Guided+SIMD+Register,",0.021,256.48,1068.7,0.001,99.84,0,""
"2k_0p52.mtx",2003,2003,0.53,21181,12,"Static+SIMD+Register,",0.009,586.94,2445.6,0.000,99.93,0,""
"2k_0p52.mtx",2003,2003,0.53,21181,12,"Static+SIMD+Register,",0.010,521.37,2172.4,0.001,99.92,0,""
"2k_0p52.mtx",2003,2003,0.53,21181,12,"Task-based+SIMD",23.481,0.23,1.0,4.928,,0,""
"2k_0p52.mtx",2003,2003,0.53,21181,12,"Guided+SIMD+Align+Affin,",9.073,0.59,2.5,2.184,30.51,0,""
"2k_0p52.mtx",2003,2003,0.53,21181,12,"Static+SIMD+Align+Affin,",8.275,0.65,2.7,5.971,36.62,0,""
"2k_0p52.mtx",2003,2003,0.53,21181,16,"Static (default)",0.373,14.42,60.1,0.015,0.00,0,""
"2k_0p52.mtx",2003,2003,0.53,21181,16,"Static, chunk=8",0.351,15.30,63.8,0.003,5.80,0,""
"2k_0p52.mtx",2003,2003,0.53,21181,16,"Static, chunk=32",0.350,15.35,64.0,0.003,6.10,0,""
"2k_0p52.mtx",2003,2003,0.53,21181,16,"Dynamic, chunk=8",0.357,15.04,62.7,0.003,4.16,0,""
"2k_0p52.mtx",2003,2003,0.53,21181,16,"Dynamic, chunk=16",0.356,15.09,62.9,0.003,4.43,0,""
"2k_0p52.mtx",2003,2003,0.53,21181,16,"Dynamic, chunk=32",3.675,1.46,6.1,4.845,,0,""
"2k_0p52.mtx",2003,2003,0.53,21181,16,"Dynamic, chunk=64",9.445,0.57,2.4,1.954,,0,""
"2k_0p52.mtx",2003,2003,0.53,21181,16,"Guided, chunk=8",10.875,0.49,2.1,1.504,,0,""
"2k_0p52.mtx",2003,2003,0.53,21181,16,"Guided, chunk=16",12.365,0.43,1.8,3.030,,0,""
"2k_0p52.mtx",2003,2003,0.53,21181,16,"Guided, chunk=32",5.021,1.07,4.5,5.117,,0,""
"2k_0p52.mtx",2003,2003,0.53,21181,16,"Auto (runtime)",0.345,15.59,64.9,0.007,7.51,0,""
"2k_0p52.mtx",2003,2003,0.53,21181,16,"Static+SIMD, chunk=8",9.980,0.54,2.2,3.922,,0,""
"2k_0p52.mtx",2003,2003,0.53,21181,16,"Static+SIMD, chunk=16",11.915,0.45,1.9,1.913,,0,""
"2k_0p52.mtx",2003,2003,0.53,21181,16,"Static+SIMD, chunk=32",5.638,0.95,4.0,5.569,,0,""
"2k_0p52.mtx",2003,2003,0.53,21181,16,"Dynamic+SIMD, chunk=8",0.028,192.64,802.7,0.001,92.52,0,""
"2k_0p52.mtx",2003,2003,0.53,21181,16,"Dynamic+SIMD, chunk=16",0.019,285.58,1189.9,0.001,94.95,0,""
"2k_0p52.mtx",2003,2003,0.53,21181,16,"Dynamic+SIMD, chunk=32",0.014,372.15,1550.6,0.001,96.13,0,""
"2k_0p52.mtx",2003,2003,0.53,21181,16,"Guided+SIMD, chunk=8",0.027,195.84,816.0,0.001,92.64,0,""
"2k_0p52.mtx",2003,2003,0.53,21181,16,"Guided+SIMD, chunk=16",0.025,218.27,909.4,0.001,93.39,0,""
"2k_0p52.mtx",2003,2003,0.53,21181,16,"Guided+SIMD, chunk=32",0.022,249.24,1038.5,0.001,94.22,0,""
"2k_0p52.mtx",2003,2003,0.53,21181,16,"Static+SIMD+Affinity,",0.009,575.04,2396.0,0.001,97.49,0,""
"2k_0p52.mtx",2003,2003,0.53,21181,16,"Static+SIMD+Affinity,",0.009,592.47,2468.6,0.001,97.57,0,""
"2k_0p52.mtx",2003,2003,0.53,21181,16,"Guided+SIMD+Affinity,",0.021,255.21,1063.4,0.001,94.35,0,""
"2k_0p52.mtx",2003,2003,0.53,21181,16,"Guided+SIMD+Register,",0.023,234.30,976.2,0.003,93.85,0,""
"2k_0p52.mtx",2003,2003,0.53,21181,16,"Guided+SIMD+Register,",0.025,211.01,879.2,0.001,93.17,0,""
"2k_0p52.mtx",2003,2003,0.53,21181,16,"Static+SIMD+Register,",0.010,539.01,2245.9,0.001,97.33,0,""
"2k_0p52.mtx",2003,2003,0.53,21181,16,"Static+SIMD+Register,",0.010,523.34,2180.6,0.001,97.25,0,""
"2k_0p52.mtx",2003,2003,0.53,21181,16,"Task-based+SIMD",20.076,0.27,1.1,3.304,,0,""
"2k_0p52.mtx",2003,2003,0.53,21181,16,"Guided+SIMD+Align+Affin,",8.844,0.61,2.5,2.111,,0,""
"2k_0p52.mtx",2003,2003,0.53,21181,16,"Static+SIMD+Align+Affin,",9.076,0.59,2.5,2.438,,0,""
"2k_0p52.mtx",2003,2003,0.53,21181,18,"Static (default)",13.155,0.41,1.7,2.959,0.00,0,""
"2k_0p52.mtx",2003,2003,0.53,21181,18,"Static, chunk=8",11.509,0.47,1.9,1.454,12.51,0,""
"2k_0p52.mtx",2003,2003,0.53,21181,18,"Static, chunk=32",5.953,0.90,3.8,6.205,54.75,0,""
"2k_0p52.mtx",2003,2003,0.53,21181,18,"Dynamic, chunk=8",4.738,1.13,4.7,5.191,63.98,0,""
"2k_0p52.mtx",2003,2003,0.53,21181,18,"Dynamic, chunk=16",16.721,0.32,1.3,4.142,,0,""
"2k_0p52.mtx",2003,2003,0.53,21181,18,"Dynamic, chunk=32",4.239,1.27,5.3,6.542,67.78,0,""
"2k_0p52.mtx",2003,2003,0.53,21181,18,"Dynamic, chunk=64",14.270,0.38,1.6,3.281,,0,""
"2k_0p52.mtx",2003,2003,0.53,21181,18,"Guided, chunk=8",1.683,3.19,13.3,4.804,87.20,0,""
"2k_0p52.mtx",2003,2003,0.53,21181,18,"Guided, chunk=16",8.099,0.66,2.8,5.533,38.44,0,""
"2k_0p52.mtx",2003,2003,0.53,21181,18,"Guided, chunk=32",16.911,0.32,1.3,4.441,,0,""
"2k_0p52.mtx",2003,2003,0.53,21181,18,"Auto (runtime)",9.866,0.54,2.3,1.701,25.00,0,""
"2k_0p52.mtx",2003,2003,0.53,21181,18,"Static+SIMD, chunk=8",9.499,0.56,2.4,0.189,27.79,0,""
"2k_0p52.mtx",2003,2003,0.53,21181,18,"Static+SIMD, chunk=16",7.110,0.75,3.1,3.662,45.95,0,""
"2k_0p52.mtx",2003,2003,0.53,21181,18,"Static+SIMD, chunk=32",0.008,703.19,2929.9,0.001,99.94,0,""
"2k_0p52.mtx",2003,2003,0.53,21181,18,"Dynamic+SIMD, chunk=8",0.029,185.50,772.9,0.001,99.78,0,""
"2k_0p52.mtx",2003,2003,0.53,21181,18,"Dynamic+SIMD, chunk=16",0.019,282.37,1176.5,0.001,99.86,0,""
"2k_0p52.mtx",2003,2003,0.53,21181,18,"Dynamic+SIMD, chunk=32",0.015,368.59,1535.8,0.002,99.89,0,""
"2k_0p52.mtx",2003,2003,0.53,21181,18,"Guided+SIMD, chunk=8",0.032,166.40,693.3,0.002,99.75,0,""
"2k_0p52.mtx",2003,2003,0.53,21181,18,"Guided+SIMD, chunk=16",0.028,189.52,789.7,0.001,99.78,0,""
"2k_0p52.mtx",2003,2003,0.53,21181,18,"Guided+SIMD, chunk=32",0.024,225.65,940.2,0.001,99.82,0,""
"2k_0p52.mtx",2003,2003,0.53,21181,18,"Static+SIMD+Affinity,",0.010,542.90,2262.1,0.001,99.92,0,""
"2k_0p52.mtx",2003,2003,0.53,21181,18,"Static+SIMD+Affinity,",0.010,547.47,2281.1,0.001,99.93,0,""
"2k_0p52.mtx",2003,2003,0.53,21181,18,"Guided+SIMD+Affinity,",0.024,225.38,939.1,0.002,99.82,0,""
"2k_0p52.mtx",2003,2003,0.53,21181,18,"Guided+SIMD+Register,",0.024,222.57,927.4,0.001,99.82,0,""
"2k_0p52.mtx",2003,2003,0.53,21181,18,"Guided+SIMD+Register,",0.028,192.56,802.3,0.001,99.79,0,""
"2k_0p52.mtx",2003,2003,0.53,21181,18,"Static+SIMD+Register,",0.010,538.52,2243.8,0.001,99.92,0,""
"2k_0p52.mtx",2003,2003,0.53,21181,18,"Static+SIMD+Register,",0.010,512.45,2135.2,0.001,99.92,0,""
"2k_0p52.mtx",2003,2003,0.53,21181,18,"Task-based+SIMD",26.655,0.20,0.8,5.783,,0,""
"2k_0p52.mtx",2003,2003,0.53,21181,18,"Guided+SIMD+Align+Affin,",8.991,0.60,2.5,2.555,31.66,0,""
"2k_0p52.mtx",2003,2003,0.53,21181,18,"Static+SIMD+Align+Affin,",9.508,0.56,2.4,0.205,27.72,0,""
"2k_0p52.mtx",2003,2003,0.53,21181,20,"Static (default)",14.098,0.38,1.6,4.591,0.00,0,""
"2k_0p52.mtx",2003,2003,0.53,21181,20,"Static, chunk=8",14.538,0.37,1.5,4.747,,0,""
"2k_0p52.mtx",2003,2003,0.53,21181,20,"Static, chunk=32",9.992,0.54,2.2,8.506,29.12,0,""
"2k_0p52.mtx",2003,2003,0.53,21181,20,"Dynamic, chunk=8",2.326,2.32,9.7,3.679,83.50,0,""
"2k_0p52.mtx",2003,2003,0.53,21181,20,"Dynamic, chunk=16",15.265,0.35,1.5,3.659,,0,""
"2k_0p52.mtx",2003,2003,0.53,21181,20,"Dynamic, chunk=32",13.427,0.40,1.7,4.432,4.76,0,""
"2k_0p52.mtx",2003,2003,0.53,21181,20,"Dynamic, chunk=64",7.722,0.70,2.9,7.483,45.23,0,""
"2k_0p52.mtx",2003,2003,0.53,21181,20,"Guided, chunk=8",9.679,0.56,2.3,5.362,31.35,0,""
"2k_0p52.mtx",2003,2003,0.53,21181,20,"Guided, chunk=16",10.373,0.52,2.2,3.656,26.42,0,""
"2k_0p52.mtx",2003,2003,0.53,21181,20,"Guided, chunk=32",4.567,1.18,4.9,4.752,67.61,0,""
"2k_0p52.mtx",2003,2003,0.53,21181,20,"Auto (runtime)",11.853,0.45,1.9,2.309,15.93,0,""
"2k_0p52.mtx",2003,2003,0.53,21181,20,"Static+SIMD, chunk=8",12.425,0.43,1.8,2.943,11.87,0,""
"2k_0p52.mtx",2003,2003,0.53,21181,20,"Static+SIMD, chunk=16",1.716,3.14,13.1,3.590,87.83,0,""
"2k_0p52.mtx",2003,2003,0.53,21181,20,"Static+SIMD, chunk=32",0.012,458.53,1910.5,0.001,99.92,0,""
"2k_0p52.mtx",2003,2003,0.53,21181,20,"Dynamic+SIMD, chunk=8",0.040,134.23,559.3,0.002,99.72,0,""
"2k_0p52.mtx",2003,2003,0.53,21181,20,"Dynamic+SIMD, chunk=16",0.028,193.32,805.5,0.002,99.80,0,""
"2k_0p52.mtx",2003,2003,0.53,21181,20,"Dynamic+SIMD, chunk=32",0.022,250.58,1044.1,0.002,99.85,0,""
"2k_0p52.mtx",2003,2003,0.53,21181,20,"Guided+SIMD, chunk=8",0.042,128.04,533.5,0.002,99.70,0,""
"2k_0p52.mtx",2003,2003,0.53,21181,20,"Guided+SIMD, chunk=16",0.037,147.05,612.7,0.002,99.74,0,""
"2k_0p52.mtx",2003,2003,0.53,21181,20,"Guided+SIMD, chunk=32",0.033,162.40,676.7,0.002,99.76,0,""
"2k_0p52.mtx",2003,2003,0.53,21181,20,"Static+SIMD+Affinity,",0.013,401.40,1672.5,0.001,99.90,0,""
"2k_0p52.mtx",2003,2003,0.53,21181,20,"Static+SIMD+Affinity,",0.013,429.68,1790.3,0.001,99.91,0,""
"2k_0p52.mtx",2003,2003,0.53,21181,20,"Guided+SIMD+Affinity,",0.032,166.76,694.8,0.002,99.77,0,""
"2k_0p52.mtx",2003,2003,0.53,21181,20,"Guided+SIMD+Register,",0.032,166.84,695.1,0.002,99.77,0,""
"2k_0p52.mtx",2003,2003,0.53,21181,20,"Guided+SIMD+Register,",0.037,146.90,612.1,0.002,99.74,0,""
"2k_0p52.mtx",2003,2003,0.53,21181,20,"Static+SIMD+Register,",0.013,404.00,1683.3,0.001,99.91,0,""
"2k_0p52.mtx",2003,2003,0.53,21181,20,"Static+SIMD+Register,",0.014,398.01,1658.4,0.001,99.90,0,""
"2k_0p52.mtx",2003,2003,0.53,21181,20,"Task-based+SIMD",35.003,0.15,0.6,7.627,,0,""
"2k_0p52.mtx",2003,2003,0.53,21181,20,"Guided+SIMD+Align+Affin,",15.609,0.35,1.4,3.031,,0,""
"2k_0p52.mtx",2003,2003,0.53,21181,20,"Static+SIMD+Align+Affin,",13.344,0.40,1.7,7.336,5.35,0,""
"2k_0p52.mtx",2003,2003,0.53,21181,22,"Static (default)",9.001,0.60,2.5,6.014,0.00,0,""
"2k_0p52.mtx",2003,2003,0.53,21181,22,"Static, chunk=8",12.488,0.43,1.8,3.076,,0,""
"2k_0p52.mtx",2003,2003,0.53,21181,22,"Static, chunk=32",9.969,0.54,2.2,4.484,,0,""
"2k_0p52.mtx",2003,2003,0.53,21181,22,"Dynamic, chunk=8",0.276,19.52,81.3,0.003,96.94,0,""
"2k_0p52.mtx",2003,2003,0.53,21181,22,"Dynamic, chunk=16",4.188,1.28,5.4,4.873,53.48,0,""
"2k_0p52.mtx",2003,2003,0.53,21181,22,"Dynamic, chunk=32",10.354,0.52,2.2,2.389,,0,""
"2k_0p52.mtx",2003,2003,0.53,21181,22,"Dynamic, chunk=64",13.427,0.40,1.7,4.100,,0,""
"2k_0p52.mtx",2003,2003,0.53,21181,22,"Guided, chunk=8",10.514,0.51,2.1,1.469,,0,""
"2k_0p52.mtx",2003,2003,0.53,21181,22,"Guided, chunk=16",11.583,0.46,1.9,2.982,,0,""
"2k_0p52.mtx",2003,2003,0.53,21181,22,"Guided, chunk=32",10.846,0.50,2.1,1.771,,0,""
"2k_0p52.mtx",2003,2003,0.53,21181,22,"Auto (runtime)",12.382,0.43,1.8,7.665,,0,""
"2k_0p52.mtx",2003,2003,0.53,21181,22,"Static+SIMD, chunk=8",0.009,592.98,2470.8,0.001,99.90,0,""
"2k_0p52.mtx",2003,2003,0.53,21181,22,"Static+SIMD, chunk=16",0.009,618.04,2575.2,0.001,99.90,0,""
"2k_0p52.mtx",2003,2003,0.53,21181,22,"Static+SIMD, chunk=32",0.008,670.77,2794.9,0.001,99.91,0,""
"2k_0p52.mtx",2003,2003,0.53,21181,22,"Dynamic+SIMD, chunk=8",0.031,173.53,723.0,0.002,99.66,0,""
"2k_0p52.mtx",2003,2003,0.53,21181,22,"Dynamic+SIMD, chunk=16",0.022,247.62,1031.7,0.001,99.76,0,""
"2k_0p52.mtx",2003,2003,0.53,21181,22,"Dynamic+SIMD, chunk=32",0.016,335.43,1397.6,0.001,99.82,0,""
"2k_0p52.mtx",2003,2003,0.53,21181,22,"Guided+SIMD, chunk=8",0.037,143.45,597.7,0.001,99.58,0,""
"2k_0p52.mtx",2003,2003,0.53,21181,22,"Guided+SIMD, chunk=16",0.034,156.37,651.6,0.001,99.62,0,""
"2k_0p52.mtx",2003,2003,0.53,21181,22,"Guided+SIMD, chunk=32",8.590,0.63,2.6,5.667,4.57,0,""
"2k_0p52.mtx",2003,2003,0.53,21181,22,"Static+SIMD+Affinity,",11.064,0.49,2.0,1.650,,0,""
"2k_0p52.mtx",2003,2003,0.53,21181,22,"Static+SIMD+Affinity,",12.043,0.45,1.9,2.767,,0,""
"2k_0p52.mtx",2003,2003,0.53,21181,22,"Guided+SIMD+Affinity,",11.297,0.48,2.0,2.180,,0,""
"2k_0p52.mtx",2003,2003,0.53,21181,22,"Guided+SIMD+Register,",10.778,0.50,2.1,1.508,,0,""
"2k_0p52.mtx",2003,2003,0.53,21181,22,"Guided+SIMD+Register,",9.670,0.56,2.3,2.662,,0,""
"2k_0p52.mtx",2003,2003,0.53,21181,22,"Static+SIMD+Register,",9.159,0.59,2.4,1.094,,0,""
"2k_0p52.mtx",2003,2003,0.53,21181,22,"Static+SIMD+Register,",9.151,0.59,2.4,1.045,,0,""
"2k_0p52.mtx",2003,2003,0.53,21181,22,"Task-based+SIMD",34.674,0.16,0.6,7.263,,0,""
"2k_0p52.mtx",2003,2003,0.53,21181,22,"Guided+SIMD+Align+Affin,",9.337,0.58,2.4,2.651,,0,""
"2k_0p52.mtx",2003,2003,0.53,21181,22,"Static+SIMD+Align+Affin,",10.982,0.49,2.0,2.192,,0,""
"2k_0p52.mtx",2003,2003,0.53,21181,24,"Static (default)",16.763,0.40,1.6,3.507,0.00,0,""
"2k_0p52.mtx",2003,2003,0.53,21181,24,"Static, chunk=8",16.054,0.41,1.7,4.405,4.23,0,""
"2k_0p52.mtx",2003,2003,0.53,21181,24,"Static, chunk=32",15.870,0.42,1.7,3.987,5.33,0,""
"2k_0p52.mtx",2003,2003,0.53,21181,24,"Dynamic, chunk=8",5.564,1.19,5.0,6.596,66.81,0,""
"2k_0p52.mtx",2003,2003,0.53,21181,24,"Dynamic, chunk=16",9.817,0.68,2.8,0.022,41.44,0,""
"2k_0p52.mtx",2003,2003,0.53,21181,24,"Dynamic, chunk=32",0.278,23.91,99.6,0.006,98.34,0,""
"2k_0p52.mtx",2003,2003,0.53,21181,24,"Dynamic, chunk=64",0.360,18.41,76.7,0.004,97.85,0,""
"2k_0p52.mtx",2003,2003,0.53,21181,24,"Guided, chunk=8",0.251,26.41,110.0,0.005,98.50,0,""
"2k_0p52.mtx",2003,2003,0.53,21181,24,"Guided, chunk=16",0.265,25.04,104.3,0.004,98.42,0,""
"2k_0p52.mtx",2003,2003,0.53,21181,24,"Guided, chunk=32",0.284,23.39,97.5,0.004,98.31,0,""
"2k_0p52.mtx",2003,2003,0.53,21181,24,"Auto (runtime)",0.237,27.98,116.6,0.004,98.59,0,""
"2k_0p52.mtx",2003,2003,0.53,21181,24,"Static+SIMD, chunk=8",0.014,466.75,1944.8,0.001,99.92,0,""
"2k_0p52.mtx",2003,2003,0.53,21181,24,"Static+SIMD, chunk=16",0.014,467.41,1947.5,0.001,99.92,0,""
"2k_0p52.mtx",2003,2003,0.53,21181,24,"Static+SIMD, chunk=32",0.014,490.02,2041.7,0.001,99.92,0,""
"2k_0p52.mtx",2003,2003,0.53,21181,24,"Dynamic+SIMD, chunk=8",0.043,154.58,644.1,0.002,99.74,0,""
"2k_0p52.mtx",2003,2003,0.53,21181,24,"Dynamic+SIMD, chunk=16",0.031,212.77,886.5,0.002,99.81,0,""
"2k_0p52.mtx",2003,2003,0.53,21181,24,"Dynamic+SIMD, chunk=32",0.026,259.52,1081.3,0.002,99.85,0,""
"2k_0p52.mtx",2003,2003,0.53,21181,24,"Guided+SIMD, chunk=8",0.048,138.16,575.7,0.002,99.71,0,""
"2k_0p52.mtx",2003,2003,0.53,21181,24,"Guided+SIMD, chunk=16",0.044,151.81,632.6,0.002,99.74,0,""
"2k_0p52.mtx",2003,2003,0.53,21181,24,"Guided+SIMD, chunk=32",0.039,171.31,713.8,0.002,99.77,0,""
"2k_0p52.mtx",2003,2003,0.53,21181,24,"Static+SIMD+Affinity,",0.015,432.58,1802.4,0.001,99.91,0,""
"2k_0p52.mtx",2003,2003,0.53,21181,24,"Static+SIMD+Affinity,",0.014,481.21,2005.0,0.001,99.92,0,""
"2k_0p52.mtx",2003,2003,0.53,21181,24,"Guided+SIMD+Affinity,",0.037,176.97,737.4,0.003,99.78,0,""
"2k_0p52.mtx",2003,2003,0.53,21181,24,"Guided+SIMD+Register,",0.037,178.43,743.5,0.002,99.78,0,""
"2k_0p52.mtx",2003,2003,0.53,21181,24,"Guided+SIMD+Register,",0.042,157.23,655.1,0.002,99.75,0,""
"2k_0p52.mtx",2003,2003,0.53,21181,24,"Static+SIMD+Register,",0.015,433.12,1804.7,0.002,99.91,0,""
"2k_0p52.mtx",2003,2003,0.53,21181,24,"Static+SIMD+Register,",0.014,461.40,1922.5,0.002,99.91,0,""
"2k_0p52.mtx",2003,2003,0.53,21181,24,"Task-based+SIMD",30.957,0.21,0.9,7.895,,0,""
"2k_0p52.mtx",2003,2003,0.53,21181,24,"Guided+SIMD+Align+Affin,",13.123,0.51,2.1,3.326,21.72,0,""
"2k_0p52.mtx",2003,2003,0.53,21181,24,"Static+SIMD+Align+Affin,",11.909,0.56,2.3,2.743,28.96,0,""
"30k_0p05.mtx",30401,30401,0.05,471601,1,"Static (default)",1260.543,0.99,4.1,44.155,0.00,0,""
"30k_0p05.mtx",30401,30401,0.05,471601,1,"Static, chunk=8",1256.094,1.00,4.2,28.137,0.35,0,""
"30k_0p05.mtx",30401,30401,0.05,471601,1,"Static, chunk=32",1269.124,0.99,4.1,47.493,,0,""
"30k_0p05.mtx",30401,30401,0.05,471601,1,"Dynamic, chunk=8",1276.559,0.98,4.1,61.015,,0,""
"30k_0p05.mtx",30401,30401,0.05,471601,1,"Dynamic, chunk=16",1262.431,0.99,4.1,43.609,,0,""
"30k_0p05.mtx",30401,30401,0.05,471601,1,"Dynamic, chunk=32",1244.541,1.01,4.2,0.453,1.27,0,""
"30k_0p05.mtx",30401,30401,0.05,471601,1,"Dynamic, chunk=64",1245.469,1.01,4.2,3.359,1.20,0,""
"30k_0p05.mtx",30401,30401,0.05,471601,1,"Guided, chunk=8",1266.009,0.99,4.1,37.121,,0,""
"30k_0p05.mtx",30401,30401,0.05,471601,1,"Guided, chunk=16",1247.445,1.00,4.2,11.701,1.04,0,""
"30k_0p05.mtx",30401,30401,0.05,471601,1,"Guided, chunk=32",1266.755,0.99,4.1,48.460,,0,""
"30k_0p05.mtx",30401,30401,0.05,471601,1,"Auto (runtime)",1257.651,1.00,4.2,28.969,0.23,0,""
"30k_0p05.mtx",30401,30401,0.05,471601,1,"Static+SIMD, chunk=8",0.455,2756.33,11484.7,0.005,99.96,0,""
"30k_0p05.mtx",30401,30401,0.05,471601,1,"Static+SIMD, chunk=16",0.453,2768.87,11537.0,0.005,99.96,0,""
"30k_0p05.mtx",30401,30401,0.05,471601,1,"Static+SIMD, chunk=32",0.445,2814.12,11725.5,0.005,99.96,0,""
"30k_0p05.mtx",30401,30401,0.05,471601,1,"Dynamic+SIMD, chunk=8",0.538,2327.94,9699.8,0.008,99.96,0,""
"30k_0p05.mtx",30401,30401,0.05,471601,1,"Dynamic+SIMD, chunk=16",0.491,2554.66,10644.4,0.005,99.96,0,""
"30k_0p05.mtx",30401,30401,0.05,471601,1,"Dynamic+SIMD, chunk=32",0.469,2675.20,11146.7,0.006,99.96,0,""
"30k_0p05.mtx",30401,30401,0.05,471601,1,"Guided+SIMD, chunk=8",0.443,2828.66,11786.1,0.005,99.96,0,""
"30k_0p05.mtx",30401,30401,0.05,471601,1,"Guided+SIMD, chunk=16",0.441,2839.46,11831.1,0.005,99.96,0,""
"30k_0p05.mtx",30401,30401,0.05,471601,1,"Guided+SIMD, chunk=32",0.459,2729.16,11371.5,0.017,99.96,0,""
"30k_0p05.mtx",30401,30401,0.05,471601,1,"Static+SIMD+Affinity,",0.454,2763.96,11516.5,0.009,99.96,0,""
"30k_0p05.mtx",30401,30401,0.05,471601,1,"Static+SIMD+Affinity,",0.445,2815.10,11729.6,0.006,99.96,0,""
"30k_0p05.mtx",30401,30401,0.05,471601,1,"Guided+SIMD+Affinity,",0.440,2850.69,11877.9,0.005,99.97,0,""
"30k_0p05.mtx",30401,30401,0.05,471601,1,"Guided+SIMD+Register,",0.425,2948.24,12284.3,0.005,99.97,0,""
"30k_0p05.mtx",30401,30401,0.05,471601,1,"Guided+SIMD+Register,",0.425,2951.92,12299.7,0.004,99.97,0,""
"30k_0p05.mtx",30401,30401,0.05,471601,1,"Static+SIMD+Register,",0.431,2906.08,12108.7,0.006,99.97,0,""
"30k_0p05.mtx",30401,30401,0.05,471601,1,"Static+SIMD+Register,",0.434,2886.48,12027.0,0.005,99.97,0,""
"30k_0p05.mtx",30401,30401,0.05,471601,1,"Task-based+SIMD",0.892,1405.73,5857.2,0.005,99.93,0,""
"30k_0p05.mtx",30401,30401,0.05,471601,1,"Guided+SIMD+Align+Affin,",0.444,2825.33,11772.2,0.007,99.96,0,""
"30k_0p05.mtx",30401,30401,0.05,471601,1,"Static+SIMD+Align+Affin,",0.451,2779.34,11580.6,0.007,99.96,0,""
"30k_0p05.mtx",30401,30401,0.05,471601,2,"Static (default)",659.544,1.92,8.0,53.797,0.00,0,""
"30k_0p05.mtx",30401,30401,0.05,471601,2,"Static, chunk=8",657.014,1.92,8.0,53.931,0.38,0,""
"30k_0p05.mtx",30401,30401,0.05,471601,2,"Static, chunk=32",686.086,1.84,7.7,72.059,,0,""
"30k_0p05.mtx",30401,30401,0.05,471601,2,"Dynamic, chunk=8",650.808,1.94,8.1,44.361,1.32,0,""
"30k_0p05.mtx",30401,30401,0.05,471601,2,"Dynamic, chunk=16",623.035,2.03,8.5,2.501,5.54,0,""
"30k_0p05.mtx",30401,30401,0.05,471601,2,"Dynamic, chunk=32",637.942,1.98,8.3,23.688,3.28,0,""
"30k_0p05.mtx",30401,30401,0.05,471601,2,"Dynamic, chunk=64",661.734,1.91,8.0,39.899,,0,""
"30k_0p05.mtx",30401,30401,0.05,471601,2,"Guided, chunk=8",646.078,1.96,8.1,36.645,2.04,0,""
"30k_0p05.mtx",30401,30401,0.05,471601,2,"Guided, chunk=16",629.588,2.01,8.4,18.973,4.54,0,""
"30k_0p05.mtx",30401,30401,0.05,471601,2,"Guided, chunk=32",631.719,2.00,8.3,29.598,4.22,0,""
"30k_0p05.mtx",30401,30401,0.05,471601,2,"Auto (runtime)",759.636,1.66,6.9,105.834,,0,""
"30k_0p05.mtx",30401,30401,0.05,471601,2,"Static+SIMD, chunk=8",0.245,5164.83,21520.1,0.004,99.96,0,""
"30k_0p05.mtx",30401,30401,0.05,471601,2,"Static+SIMD, chunk=16",0.242,5228.95,21787.3,0.003,99.96,0,""
"30k_0p05.mtx",30401,30401,0.05,471601,2,"Static+SIMD, chunk=32",0.237,5332.61,22219.2,0.003,99.96,0,""
"30k_0p05.mtx",30401,30401,0.05,471601,2,"Dynamic+SIMD, chunk=8",0.399,3168.69,13202.9,0.005,99.94,0,""
"30k_0p05.mtx",30401,30401,0.05,471601,2,"Dynamic+SIMD, chunk=16",0.312,4046.09,16858.7,0.005,99.95,0,""
"30k_0p05.mtx",30401,30401,0.05,471601,2,"Dynamic+SIMD, chunk=32",0.271,4658.14,19408.9,0.004,99.96,0,""
"30k_0p05.mtx",30401,30401,0.05,471601,2,"Guided+SIMD, chunk=8",0.222,5699.84,23749.3,0.003,99.97,0,""
"30k_0p05.mtx",30401,30401,0.05,471601,2,"Guided+SIMD, chunk=16",0.224,5646.33,23526.4,0.005,99.97,0,""
"30k_0p05.mtx",30401,30401,0.05,471601,2,"Guided+SIMD, chunk=32",0.221,5711.84,23799.3,0.003,99.97,0,""
"30k_0p05.mtx",30401,30401,0.05,471601,2,"Static+SIMD+Affinity,",0.240,5271.04,21962.7,0.003,99.96,0,""
"30k_0p05.mtx",30401,30401,0.05,471601,2,"Static+SIMD+Affinity,",0.236,5354.09,22308.7,0.003,99.96,0,""
"30k_0p05.mtx",30401,30401,0.05,471601,2,"Guided+SIMD+Affinity,",0.223,5661.32,23588.8,0.004,99.97,0,""
"30k_0p05.mtx",30401,30401,0.05,471601,2,"Guided+SIMD+Register,",0.214,5900.11,24583.8,0.006,99.97,0,""
"30k_0p05.mtx",30401,30401,0.05,471601,2,"Guided+SIMD+Register,",0.212,5960.47,24835.3,0.003,99.97,0,""
"30k_0p05.mtx",30401,30401,0.05,471601,2,"Static+SIMD+Register,",0.227,5555.00,23145.8,0.003,99.97,0,""
"30k_0p05.mtx",30401,30401,0.05,471601,2,"Static+SIMD+Register,",0.231,5478.80,22828.4,0.003,99.97,0,""
"30k_0p05.mtx",30401,30401,0.05,471601,2,"Task-based+SIMD",3.242,389.79,1624.1,3.091,99.51,0,""
"30k_0p05.mtx",30401,30401,0.05,471601,2,"Guided+SIMD+Align+Affin,",0.221,5719.06,23829.4,0.003,99.97,0,""
"30k_0p05.mtx",30401,30401,0.05,471601,2,"Static+SIMD+Align+Affin,",0.239,5293.85,22057.7,0.003,99.96,0,""
"30k_0p05.mtx",30401,30401,0.05,471601,4,"Static (default)",451.293,2.87,12.0,104.008,0.00,0,""
"30k_0p05.mtx",30401,30401,0.05,471601,4,"Static, chunk=8",438.361,2.96,12.3,100.015,2.87,0,""
"30k_0p05.mtx",30401,30401,0.05,471601,4,"Static, chunk=32",388.440,3.34,13.9,90.779,13.93,0,""
"30k_0p05.mtx",30401,30401,0.05,471601,4,"Dynamic, chunk=8",331.129,3.92,16.3,25.015,26.63,0,""
"30k_0p05.mtx",30401,30401,0.05,471601,4,"Dynamic, chunk=16",322.950,4.01,16.7,18.859,28.44,0,""
"30k_0p05.mtx",30401,30401,0.05,471601,4,"Dynamic, chunk=32",311.488,4.16,17.3,0.082,30.98,0,""
"30k_0p05.mtx",30401,30401,0.05,471601,4,"Dynamic, chunk=64",323.308,4.01,16.7,15.860,28.36,0,""
"30k_0p05.mtx",30401,30401,0.05,471601,4,"Guided, chunk=8",327.706,3.96,16.5,24.607,27.39,0,""
"30k_0p05.mtx",30401,30401,0.05,471601,4,"Guided, chunk=16",341.682,3.79,15.8,42.911,24.29,0,""
"30k_0p05.mtx",30401,30401,0.05,471601,4,"Guided, chunk=32",336.256,3.86,16.1,40.532,25.49,0,""
"30k_0p05.mtx",30401,30401,0.05,471601,4,"Auto (runtime)",374.897,3.46,14.4,71.873,16.93,0,""
"30k_0p05.mtx",30401,30401,0.05,471601,4,"Static+SIMD, chunk=8",0.149,8715.56,36314.8,0.002,99.97,0,""
"30k_0p05.mtx",30401,30401,0.05,471601,4,"Static+SIMD, chunk=16",0.135,9608.68,40036.2,0.002,99.97,0,""
"30k_0p05.mtx",30401,30401,0.05,471601,4,"Static+SIMD, chunk=32",0.122,10650.78,44378.3,0.002,99.97,0,""
"30k_0p05.mtx",30401,30401,0.05,471601,4,"Dynamic+SIMD, chunk=8",0.262,4939.45,20581.0,0.003,99.94,0,""
"30k_0p05.mtx",30401,30401,0.05,471601,4,"Dynamic+SIMD, chunk=16",0.175,7402.78,30844.9,0.003,99.96,0,""
"30k_0p05.mtx",30401,30401,0.05,471601,4,"Dynamic+SIMD, chunk=32",0.140,9256.80,38570.0,0.002,99.97,0,""
"30k_0p05.mtx",30401,30401,0.05,471601,4,"Guided+SIMD, chunk=8",0.113,11461.52,47756.3,0.000,99.97,0,""
"30k_0p05.mtx",30401,30401,0.05,471601,4,"Guided+SIMD, chunk=16",0.114,11405.25,47521.9,0.002,99.97,0,""
"30k_0p05.mtx",30401,30401,0.05,471601,4,"Guided+SIMD, chunk=32",0.113,11463.20,47763.3,0.002,99.97,0,""
"30k_0p05.mtx",30401,30401,0.05,471601,4,"Static+SIMD+Affinity,",3.367,385.06,1604.4,5.279,99.25,0,""
"30k_0p05.mtx",30401,30401,0.05,471601,4,"Static+SIMD+Affinity,",0.123,10579.12,44079.6,0.004,99.97,0,""
"30k_0p05.mtx",30401,30401,0.05,471601,4,"Guided+SIMD+Affinity,",9.617,134.81,561.7,0.010,97.87,0,""
"30k_0p05.mtx",30401,30401,0.05,471601,4,"Guided+SIMD+Register,",2.395,541.33,2255.5,3.952,99.47,0,""
"30k_0p05.mtx",30401,30401,0.05,471601,4,"Guided+SIMD+Register,",3.201,404.96,1687.3,4.508,99.29,0,""
"30k_0p05.mtx",30401,30401,0.05,471601,4,"Static+SIMD+Register,",1.382,938.18,3909.1,3.192,99.69,0,""
"30k_0p05.mtx",30401,30401,0.05,471601,4,"Static+SIMD+Register,",0.128,10136.79,42236.6,0.002,99.97,0,""
"30k_0p05.mtx",30401,30401,0.05,471601,4,"Task-based+SIMD",51.354,25.25,105.2,22.535,88.62,0,""
"30k_0p05.mtx",30401,30401,0.05,471601,4,"Guided+SIMD+Align+Affin,",0.112,11527.32,48030.5,0.002,99.98,0,""
"30k_0p05.mtx",30401,30401,0.05,471601,4,"Static+SIMD+Align+Affin,",0.122,10623.82,44265.9,0.002,99.97,0,""
"30k_0p05.mtx",30401,30401,0.05,471601,8,"Static (default)",249.734,5.05,21.0,43.883,0.00,0,""
"30k_0p05.mtx",30401,30401,0.05,471601,8,"Static, chunk=8",174.594,7.22,30.1,35.337,30.09,0,""
"30k_0p05.mtx",30401,30401,0.05,471601,8,"Static, chunk=32",258.166,4.88,20.4,39.512,,0,""
"30k_0p05.mtx",30401,30401,0.05,471601,8,"Dynamic, chunk=8",160.980,7.83,32.6,6.114,35.54,0,""
"30k_0p05.mtx",30401,30401,0.05,471601,8,"Dynamic, chunk=16",161.320,7.82,32.6,9.958,35.40,0,""
"30k_0p05.mtx",30401,30401,0.05,471601,8,"Dynamic, chunk=32",171.374,7.36,30.7,19.011,31.38,0,""
"30k_0p05.mtx",30401,30401,0.05,471601,8,"Dynamic, chunk=64",176.909,7.13,29.7,27.539,29.16,0,""
"30k_0p05.mtx",30401,30401,0.05,471601,8,"Guided, chunk=8",180.760,6.98,29.1,36.671,27.62,0,""
"30k_0p05.mtx",30401,30401,0.05,471601,8,"Guided, chunk=16",228.250,5.52,23.0,35.015,8.60,0,""
"30k_0p05.mtx",30401,30401,0.05,471601,8,"Guided, chunk=32",217.286,5.80,24.2,34.046,12.99,0,""
"30k_0p05.mtx",30401,30401,0.05,471601,8,"Auto (runtime)",235.254,5.36,22.3,44.933,5.80,0,""
"30k_0p05.mtx",30401,30401,0.05,471601,8,"Static+SIMD, chunk=8",1.672,754.11,3142.1,3.437,99.33,0,""
"30k_0p05.mtx",30401,30401,0.05,471601,8,"Static+SIMD, chunk=16",0.069,18371.91,76549.6,0.001,99.97,0,""
"30k_0p05.mtx",30401,30401,0.05,471601,8,"Static+SIMD, chunk=32",0.064,19702.23,82092.6,0.001,99.97,0,""
"30k_0p05.mtx",30401,30401,0.05,471601,8,"Dynamic+SIMD, chunk=8",2.979,423.24,1763.5,4.134,98.81,0,""
"30k_0p05.mtx",30401,30401,0.05,471601,8,"Dynamic+SIMD, chunk=16",10.775,117.03,487.6,2.024,95.69,0,""
"30k_0p05.mtx",30401,30401,0.05,471601,8,"Dynamic+SIMD, chunk=32",0.077,16429.27,68455.3,0.000,99.97,0,""
"30k_0p05.mtx",30401,30401,0.05,471601,8,"Guided+SIMD, chunk=8",0.063,19991.75,83299.0,0.000,99.97,0,""
"30k_0p05.mtx",30401,30401,0.05,471601,8,"Guided+SIMD, chunk=16",0.062,20401.56,85006.5,0.000,99.98,0,""
"30k_0p05.mtx",30401,30401,0.05,471601,8,"Guided+SIMD, chunk=32",0.061,20819.95,86749.8,0.000,99.98,0,""
"30k_0p05.mtx",30401,30401,0.05,471601,8,"Static+SIMD+Affinity,",0.065,19263.76,80265.7,0.001,99.97,0,""
"30k_0p05.mtx",30401,30401,0.05,471601,8,"Static+SIMD+Affinity,",0.061,20791.84,86632.7,0.000,99.98,0,""
"30k_0p05.mtx",30401,30401,0.05,471601,8,"Guided+SIMD+Affinity,",0.061,20784.11,86600.5,0.000,99.98,0,""
"30k_0p05.mtx",30401,30401,0.05,471601,8,"Guided+SIMD+Register,",6.625,190.33,793.0,4.710,97.35,0,""
"30k_0p05.mtx",30401,30401,0.05,471601,8,"Guided+SIMD+Register,",10.997,114.66,477.8,4.434,95.60,0,""
"30k_0p05.mtx",30401,30401,0.05,471601,8,"Static+SIMD+Register,",11.424,110.38,459.9,3.521,95.43,0,""
"30k_0p05.mtx",30401,30401,0.05,471601,8,"Static+SIMD+Register,",10.833,116.40,485.0,2.640,95.66,0,""
"30k_0p05.mtx",30401,30401,0.05,471601,8,"Task-based+SIMD",84.271,14.96,62.3,15.135,66.26,0,""
"30k_0p05.mtx",30401,30401,0.05,471601,8,"Guided+SIMD+Align+Affin,",9.473,133.11,554.6,2.022,96.21,0,""
"30k_0p05.mtx",30401,30401,0.05,471601,8,"Static+SIMD+Align+Affin,",6.197,203.49,847.9,4.427,97.52,0,""
"30k_0p05.mtx",30401,30401,0.05,471601,12,"Static (default)",156.591,8.01,33.4,40.209,0.00,0,""
"30k_0p05.mtx",30401,30401,0.05,471601,12,"Static, chunk=8",177.777,7.06,29.4,20.559,,0,""
"30k_0p05.mtx",30401,30401,0.05,471601,12,"Static, chunk=32",203.250,6.17,25.7,18.177,,0,""
"30k_0p05.mtx",30401,30401,0.05,471601,12,"Dynamic, chunk=8",110.476,11.36,47.3,12.600,29.45,0,""
"30k_0p05.mtx",30401,30401,0.05,471601,12,"Dynamic, chunk=16",140.747,8.91,37.1,16.727,10.12,0,""
"30k_0p05.mtx",30401,30401,0.05,471601,12,"Dynamic, chunk=32",125.773,9.98,41.6,22.238,19.68,0,""
"30k_0p05.mtx",30401,30401,0.05,471601,12,"Dynamic, chunk=64",116.038,10.81,45.1,14.083,25.90,0,""
"30k_0p05.mtx",30401,30401,0.05,471601,12,"Guided, chunk=8",110.348,11.37,47.4,14.148,29.53,0,""
"30k_0p05.mtx",30401,30401,0.05,471601,12,"Guided, chunk=16",116.704,10.75,44.8,18.391,25.47,0,""
"30k_0p05.mtx",30401,30401,0.05,471601,12,"Guided, chunk=32",155.130,8.09,33.7,30.066,0.93,0,""
"30k_0p05.mtx",30401,30401,0.05,471601,12,"Auto (runtime)",168.313,7.45,31.1,33.386,,0,""
"30k_0p05.mtx",30401,30401,0.05,471601,12,"Static+SIMD, chunk=8",8.480,147.95,616.4,3.756,94.58,0,""
"30k_0p05.mtx",30401,30401,0.05,471601,12,"Static+SIMD, chunk=16",0.046,27340.86,113920.3,0.001,99.97,0,""
"30k_0p05.mtx",30401,30401,0.05,471601,12,"Static+SIMD, chunk=32",0.042,30136.88,125570.3,0.001,99.97,0,""
"30k_0p05.mtx",30401,30401,0.05,471601,12,"Dynamic+SIMD, chunk=8",0.317,3952.96,16470.6,0.003,99.80,0,""
"30k_0p05.mtx",30401,30401,0.05,471601,12,"Dynamic+SIMD, chunk=16",0.149,8413.14,35054.8,0.005,99.90,0,""
"30k_0p05.mtx",30401,30401,0.05,471601,12,"Dynamic+SIMD, chunk=32",0.076,16499.65,68748.5,0.001,99.95,0,""
"30k_0p05.mtx",30401,30401,0.05,471601,12,"Guided+SIMD, chunk=8",0.057,22063.86,91932.8,0.001,99.96,0,""
"30k_0p05.mtx",30401,30401,0.05,471601,12,"Guided+SIMD, chunk=16",0.054,23203.61,96681.7,0.001,99.97,0,""
"30k_0p05.mtx",30401,30401,0.05,471601,12,"Guided+SIMD, chunk=32",0.052,24311.68,101298.7,0.001,99.97,0,""
"30k_0p05.mtx",30401,30401,0.05,471601,12,"Static+SIMD+Affinity,",0.047,26694.90,111228.7,0.002,99.97,0,""
"30k_0p05.mtx",30401,30401,0.05,471601,12,"Static+SIMD+Affinity,",0.045,27598.20,114992.5,0.001,99.97,0,""
"30k_0p05.mtx",30401,30401,0.05,471601,12,"Guided+SIMD+Affinity,",0.051,24589.35,102455.6,0.001,99.97,0,""
"30k_0p05.mtx",30401,30401,0.05,471601,12,"Guided+SIMD+Register,",0.050,25230.21,105125.9,0.001,99.97,0,""
"30k_0p05.mtx",30401,30401,0.05,471601,12,"Guided+SIMD+Register,",0.052,23919.84,99666.0,0.001,99.97,0,""
"30k_0p05.mtx",30401,30401,0.05,471601,12,"Static+SIMD+Register,",0.044,28264.52,117768.8,0.001,99.97,0,""
"30k_0p05.mtx",30401,30401,0.05,471601,12,"Static+SIMD+Register,",0.045,27665.43,115272.6,0.001,99.97,0,""
"30k_0p05.mtx",30401,30401,0.05,471601,12,"Task-based+SIMD",126.256,9.94,41.4,20.999,19.37,0,""
"30k_0p05.mtx",30401,30401,0.05,471601,12,"Guided+SIMD+Align+Affin,",8.953,140.14,583.9,2.333,94.28,0,""
"30k_0p05.mtx",30401,30401,0.05,471601,12,"Static+SIMD+Align+Affin,",9.151,137.11,571.3,2.184,94.16,0,""
"30k_0p05.mtx",30401,30401,0.05,471601,16,"Static (default)",152.403,8.27,34.4,14.946,0.00,0,""
"30k_0p05.mtx",30401,30401,0.05,471601,16,"Static, chunk=8",154.419,8.16,34.0,8.553,,0,""
"30k_0p05.mtx",30401,30401,0.05,471601,16,"Static, chunk=32",115.717,10.89,45.4,25.441,24.07,0,""
"30k_0p05.mtx",30401,30401,0.05,471601,16,"Dynamic, chunk=8",112.404,11.21,46.7,10.425,26.25,0,""
"30k_0p05.mtx",30401,30401,0.05,471601,16,"Dynamic, chunk=16",98.549,12.78,53.3,13.460,35.34,0,""
"30k_0p05.mtx",30401,30401,0.05,471601,16,"Dynamic, chunk=32",115.819,10.88,45.3,13.977,24.00,0,""
"30k_0p05.mtx",30401,30401,0.05,471601,16,"Dynamic, chunk=64",122.530,10.28,42.8,13.268,19.60,0,""
"30k_0p05.mtx",30401,30401,0.05,471601,16,"Guided, chunk=8",125.216,10.06,41.9,18.356,17.84,0,""
"30k_0p05.mtx",30401,30401,0.05,471601,16,"Guided, chunk=16",114.987,10.96,45.7,25.587,24.55,0,""
"30k_0p05.mtx",30401,30401,0.05,471601,16,"Guided, chunk=32",93.841,13.43,55.9,24.711,38.43,0,""
"30k_0p05.mtx",30401,30401,0.05,471601,16,"Auto (runtime)",129.268,9.75,40.6,31.802,15.18,0,""
"30k_0p05.mtx",30401,30401,0.05,471601,16,"Static+SIMD, chunk=8",0.801,1573.67,6557.0,2.310,99.47,0,""
"30k_0p05.mtx",30401,30401,0.05,471601,16,"Static+SIMD, chunk=16",0.042,30271.16,126129.8,0.002,99.97,0,""
"30k_0p05.mtx",30401,30401,0.05,471601,16,"Static+SIMD, chunk=32",0.036,34982.83,145761.8,0.002,99.98,0,""
"30k_0p05.mtx",30401,30401,0.05,471601,16,"Dynamic+SIMD, chunk=8",0.814,1548.51,6452.1,1.864,99.47,0,""
"30k_0p05.mtx",30401,30401,0.05,471601,16,"Dynamic+SIMD, chunk=16",0.814,1547.08,6446.2,2.377,99.47,0,""
"30k_0p05.mtx",30401,30401,0.05,471601,16,"Dynamic+SIMD, chunk=32",0.071,17760.48,74002.0,0.001,99.95,0,""
"30k_0p05.mtx",30401,30401,0.05,471601,16,"Guided+SIMD, chunk=8",0.055,22790.40,94960.0,0.001,99.96,0,""
"30k_0p05.mtx",30401,30401,0.05,471601,16,"Guided+SIMD, chunk=16",0.052,24244.51,101018.8,0.001,99.97,0,""
"30k_0p05.mtx",30401,30401,0.05,471601,16,"Guided+SIMD, chunk=32",0.048,26004.80,108353.3,0.001,99.97,0,""
"30k_0p05.mtx",30401,30401,0.05,471601,16,"Static+SIMD+Affinity,",0.042,30208.48,125868.6,0.002,99.97,0,""
"30k_0p05.mtx",30401,30401,0.05,471601,16,"Static+SIMD+Affinity,",0.036,34935.06,145562.7,0.001,99.98,0,""
"30k_0p05.mtx",30401,30401,0.05,471601,16,"Guided+SIMD+Affinity,",0.048,26248.67,109369.5,0.002,99.97,0,""
"30k_0p05.mtx",30401,30401,0.05,471601,16,"Guided+SIMD+Register,",0.048,26307.92,109616.3,0.001,99.97,0,""
"30k_0p05.mtx",30401,30401,0.05,471601,16,"Guided+SIMD+Register,",0.051,24783.03,103262.6,0.001,99.97,0,""
"30k_0p05.mtx",30401,30401,0.05,471601,16,"Static+SIMD+Register,",0.035,35600.13,148333.9,0.001,99.98,0,""
"30k_0p05.mtx",30401,30401,0.05,471601,16,"Static+SIMD+Register,",0.040,31811.96,132549.8,0.002,99.97,0,""
"30k_0p05.mtx",30401,30401,0.05,471601,16,"Task-based+SIMD",208.685,6.04,25.2,25.151,,0,""
"30k_0p05.mtx",30401,30401,0.05,471601,16,"Guided+SIMD+Align+Affin,",9.145,137.77,574.0,1.760,94.00,0,""
"30k_0p05.mtx",30401,30401,0.05,471601,16,"Static+SIMD+Align+Affin,",9.123,138.11,575.4,1.886,94.01,0,""
"30k_0p05.mtx",30401,30401,0.05,471601,18,"Static (default)",116.646,10.72,44.7,32.300,0.00,0,""
"30k_0p05.mtx",30401,30401,0.05,471601,18,"Static, chunk=8",130.972,9.54,39.8,13.224,,0,""
"30k_0p05.mtx",30401,30401,0.05,471601,18,"Static, chunk=32",138.575,9.02,37.6,13.120,,0,""
"30k_0p05.mtx",30401,30401,0.05,471601,18,"Dynamic, chunk=8",93.170,13.42,55.9,16.025,20.13,0,""
"30k_0p05.mtx",30401,30401,0.05,471601,18,"Dynamic, chunk=16",78.961,15.83,66.0,10.357,32.31,0,""
"30k_0p05.mtx",30401,30401,0.05,471601,18,"Dynamic, chunk=32",106.887,11.69,48.7,12.591,8.37,0,""
"30k_0p05.mtx",30401,30401,0.05,471601,18,"Dynamic, chunk=64",91.981,13.59,56.6,13.158,21.15,0,""
"30k_0p05.mtx",30401,30401,0.05,471601,18,"Guided, chunk=8",96.004,13.02,54.3,23.509,17.70,0,""
"30k_0p05.mtx",30401,30401,0.05,471601,18,"Guided, chunk=16",111.306,11.23,46.8,13.983,4.58,0,""
"30k_0p05.mtx",30401,30401,0.05,471601,18,"Guided, chunk=32",112.735,11.09,46.2,15.800,3.35,0,""
"30k_0p05.mtx",30401,30401,0.05,471601,18,"Auto (runtime)",131.257,9.52,39.7,11.886,,0,""
"30k_0p05.mtx",30401,30401,0.05,471601,18,"Static+SIMD, chunk=8",8.832,141.53,589.7,3.059,92.43,0,""
"30k_0p05.mtx",30401,30401,0.05,471601,18,"Static+SIMD, chunk=16",8.967,139.40,580.8,2.286,92.31,0,""
"30k_0p05.mtx",30401,30401,0.05,471601,18,"Static+SIMD, chunk=32",8.963,139.46,581.1,2.330,92.32,0,""
"30k_0p05.mtx",30401,30401,0.05,471601,18,"Dynamic+SIMD, chunk=8",9.082,137.63,573.5,1.953,92.21,0,""
"30k_0p05.mtx",30401,30401,0.05,471601,18,"Dynamic+SIMD, chunk=16",9.022,138.56,577.3,1.964,92.27,0,""
"30k_0p05.mtx",30401,30401,0.05,471601,18,"Dynamic+SIMD, chunk=32",9.376,133.32,555.5,1.971,91.96,0,""
"30k_0p05.mtx",30401,30401,0.05,471601,18,"Guided+SIMD, chunk=8",9.303,134.37,559.9,0.887,92.02,0,""
"30k_0p05.mtx",30401,30401,0.05,471601,18,"Guided+SIMD, chunk=16",9.096,137.42,572.6,1.683,92.20,0,""
"30k_0p05.mtx",30401,30401,0.05,471601,18,"Guided+SIMD, chunk=32",5.342,233.99,974.9,4.533,95.42,0,""
"30k_0p05.mtx",30401,30401,0.05,471601,18,"Static+SIMD+Affinity,",0.036,34373.98,143224.9,0.003,99.97,0,""
"30k_0p05.mtx",30401,30401,0.05,471601,18,"Static+SIMD+Affinity,",0.032,39112.37,162968.2,0.001,99.97,0,""
"30k_0p05.mtx",30401,30401,0.05,471601,18,"Guided+SIMD+Affinity,",0.044,28351.56,118131.5,0.001,99.96,0,""
"30k_0p05.mtx",30401,30401,0.05,471601,18,"Guided+SIMD+Register,",0.044,28343.76,118099.0,0.001,99.96,0,""
"30k_0p05.mtx",30401,30401,0.05,471601,18,"Guided+SIMD+Register,",0.048,26144.92,108937.2,0.001,99.96,0,""
"30k_0p05.mtx",30401,30401,0.05,471601,18,"Static+SIMD+Register,",0.030,41012.27,170884.5,0.001,99.97,0,""
"30k_0p05.mtx",30401,30401,0.05,471601,18,"Static+SIMD+Register,",0.036,34720.64,144669.3,0.003,99.97,0,""
"30k_0p05.mtx",30401,30401,0.05,471601,18,"Task-based+SIMD",199.819,6.26,26.1,40.471,,0,""
"30k_0p05.mtx",30401,30401,0.05,471601,18,"Guided+SIMD+Align+Affin,",9.351,133.68,557.0,0.737,91.98,0,""
"30k_0p05.mtx",30401,30401,0.05,471601,18,"Static+SIMD+Align+Affin,",10.115,123.58,514.9,1.516,91.33,0,""
"30k_0p05.mtx",30401,30401,0.05,471601,20,"Static (default)",128.583,9.87,41.1,11.206,0.00,0,""
"30k_0p05.mtx",30401,30401,0.05,471601,20,"Static, chunk=8",101.142,12.54,52.3,28.768,21.34,0,""
"30k_0p05.mtx",30401,30401,0.05,471601,20,"Static, chunk=32",127.293,9.97,41.5,15.864,1.00,0,""
"30k_0p05.mtx",30401,30401,0.05,471601,20,"Dynamic, chunk=8",78.195,16.23,67.6,14.548,39.19,0,""
"30k_0p05.mtx",30401,30401,0.05,471601,20,"Dynamic, chunk=16",83.870,15.13,63.0,20.492,34.77,0,""
"30k_0p05.mtx",30401,30401,0.05,471601,20,"Dynamic, chunk=32",65.153,19.47,81.1,1.592,49.33,0,""
"30k_0p05.mtx",30401,30401,0.05,471601,20,"Dynamic, chunk=64",76.501,16.59,69.1,8.004,40.50,0,""
"30k_0p05.mtx",30401,30401,0.05,471601,20,"Guided, chunk=8",96.025,13.21,55.1,12.972,25.32,0,""
"30k_0p05.mtx",30401,30401,0.05,471601,20,"Guided, chunk=16",110.205,11.51,48.0,11.759,14.29,0,""
"30k_0p05.mtx",30401,30401,0.05,471601,20,"Guided, chunk=32",84.101,15.09,62.9,14.955,34.59,0,""
"30k_0p05.mtx",30401,30401,0.05,471601,20,"Auto (runtime)",85.761,14.79,61.6,27.174,33.30,0,""
"30k_0p05.mtx",30401,30401,0.05,471601,20,"Static+SIMD, chunk=8",10.197,124.42,518.4,2.351,92.07,0,""
"30k_0p05.mtx",30401,30401,0.05,471601,20,"Static+SIMD, chunk=16",0.039,32244.85,134353.6,0.002,99.97,0,""
"30k_0p05.mtx",30401,30401,0.05,471601,20,"Static+SIMD, chunk=32",0.034,37225.33,155105.6,0.001,99.97,0,""
"30k_0p05.mtx",30401,30401,0.05,471601,20,"Dynamic+SIMD, chunk=8",0.358,3542.78,14761.6,0.010,99.72,0,""
"30k_0p05.mtx",30401,30401,0.05,471601,20,"Dynamic+SIMD, chunk=16",0.177,7171.71,29882.1,0.004,99.86,0,""
"30k_0p05.mtx",30401,30401,0.05,471601,20,"Dynamic+SIMD, chunk=32",0.088,14354.20,59809.2,0.002,99.93,0,""
"30k_0p05.mtx",30401,30401,0.05,471601,20,"Guided+SIMD, chunk=8",0.062,20547.56,85614.9,0.002,99.95,0,""
"30k_0p05.mtx",30401,30401,0.05,471601,20,"Guided+SIMD, chunk=16",0.058,21951.11,91463.0,0.001,99.96,0,""
"30k_0p05.mtx",30401,30401,0.05,471601,20,"Guided+SIMD, chunk=32",0.054,23603.79,98349.1,0.002,99.96,0,""
"30k_0p05.mtx",30401,30401,0.05,471601,20,"Static+SIMD+Affinity,",0.040,31488.95,131203.9,0.002,99.97,0,""
"30k_0p05.mtx",30401,30401,0.05,471601,20,"Static+SIMD+Affinity,",0.036,35219.29,146747.0,0.002,99.97,0,""
"30k_0p05.mtx",30401,30401,0.05,471601,20,"Guided+SIMD+Affinity,",0.054,23514.60,97977.5,0.002,99.96,0,""
"30k_0p05.mtx",30401,30401,0.05,471601,20,"Guided+SIMD+Register,",0.054,23550.46,98126.9,0.002,99.96,0,""
"30k_0p05.mtx",30401,30401,0.05,471601,20,"Guided+SIMD+Register,",0.058,21916.27,91317.8,0.002,99.95,0,""
"30k_0p05.mtx",30401,30401,0.05,471601,20,"Static+SIMD+Register,",0.034,37171.16,154879.8,0.002,99.97,0,""
"30k_0p05.mtx",30401,30401,0.05,471601,20,"Static+SIMD+Register,",0.036,35301.73,147090.5,0.003,99.97,0,""
"30k_0p05.mtx",30401,30401,0.05,471601,20,"Task-based+SIMD",226.358,5.61,23.4,37.443,,0,""
"30k_0p05.mtx",30401,30401,0.05,471601,20,"Guided+SIMD+Align+Affin,",8.953,141.72,590.5,2.656,93.04,0,""
"30k_0p05.mtx",30401,30401,0.05,471601,20,"Static+SIMD+Align+Affin,",8.786,144.40,601.7,2.772,93.17,0,""
"30k_0p05.mtx",30401,30401,0.05,471601,22,"Static (default)",111.605,11.23,46.8,14.051,0.00,0,""
"30k_0p05.mtx",30401,30401,0.05,471601,22,"Static, chunk=8",118.893,10.55,43.9,7.369,,0,""
"30k_0p05.mtx",30401,30401,0.05,471601,22,"Static, chunk=32",113.476,11.05,46.0,8.769,,0,""
"30k_0p05.mtx",30401,30401,0.05,471601,22,"Dynamic, chunk=8",99.866,12.55,52.3,5.367,10.52,0,""
"30k_0p05.mtx",30401,30401,0.05,471601,22,"Dynamic, chunk=16",101.111,12.40,51.7,14.798,9.40,0,""
"30k_0p05.mtx",30401,30401,0.05,471601,22,"Dynamic, chunk=32",89.930,13.94,58.1,10.753,19.42,0,""
"30k_0p05.mtx",30401,30401,0.05,471601,22,"Dynamic, chunk=64",67.666,18.53,77.2,10.613,39.37,0,""
"30k_0p05.mtx",30401,30401,0.05,471601,22,"Guided, chunk=8",103.142,12.16,50.6,11.888,7.58,0,""
"30k_0p05.mtx",30401,30401,0.05,471601,22,"Guided, chunk=16",88.479,14.17,59.0,21.123,20.72,0,""
"30k_0p05.mtx",30401,30401,0.05,471601,22,"Guided, chunk=32",97.165,12.90,53.8,16.827,12.94,0,""
"30k_0p05.mtx",30401,30401,0.05,471601,22,"Auto (runtime)",108.637,11.54,48.1,12.388,2.66,0,""
"30k_0p05.mtx",30401,30401,0.05,471601,22,"Static+SIMD, chunk=8",10.120,123.89,516.2,3.416,90.93,0,""
"30k_0p05.mtx",30401,30401,0.05,471601,22,"Static+SIMD, chunk=16",10.817,115.91,483.0,2.167,90.31,0,""
"30k_0p05.mtx",30401,30401,0.05,471601,22,"Static+SIMD, chunk=32",11.222,111.72,465.5,2.808,89.94,0,""
"30k_0p05.mtx",30401,30401,0.05,471601,22,"Dynamic+SIMD, chunk=8",10.165,123.34,513.9,2.961,90.89,0,""
"30k_0p05.mtx",30401,30401,0.05,471601,22,"Dynamic+SIMD, chunk=16",9.553,131.24,546.8,0.009,91.44,0,""
"30k_0p05.mtx",30401,30401,0.05,471601,22,"Dynamic+SIMD, chunk=32",4.947,253.45,1056.0,4.658,95.57,0,""
"30k_0p05.mtx",30401,30401,0.05,471601,22,"Guided+SIMD, chunk=8",0.070,17942.10,74758.8,0.002,99.94,0,""
"30k_0p05.mtx",30401,30401,0.05,471601,22,"Guided+SIMD, chunk=16",0.064,19588.34,81618.1,0.002,99.94,0,""
"30k_0p05.mtx",30401,30401,0.05,471601,22,"Guided+SIMD, chunk=32",0.058,21508.38,89618.3,0.002,99.95,0,""
"30k_0p05.mtx",30401,30401,0.05,471601,22,"Static+SIMD+Affinity,",0.043,29015.18,120896.6,0.004,99.96,0,""
"30k_0p05.mtx",30401,30401,0.05,471601,22,"Static+SIMD+Affinity,",7.883,159.04,662.7,4.580,92.94,0,""
"30k_0p05.mtx",30401,30401,0.05,471601,22,"Guided+SIMD+Affinity,",14.904,84.13,350.5,3.670,86.65,0,""
"30k_0p05.mtx",30401,30401,0.05,471601,22,"Guided+SIMD+Register,",9.084,138.02,575.1,2.339,91.86,0,""
"30k_0p05.mtx",30401,30401,0.05,471601,22,"Guided+SIMD+Register,",9.350,134.09,558.7,2.710,91.62,0,""
"30k_0p05.mtx",30401,30401,0.05,471601,22,"Static+SIMD+Register,",8.956,139.99,583.3,1.949,91.98,0,""
"30k_0p05.mtx",30401,30401,0.05,471601,22,"Static+SIMD+Register,",8.999,139.32,580.5,2.114,91.94,0,""
"30k_0p05.mtx",30401,30401,0.05,471601,22,"Task-based+SIMD",235.905,5.31,22.1,34.421,,0,""
"30k_0p05.mtx",30401,30401,0.05,471601,22,"Guided+SIMD+Align+Affin,",9.477,132.30,551.2,1.077,91.51,0,""
"30k_0p05.mtx",30401,30401,0.05,471601,22,"Static+SIMD+Align+Affin,",9.191,136.42,568.4,3.138,91.77,0,""
"30k_0p05.mtx",30401,30401,0.05,471601,24,"Static (default)",111.266,11.36,47.3,14.677,0.00,0,""
"30k_0p05.mtx",30401,30401,0.05,471601,24,"Static, chunk=8",111.698,11.32,47.2,5.434,,0,""
"30k_0p05.mtx",30401,30401,0.05,471601,24,"Static, chunk=32",108.845,11.62,48.4,5.980,2.18,0,""
"30k_0p05.mtx",30401,30401,0.05,471601,24,"Dynamic, chunk=8",91.912,13.76,57.3,4.343,17.39,0,""
"30k_0p05.mtx",30401,30401,0.05,471601,24,"Dynamic, chunk=16",99.180,12.75,53.1,11.272,10.86,0,""
"30k_0p05.mtx",30401,30401,0.05,471601,24,"Dynamic, chunk=32",87.801,14.40,60.0,11.647,21.09,0,""
"30k_0p05.mtx",30401,30401,0.05,471601,24,"Dynamic, chunk=64",84.912,14.89,62.0,14.103,23.69,0,""
"30k_0p05.mtx",30401,30401,0.05,471601,24,"Guided, chunk=8",88.605,14.27,59.5,22.577,20.37,0,""
"30k_0p05.mtx",30401,30401,0.05,471601,24,"Guided, chunk=16",85.297,14.82,61.8,23.023,23.34,0,""
"30k_0p05.mtx",30401,30401,0.05,471601,24,"Guided, chunk=32",77.601,16.29,67.9,22.736,30.26,0,""
"30k_0p05.mtx",30401,30401,0.05,471601,24,"Auto (runtime)",93.328,13.55,56.5,28.701,16.12,0,""
"30k_0p05.mtx",30401,30401,0.05,471601,24,"Static+SIMD, chunk=8",0.213,5941.89,24757.9,0.909,99.81,0,""
"30k_0p05.mtx",30401,30401,0.05,471601,24,"Static+SIMD, chunk=16",0.041,31126.65,129694.4,0.005,99.96,0,""
"30k_0p05.mtx",30401,30401,0.05,471601,24,"Static+SIMD, chunk=32",0.031,40395.63,168315.1,0.002,99.97,0,""
"30k_0p05.mtx",30401,30401,0.05,471601,24,"Dynamic+SIMD, chunk=8",0.357,3537.58,14739.9,0.006,99.68,0,""
"30k_0p05.mtx",30401,30401,0.05,471601,24,"Dynamic+SIMD, chunk=16",0.187,6759.47,28164.5,0.004,99.83,0,""
"30k_0p05.mtx",30401,30401,0.05,471601,24,"Dynamic+SIMD, chunk=32",0.104,12183.01,50762.5,0.003,99.91,0,""
"30k_0p05.mtx",30401,30401,0.05,471601,24,"Guided+SIMD, chunk=8",0.073,17347.64,72281.8,0.004,99.93,0,""
"30k_0p05.mtx",30401,30401,0.05,471601,24,"Guided+SIMD, chunk=16",0.067,18820.47,78418.6,0.003,99.94,0,""
"30k_0p05.mtx",30401,30401,0.05,471601,24,"Guided+SIMD, chunk=32",0.062,20534.44,85560.2,0.002,99.94,0,""
"30k_0p05.mtx",30401,30401,0.05,471601,24,"Static+SIMD+Affinity,",0.043,29748.00,123950.0,0.004,99.96,0,""
"30k_0p05.mtx",30401,30401,0.05,471601,24,"Static+SIMD+Affinity,",0.034,37531.02,156379.3,0.002,99.97,0,""
"30k_0p05.mtx",30401,30401,0.05,471601,24,"Guided+SIMD+Affinity,",0.062,20514.36,85476.5,0.002,99.94,0,""
"30k_0p05.mtx",30401,30401,0.05,471601,24,"Guided+SIMD+Register,",0.062,20246.14,84358.9,0.003,99.94,0,""
"30k_0p05.mtx",30401,30401,0.05,471601,24,"Guided+SIMD+Register,",0.068,18657.24,77738.5,0.003,99.94,0,""
"30k_0p05.mtx",30401,30401,0.05,471601,24,"Static+SIMD+Register,",0.034,37330.18,155542.4,0.002,99.97,0,""
"30k_0p05.mtx",30401,30401,0.05,471601,24,"Static+SIMD+Register,",0.038,33044.91,137687.1,0.005,99.97,0,""
"30k_0p05.mtx",30401,30401,0.05,471601,24,"Task-based+SIMD",441.914,2.86,11.9,48.762,,0,""
"30k_0p05.mtx",30401,30401,0.05,471601,24,"Guided+SIMD+Align+Affin,",0.062,20535.51,85564.6,0.003,99.94,0,""
"30k_0p05.mtx",30401,30401,0.05,471601,24,"Static+SIMD+Align+Affin,",0.035,36314.62,151310.9,0.002,99.97,0,""
"40k_0p02.mtx",NA,NA,NA,NA,1,"NONE",NA,NA,NA,NA,NA,0,"PARSE_FAILED; NO_CONFIGS"
"40k_0p02.mtx",40421,40421,0.02,351382,2,"Static (default)",1179.385,1.95,8.1,76.732,0.00,0,""
"40k_0p02.mtx",40421,40421,0.02,351382,2,"Static, chunk=8",1175.107,1.96,8.2,107.649,0.36,0,""
"40k_0p02.mtx",40421,40421,0.02,351382,2,"Static, chunk=32",1104.316,2.08,8.7,2.090,6.37,0,""
"40k_0p02.mtx",40421,40421,0.02,351382,2,"Dynamic, chunk=8",1139.855,2.02,8.4,59.805,3.35,0,""
"40k_0p02.mtx",40421,40421,0.02,351382,2,"Dynamic, chunk=16",1132.453,2.03,8.5,45.656,3.98,0,""
"40k_0p02.mtx",40421,40421,0.02,351382,2,"Dynamic, chunk=32",1126.198,2.04,8.5,29.263,4.51,0,""
"40k_0p02.mtx",40421,40421,0.02,351382,2,"Dynamic, chunk=64",1135.402,2.03,8.4,45.160,3.73,0,""
"40k_0p02.mtx",40421,40421,0.02,351382,2,"Guided, chunk=8",1125.652,2.04,8.5,42.561,4.56,0,""
"40k_0p02.mtx",40421,40421,0.02,351382,2,"Guided, chunk=16",1117.034,2.06,8.6,27.884,5.29,0,""
"40k_0p02.mtx",40421,40421,0.02,351382,2,"Guided, chunk=32",1164.821,1.98,8.2,78.082,1.23,0,""
"40k_0p02.mtx",40421,40421,0.02,351382,2,"Auto (runtime)",1192.184,1.93,8.0,107.343,,0,""
"40k_0p02.mtx",40421,40421,0.02,351382,2,"Static+SIMD, chunk=8",0.334,6879.78,28665.7,0.004,99.97,0,""
"40k_0p02.mtx",40421,40421,0.02,351382,2,"Static+SIMD, chunk=16",0.319,7208.64,30036.0,0.004,99.97,0,""
"40k_0p02.mtx",40421,40421,0.02,351382,2,"Static+SIMD, chunk=32",0.313,7341.73,30590.5,0.004,99.97,0,""
"40k_0p02.mtx",40421,40421,0.02,351382,2,"Dynamic+SIMD, chunk=8",0.649,3546.14,14775.6,0.009,99.94,0,""
"40k_0p02.mtx",40421,40421,0.02,351382,2,"Dynamic+SIMD, chunk=16",0.462,4977.39,20739.1,0.006,99.96,0,""
"40k_0p02.mtx",40421,40421,0.02,351382,2,"Dynamic+SIMD, chunk=32",0.382,6021.15,25088.1,0.005,99.97,0,""
"40k_0p02.mtx",40421,40421,0.02,351382,2,"Guided+SIMD, chunk=8",0.364,6318.41,26326.7,0.005,99.97,0,""
"40k_0p02.mtx",40421,40421,0.02,351382,2,"Guided+SIMD, chunk=16",0.365,6295.85,26232.7,0.006,99.97,0,""
"40k_0p02.mtx",40421,40421,0.02,351382,2,"Guided+SIMD, chunk=32",0.367,6277.62,26156.7,0.006,99.97,0,""
"40k_0p02.mtx",40421,40421,0.02,351382,2,"Static+SIMD+Affinity,",0.311,7387.03,30779.3,0.006,99.97,0,""
"40k_0p02.mtx",40421,40421,0.02,351382,2,"Static+SIMD+Affinity,",0.307,7490.14,31208.9,0.007,99.97,0,""
"40k_0p02.mtx",40421,40421,0.02,351382,2,"Guided+SIMD+Affinity,",0.373,6161.06,25671.1,0.008,99.97,0,""
"40k_0p02.mtx",40421,40421,0.02,351382,2,"Guided+SIMD+Register,",0.366,6293.88,26224.5,0.012,99.97,0,""
"40k_0p02.mtx",40421,40421,0.02,351382,2,"Guided+SIMD+Register,",0.365,6299.54,26248.1,0.011,99.97,0,""
"40k_0p02.mtx",40421,40421,0.02,351382,2,"Static+SIMD+Register,",0.302,7622.42,31760.1,0.004,99.97,0,""
"40k_0p02.mtx",40421,40421,0.02,351382,2,"Static+SIMD+Register,",0.310,7432.11,30967.1,0.004,99.97,0,""
"40k_0p02.mtx",40421,40421,0.02,351382,2,"Task-based+SIMD",8.134,282.88,1178.7,5.806,99.31,0,""
"40k_0p02.mtx",40421,40421,0.02,351382,2,"Guided+SIMD+Align+Affin,",1.622,1418.37,5909.9,3.102,99.86,0,""
"40k_0p02.mtx",40421,40421,0.02,351382,2,"Static+SIMD+Align+Affin,",9.895,232.53,968.9,0.556,99.16,0,""
"40k_0p02.mtx",40421,40421,0.02,351382,4,"Static (default)",660.520,3.53,14.7,87.587,0.00,0,""
"40k_0p02.mtx",40421,40421,0.02,351382,4,"Static, chunk=8",703.885,3.31,13.8,146.812,,0,""
"40k_0p02.mtx",40421,40421,0.02,351382,4,"Static, chunk=32",729.199,3.19,13.3,128.453,,0,""
"40k_0p02.mtx",40421,40421,0.02,351382,4,"Dynamic, chunk=8",589.762,3.95,16.5,46.170,10.71,0,""
"40k_0p02.mtx",40421,40421,0.02,351382,4,"Dynamic, chunk=16",567.460,4.10,17.1,27.118,14.09,0,""
"40k_0p02.mtx",40421,40421,0.02,351382,4,"Dynamic, chunk=32",564.031,4.13,17.2,19.114,14.61,0,""
"40k_0p02.mtx",40421,40421,0.02,351382,4,"Dynamic, chunk=64",583.726,3.99,16.6,26.515,11.63,0,""
"40k_0p02.mtx",40421,40421,0.02,351382,4,"Guided, chunk=8",596.535,3.90,16.3,60.972,9.69,0,""
"40k_0p02.mtx",40421,40421,0.02,351382,4,"Guided, chunk=16",559.355,4.16,17.3,17.582,15.32,0,""
"40k_0p02.mtx",40421,40421,0.02,351382,4,"Guided, chunk=32",579.039,4.02,16.8,34.784,12.34,0,""
"40k_0p02.mtx",40421,40421,0.02,351382,4,"Auto (runtime)",696.082,3.35,13.9,107.525,,0,""
"40k_0p02.mtx",40421,40421,0.02,351382,4,"Static+SIMD, chunk=8",0.173,13458.16,56075.7,0.003,99.97,0,""
"40k_0p02.mtx",40421,40421,0.02,351382,4,"Static+SIMD, chunk=16",0.164,14170.56,59044.0,0.002,99.98,0,""
"40k_0p02.mtx",40421,40421,0.02,351382,4,"Static+SIMD, chunk=32",0.158,14719.54,61331.4,0.003,99.98,0,""
"40k_0p02.mtx",40421,40421,0.02,351382,4,"Dynamic+SIMD, chunk=8",0.471,4940.03,20583.5,0.004,99.93,0,""
"40k_0p02.mtx",40421,40421,0.02,351382,4,"Dynamic+SIMD, chunk=16",0.275,8470.13,35292.2,0.003,99.96,0,""
"40k_0p02.mtx",40421,40421,0.02,351382,4,"Dynamic+SIMD, chunk=32",0.203,11480.97,47837.4,0.002,99.97,0,""
"40k_0p02.mtx",40421,40421,0.02,351382,4,"Guided+SIMD, chunk=8",0.218,10699.00,44579.2,0.003,99.97,0,""
"40k_0p02.mtx",40421,40421,0.02,351382,4,"Guided+SIMD, chunk=16",0.217,10718.17,44659.1,0.003,99.97,0,""
"40k_0p02.mtx",40421,40421,0.02,351382,4,"Guided+SIMD, chunk=32",0.217,10725.10,44687.9,0.003,99.97,0,""
"40k_0p02.mtx",40421,40421,0.02,351382,4,"Static+SIMD+Affinity,",0.159,14619.02,60912.6,0.002,99.98,0,""
"40k_0p02.mtx",40421,40421,0.02,351382,4,"Static+SIMD+Affinity,",0.153,15235.24,63480.2,0.002,99.98,0,""
"40k_0p02.mtx",40421,40421,0.02,351382,4,"Guided+SIMD+Affinity,",0.220,10564.10,44017.1,0.002,99.97,0,""
"40k_0p02.mtx",40421,40421,0.02,351382,4,"Guided+SIMD+Register,",0.214,10857.65,45240.2,0.004,99.97,0,""
"40k_0p02.mtx",40421,40421,0.02,351382,4,"Guided+SIMD+Register,",0.217,10726.70,44694.6,0.006,99.97,0,""
"40k_0p02.mtx",40421,40421,0.02,351382,4,"Static+SIMD+Register,",0.152,15340.38,63918.3,0.002,99.98,0,""
"40k_0p02.mtx",40421,40421,0.02,351382,4,"Static+SIMD+Register,",0.158,14736.65,61402.7,0.001,99.98,0,""
"40k_0p02.mtx",40421,40421,0.02,351382,4,"Task-based+SIMD",62.724,37.13,154.7,17.337,90.50,0,""
"40k_0p02.mtx",40421,40421,0.02,351382,4,"Guided+SIMD+Align+Affin,",0.218,10691.39,44547.5,0.005,99.97,0,""
"40k_0p02.mtx",40421,40421,0.02,351382,4,"Static+SIMD+Align+Affin,",0.152,15339.33,63913.9,0.002,99.98,0,""
"40k_0p02.mtx",40421,40421,0.02,351382,8,"Static (default)",323.293,7.20,30.0,63.225,0.00,0,""
"40k_0p02.mtx",40421,40421,0.02,351382,8,"Static, chunk=8",370.306,6.29,26.2,70.878,,0,""
"40k_0p02.mtx",40421,40421,0.02,351382,8,"Static, chunk=32",353.688,6.58,27.4,69.411,,0,""
"40k_0p02.mtx",40421,40421,0.02,351382,8,"Dynamic, chunk=8",281.991,8.26,34.4,9.434,12.78,0,""
"40k_0p02.mtx",40421,40421,0.02,351382,8,"Dynamic, chunk=16",286.514,8.13,33.9,13.742,11.38,0,""
"40k_0p02.mtx",40421,40421,0.02,351382,8,"Dynamic, chunk=32",291.307,7.99,33.3,14.286,9.89,0,""
"40k_0p02.mtx",40421,40421,0.02,351382,8,"Dynamic, chunk=64",296.841,7.84,32.7,18.847,8.18,0,""
"40k_0p02.mtx",40421,40421,0.02,351382,8,"Guided, chunk=8",280.926,8.29,34.5,13.468,13.10,0,""
"40k_0p02.mtx",40421,40421,0.02,351382,8,"Guided, chunk=16",370.665,6.28,26.2,66.743,,0,""
"40k_0p02.mtx",40421,40421,0.02,351382,8,"Guided, chunk=32",296.628,7.85,32.7,36.341,8.25,0,""
"40k_0p02.mtx",40421,40421,0.02,351382,8,"Auto (runtime)",354.671,6.57,27.4,75.754,,0,""
"40k_0p02.mtx",40421,40421,0.02,351382,8,"Static+SIMD, chunk=8",0.086,27210.77,113378.2,0.003,99.97,0,""
"40k_0p02.mtx",40421,40421,0.02,351382,8,"Static+SIMD, chunk=16",0.080,29067.13,121113.0,0.002,99.98,0,""
"40k_0p02.mtx",40421,40421,0.02,351382,8,"Static+SIMD, chunk=32",0.077,30255.05,126062.7,0.002,99.98,0,""
"40k_0p02.mtx",40421,40421,0.02,351382,8,"Dynamic+SIMD, chunk=8",0.469,4962.86,20678.6,0.005,99.85,0,""
"40k_0p02.mtx",40421,40421,0.02,351382,8,"Dynamic+SIMD, chunk=16",0.244,9537.87,39741.1,0.003,99.92,0,""
"40k_0p02.mtx",40421,40421,0.02,351382,8,"Dynamic+SIMD, chunk=32",0.132,17684.13,73683.9,0.003,99.96,0,""
"40k_0p02.mtx",40421,40421,0.02,351382,8,"Guided+SIMD, chunk=8",0.130,17964.34,74851.4,0.002,99.96,0,""
"40k_0p02.mtx",40421,40421,0.02,351382,8,"Guided+SIMD, chunk=16",5.282,440.87,1837.0,5.000,98.37,0,""
"40k_0p02.mtx",40421,40421,0.02,351382,8,"Guided+SIMD, chunk=32",8.983,259.22,1080.1,1.479,97.22,0,""
"40k_0p02.mtx",40421,40421,0.02,351382,8,"Static+SIMD+Affinity,",9.230,252.27,1051.1,2.530,97.14,0,""
"40k_0p02.mtx",40421,40421,0.02,351382,8,"Static+SIMD+Affinity,",6.018,386.94,1612.3,4.370,98.14,0,""
"40k_0p02.mtx",40421,40421,0.02,351382,8,"Guided+SIMD+Affinity,",0.131,17796.93,74153.9,0.002,99.96,0,""
"40k_0p02.mtx",40421,40421,0.02,351382,8,"Guided+SIMD+Register,",0.127,18281.41,76172.6,0.003,99.96,0,""
"40k_0p02.mtx",40421,40421,0.02,351382,8,"Guided+SIMD+Register,",8.969,259.61,1081.7,1.952,97.23,0,""
"40k_0p02.mtx",40421,40421,0.02,351382,8,"Static+SIMD+Register,",11.212,207.67,865.3,2.738,96.53,0,""
"40k_0p02.mtx",40421,40421,0.02,351382,8,"Static+SIMD+Register,",8.880,262.21,1092.5,1.665,97.25,0,""
"40k_0p02.mtx",40421,40421,0.02,351382,8,"Task-based+SIMD",106.879,21.79,90.8,14.181,66.94,0,""
"40k_0p02.mtx",40421,40421,0.02,351382,8,"Guided+SIMD+Align+Affin,",2.405,968.10,4033.8,3.723,99.26,0,""
"40k_0p02.mtx",40421,40421,0.02,351382,8,"Static+SIMD+Align+Affin,",0.073,31796.71,132486.3,0.001,99.98,0,""
"40k_0p02.mtx",40421,40421,0.02,351382,12,"Static (default)",319.236,7.20,30.0,61.434,0.00,0,""
"40k_0p02.mtx",40421,40421,0.02,351382,12,"Static, chunk=8",193.648,11.87,49.5,9.157,39.34,0,""
"40k_0p02.mtx",40421,40421,0.02,351382,12,"Static, chunk=32",216.456,10.62,44.2,39.998,32.20,0,""
"40k_0p02.mtx",40421,40421,0.02,351382,12,"Dynamic, chunk=8",199.448,11.52,48.0,12.372,37.52,0,""
"40k_0p02.mtx",40421,40421,0.02,351382,12,"Dynamic, chunk=16",185.327,12.40,51.7,1.772,41.95,0,""
"40k_0p02.mtx",40421,40421,0.02,351382,12,"Dynamic, chunk=32",202.282,11.36,47.3,16.001,36.64,0,""
"40k_0p02.mtx",40421,40421,0.02,351382,12,"Dynamic, chunk=64",219.203,10.49,43.7,24.400,31.34,0,""
"40k_0p02.mtx",40421,40421,0.02,351382,12,"Guided, chunk=8",248.192,9.26,38.6,43.958,22.25,0,""
"40k_0p02.mtx",40421,40421,0.02,351382,12,"Guided, chunk=16",219.649,10.46,43.6,32.607,31.20,0,""
"40k_0p02.mtx",40421,40421,0.02,351382,12,"Guided, chunk=32",204.789,11.22,46.8,27.285,35.85,0,""
"40k_0p02.mtx",40421,40421,0.02,351382,12,"Auto (runtime)",309.662,7.42,30.9,28.178,3.00,0,""
"40k_0p02.mtx",40421,40421,0.02,351382,12,"Static+SIMD, chunk=8",9.518,241.50,1006.2,2.005,97.02,0,""
"40k_0p02.mtx",40421,40421,0.02,351382,12,"Static+SIMD, chunk=16",8.845,259.89,1082.9,1.672,97.23,0,""
"40k_0p02.mtx",40421,40421,0.02,351382,12,"Static+SIMD, chunk=32",9.226,249.14,1038.1,3.120,97.11,0,""
"40k_0p02.mtx",40421,40421,0.02,351382,12,"Dynamic+SIMD, chunk=8",9.391,244.76,1019.8,2.338,97.06,0,""
"40k_0p02.mtx",40421,40421,0.02,351382,12,"Dynamic+SIMD, chunk=16",12.553,183.12,763.0,2.410,96.07,0,""
"40k_0p02.mtx",40421,40421,0.02,351382,12,"Dynamic+SIMD, chunk=32",16.087,142.89,595.4,3.989,94.96,0,""
"40k_0p02.mtx",40421,40421,0.02,351382,12,"Guided+SIMD, chunk=8",1.704,1348.92,5620.5,4.083,99.47,0,""
"40k_0p02.mtx",40421,40421,0.02,351382,12,"Guided+SIMD, chunk=16",0.103,22223.91,92599.6,0.002,99.97,0,""
"40k_0p02.mtx",40421,40421,0.02,351382,12,"Guided+SIMD, chunk=32",0.102,22535.93,93899.7,0.002,99.97,0,""
"40k_0p02.mtx",40421,40421,0.02,351382,12,"Static+SIMD+Affinity,",0.055,41929.52,174706.4,0.001,99.98,0,""
"40k_0p02.mtx",40421,40421,0.02,351382,12,"Static+SIMD+Affinity,",0.053,43656.50,181902.1,0.001,99.98,0,""
"40k_0p02.mtx",40421,40421,0.02,351382,12,"Guided+SIMD+Affinity,",0.103,22255.92,92733.0,0.003,99.97,0,""
"40k_0p02.mtx",40421,40421,0.02,351382,12,"Guided+SIMD+Register,",0.097,23601.39,98339.1,0.002,99.97,0,""
"40k_0p02.mtx",40421,40421,0.02,351382,12,"Guided+SIMD+Register,",0.097,23666.50,98610.4,0.002,99.97,0,""
"40k_0p02.mtx",40421,40421,0.02,351382,12,"Static+SIMD+Register,",0.052,43821.75,182590.6,0.001,99.98,0,""
"40k_0p02.mtx",40421,40421,0.02,351382,12,"Static+SIMD+Register,",0.054,42670.82,177795.1,0.001,99.98,0,""
"40k_0p02.mtx",40421,40421,0.02,351382,12,"Task-based+SIMD",176.671,13.01,54.2,37.400,44.66,0,""
"40k_0p02.mtx",40421,40421,0.02,351382,12,"Guided+SIMD+Align+Affin,",9.488,242.25,1009.4,0.016,97.03,0,""
"40k_0p02.mtx",40421,40421,0.02,351382,12,"Static+SIMD+Align+Affin,",9.496,242.05,1008.5,1.873,97.03,0,""
"40k_0p02.mtx",40421,40421,0.02,351382,16,"Static (default)",254.171,8.84,36.8,24.432,0.00,0,""
"40k_0p02.mtx",40421,40421,0.02,351382,16,"Static, chunk=8",239.884,9.36,39.0,13.091,5.62,0,""
"40k_0p02.mtx",40421,40421,0.02,351382,16,"Static, chunk=32",231.065,9.72,40.5,22.145,9.09,0,""
"40k_0p02.mtx",40421,40421,0.02,351382,16,"Dynamic, chunk=8",170.865,13.15,54.8,16.424,32.78,0,""
"40k_0p02.mtx",40421,40421,0.02,351382,16,"Dynamic, chunk=16",198.490,11.32,47.2,16.207,21.91,0,""
"40k_0p02.mtx",40421,40421,0.02,351382,16,"Dynamic, chunk=32",142.841,15.73,65.5,0.601,43.80,0,""
"40k_0p02.mtx",40421,40421,0.02,351382,16,"Dynamic, chunk=64",144.443,15.55,64.8,0.436,43.17,0,""
"40k_0p02.mtx",40421,40421,0.02,351382,16,"Guided, chunk=8",189.306,11.87,49.4,26.062,25.52,0,""
"40k_0p02.mtx",40421,40421,0.02,351382,16,"Guided, chunk=16",142.173,15.80,65.8,3.865,44.06,0,""
"40k_0p02.mtx",40421,40421,0.02,351382,16,"Guided, chunk=32",189.738,11.84,49.3,23.800,25.35,0,""
"40k_0p02.mtx",40421,40421,0.02,351382,16,"Auto (runtime)",239.810,9.37,39.0,22.582,5.65,0,""
"40k_0p02.mtx",40421,40421,0.02,351382,16,"Static+SIMD, chunk=8",9.036,248.60,1035.8,2.672,96.44,0,""
"40k_0p02.mtx",40421,40421,0.02,351382,16,"Static+SIMD, chunk=16",9.197,244.24,1017.7,2.194,96.38,0,""
"40k_0p02.mtx",40421,40421,0.02,351382,16,"Static+SIMD, chunk=32",0.038,59225.62,246773.4,0.001,99.99,0,""
"40k_0p02.mtx",40421,40421,0.02,351382,16,"Dynamic+SIMD, chunk=8",0.462,4862.16,20259.0,0.003,99.82,0,""
"40k_0p02.mtx",40421,40421,0.02,351382,16,"Dynamic+SIMD, chunk=16",0.238,9432.41,39301.7,0.002,99.91,0,""
"40k_0p02.mtx",40421,40421,0.02,351382,16,"Dynamic+SIMD, chunk=32",0.127,17746.46,73943.6,0.001,99.95,0,""
"40k_0p02.mtx",40421,40421,0.02,351382,16,"Guided+SIMD, chunk=8",0.077,29189.46,121622.8,0.001,99.97,0,""
"40k_0p02.mtx",40421,40421,0.02,351382,16,"Guided+SIMD, chunk=16",0.076,29430.10,122625.4,0.001,99.97,0,""
"40k_0p02.mtx",40421,40421,0.02,351382,16,"Guided+SIMD, chunk=32",0.077,29314.47,122143.6,0.001,99.97,0,""
"40k_0p02.mtx",40421,40421,0.02,351382,16,"Static+SIMD+Affinity,",0.038,59575.62,248231.8,0.001,99.99,0,""
"40k_0p02.mtx",40421,40421,0.02,351382,16,"Static+SIMD+Affinity,",0.037,60589.72,252457.2,0.001,99.99,0,""
"40k_0p02.mtx",40421,40421,0.02,351382,16,"Guided+SIMD+Affinity,",0.077,29139.22,121413.4,0.001,99.97,0,""
"40k_0p02.mtx",40421,40421,0.02,351382,16,"Guided+SIMD+Register,",0.072,31068.20,129450.8,0.001,99.97,0,""
"40k_0p02.mtx",40421,40421,0.02,351382,16,"Guided+SIMD+Register,",0.072,31127.70,129698.8,0.001,99.97,0,""
"40k_0p02.mtx",40421,40421,0.02,351382,16,"Static+SIMD+Register,",0.037,61180.10,254917.1,0.001,99.99,0,""
"40k_0p02.mtx",40421,40421,0.02,351382,16,"Static+SIMD+Register,",0.037,60265.64,251106.8,0.001,99.99,0,""
"40k_0p02.mtx",40421,40421,0.02,351382,16,"Task-based+SIMD",211.089,10.64,44.3,18.095,16.95,0,""
"40k_0p02.mtx",40421,40421,0.02,351382,16,"Guided+SIMD+Align+Affin,",8.964,250.60,1044.2,2.336,96.47,0,""
"40k_0p02.mtx",40421,40421,0.02,351382,16,"Static+SIMD+Align+Affin,",8.987,249.96,1041.5,2.663,96.46,0,""
"40k_0p02.mtx",40421,40421,0.02,351382,18,"Static (default)",234.740,9.65,40.2,18.880,0.00,0,""
"40k_0p02.mtx",40421,40421,0.02,351382,18,"Static, chunk=8",221.340,10.23,42.6,26.258,5.71,0,""
"40k_0p02.mtx",40421,40421,0.02,351382,18,"Static, chunk=32",217.917,10.39,43.3,28.892,7.17,0,""
"40k_0p02.mtx",40421,40421,0.02,351382,18,"Dynamic, chunk=8",161.983,13.98,58.3,21.447,30.99,0,""
"40k_0p02.mtx",40421,40421,0.02,351382,18,"Dynamic, chunk=16",185.251,12.22,50.9,27.256,21.08,0,""
"40k_0p02.mtx",40421,40421,0.02,351382,18,"Dynamic, chunk=32",171.857,13.18,54.9,22.732,26.79,0,""
"40k_0p02.mtx",40421,40421,0.02,351382,18,"Dynamic, chunk=64",169.072,13.39,55.8,33.971,27.97,0,""
"40k_0p02.mtx",40421,40421,0.02,351382,18,"Guided, chunk=8",208.776,10.85,45.2,26.186,11.06,0,""
"40k_0p02.mtx",40421,40421,0.02,351382,18,"Guided, chunk=16",136.358,16.61,69.2,16.664,41.91,0,""
"40k_0p02.mtx",40421,40421,0.02,351382,18,"Guided, chunk=32",129.111,17.54,73.1,0.435,45.00,0,""
"40k_0p02.mtx",40421,40421,0.02,351382,18,"Auto (runtime)",133.505,16.96,70.7,13.574,43.13,0,""
"40k_0p02.mtx",40421,40421,0.02,351382,18,"Static+SIMD, chunk=8",9.100,248.87,1037.0,1.273,96.12,0,""
"40k_0p02.mtx",40421,40421,0.02,351382,18,"Static+SIMD, chunk=16",8.903,254.38,1059.9,2.369,96.21,0,""
"40k_0p02.mtx",40421,40421,0.02,351382,18,"Static+SIMD, chunk=32",9.166,247.08,1029.5,1.230,96.10,0,""
"40k_0p02.mtx",40421,40421,0.02,351382,18,"Dynamic+SIMD, chunk=8",8.474,267.26,1113.6,2.832,96.39,0,""
"40k_0p02.mtx",40421,40421,0.02,351382,18,"Dynamic+SIMD, chunk=16",0.242,9360.91,39003.8,0.002,99.90,0,""
"40k_0p02.mtx",40421,40421,0.02,351382,18,"Dynamic+SIMD, chunk=32",0.129,17512.25,72967.7,0.002,99.94,0,""
"40k_0p02.mtx",40421,40421,0.02,351382,18,"Guided+SIMD, chunk=8",3.565,635.29,2647.1,4.368,98.48,0,""
"40k_0p02.mtx",40421,40421,0.02,351382,18,"Guided+SIMD, chunk=16",8.793,257.54,1073.1,2.098,96.25,0,""
"40k_0p02.mtx",40421,40421,0.02,351382,18,"Guided+SIMD, chunk=32",9.311,243.22,1013.4,0.888,96.03,0,""
"40k_0p02.mtx",40421,40421,0.02,351382,18,"Static+SIMD+Affinity,",9.166,247.06,1029.4,1.770,96.10,0,""
"40k_0p02.mtx",40421,40421,0.02,351382,18,"Static+SIMD+Affinity,",8.808,257.11,1071.3,2.103,96.25,0,""
"40k_0p02.mtx",40421,40421,0.02,351382,18,"Guided+SIMD+Affinity,",9.136,247.89,1032.9,1.231,96.11,0,""
"40k_0p02.mtx",40421,40421,0.02,351382,18,"Guided+SIMD+Register,",0.067,33817.51,140906.3,0.001,99.97,0,""
"40k_0p02.mtx",40421,40421,0.02,351382,18,"Guided+SIMD+Register,",0.067,33921.40,141339.2,0.001,99.97,0,""
"40k_0p02.mtx",40421,40421,0.02,351382,18,"Static+SIMD+Register,",0.033,67650.76,281878.2,0.001,99.99,0,""
"40k_0p02.mtx",40421,40421,0.02,351382,18,"Static+SIMD+Register,",0.034,66647.72,277698.8,0.001,99.99,0,""
"40k_0p02.mtx",40421,40421,0.02,351382,18,"Task-based+SIMD",269.797,8.39,35.0,13.940,,0,""
"40k_0p02.mtx",40421,40421,0.02,351382,18,"Guided+SIMD+Align+Affin,",9.478,238.94,995.6,0.012,95.96,0,""
"40k_0p02.mtx",40421,40421,0.02,351382,18,"Static+SIMD+Align+Affin,",8.986,252.02,1050.1,1.481,96.17,0,""
"40k_0p02.mtx",40421,40421,0.02,351382,20,"Static (default)",210.168,10.82,45.1,24.301,0.00,0,""
"40k_0p02.mtx",40421,40421,0.02,351382,20,"Static, chunk=8",214.364,10.61,44.2,22.461,,0,""
"40k_0p02.mtx",40421,40421,0.02,351382,20,"Static, chunk=32",205.327,11.07,46.1,22.068,2.30,0,""
"40k_0p02.mtx",40421,40421,0.02,351382,20,"Dynamic, chunk=8",150.031,15.15,63.1,16.677,28.61,0,""
"40k_0p02.mtx",40421,40421,0.02,351382,20,"Dynamic, chunk=16",161.858,14.05,58.5,12.751,22.99,0,""
"40k_0p02.mtx",40421,40421,0.02,351382,20,"Dynamic, chunk=32",149.456,15.21,63.4,18.506,28.89,0,""
"40k_0p02.mtx",40421,40421,0.02,351382,20,"Dynamic, chunk=64",146.441,15.52,64.7,14.174,30.32,0,""
"40k_0p02.mtx",40421,40421,0.02,351382,20,"Guided, chunk=8",161.548,14.07,58.6,18.227,23.13,0,""
"40k_0p02.mtx",40421,40421,0.02,351382,20,"Guided, chunk=16",143.877,15.80,65.8,18.806,31.54,0,""
"40k_0p02.mtx",40421,40421,0.02,351382,20,"Guided, chunk=32",178.641,12.73,53.0,22.624,15.00,0,""
"40k_0p02.mtx",40421,40421,0.02,351382,20,"Auto (runtime)",199.950,11.37,47.4,17.768,4.86,0,""
"40k_0p02.mtx",40421,40421,0.02,351382,20,"Static+SIMD, chunk=8",10.097,225.16,938.2,0.810,95.20,0,""
"40k_0p02.mtx",40421,40421,0.02,351382,20,"Static+SIMD, chunk=16",10.503,216.47,901.9,2.253,95.00,0,""
"40k_0p02.mtx",40421,40421,0.02,351382,20,"Static+SIMD, chunk=32",10.925,208.09,867.0,1.802,94.80,0,""
"40k_0p02.mtx",40421,40421,0.02,351382,20,"Dynamic+SIMD, chunk=8",13.682,166.17,692.4,2.509,93.49,0,""
"40k_0p02.mtx",40421,40421,0.02,351382,20,"Dynamic+SIMD, chunk=16",16.096,141.25,588.5,3.347,92.34,0,""
"40k_0p02.mtx",40421,40421,0.02,351382,20,"Dynamic+SIMD, chunk=32",14.830,153.30,638.7,4.678,92.94,0,""
"40k_0p02.mtx",40421,40421,0.02,351382,20,"Guided+SIMD, chunk=8",9.508,239.10,996.3,0.009,95.48,0,""
"40k_0p02.mtx",40421,40421,0.02,351382,20,"Guided+SIMD, chunk=16",9.858,230.62,960.9,0.554,95.31,0,""
"40k_0p02.mtx",40421,40421,0.02,351382,20,"Guided+SIMD, chunk=32",11.676,194.72,811.3,3.432,94.44,0,""
"40k_0p02.mtx",40421,40421,0.02,351382,20,"Static+SIMD+Affinity,",0.546,4165.72,17357.1,1.927,99.74,0,""
"40k_0p02.mtx",40421,40421,0.02,351382,20,"Static+SIMD+Affinity,",0.036,62843.94,261849.8,0.001,99.98,0,""
"40k_0p02.mtx",40421,40421,0.02,351382,20,"Guided+SIMD+Affinity,",0.076,29777.29,124072.0,0.004,99.96,0,""
"40k_0p02.mtx",40421,40421,0.02,351382,20,"Guided+SIMD+Register,",0.068,33541.43,139755.9,0.003,99.97,0,""
"40k_0p02.mtx",40421,40421,0.02,351382,20,"Guided+SIMD+Register,",0.068,33515.84,139649.3,0.003,99.97,0,""
"40k_0p02.mtx",40421,40421,0.02,351382,20,"Static+SIMD+Register,",0.036,63353.54,263973.1,0.001,99.98,0,""
"40k_0p02.mtx",40421,40421,0.02,351382,20,"Static+SIMD+Register,",0.037,60731.15,253046.5,0.001,99.98,0,""
"40k_0p02.mtx",40421,40421,0.02,351382,20,"Task-based+SIMD",319.328,7.12,29.7,52.852,,0,""
"40k_0p02.mtx",40421,40421,0.02,351382,20,"Guided+SIMD+Align+Affin,",9.311,244.17,1017.4,0.890,95.57,0,""
"40k_0p02.mtx",40421,40421,0.02,351382,20,"Static+SIMD+Align+Affin,",10.168,223.59,931.6,2.329,95.16,0,""
"40k_0p02.mtx",40421,40421,0.02,351382,22,"Static (default)",183.831,12.40,51.6,44.136,0.00,0,""
"40k_0p02.mtx",40421,40421,0.02,351382,22,"Static, chunk=8",197.879,11.52,48.0,22.370,,0,""
"40k_0p02.mtx",40421,40421,0.02,351382,22,"Static, chunk=32",193.218,11.79,49.1,19.423,,0,""
"40k_0p02.mtx",40421,40421,0.02,351382,22,"Dynamic, chunk=8",124.245,18.34,76.4,16.451,32.41,0,""
"40k_0p02.mtx",40421,40421,0.02,351382,22,"Dynamic, chunk=16",155.837,14.62,60.9,10.910,15.23,0,""
"40k_0p02.mtx",40421,40421,0.02,351382,22,"Dynamic, chunk=32",145.206,15.69,65.4,13.923,21.01,0,""
"40k_0p02.mtx",40421,40421,0.02,351382,22,"Dynamic, chunk=64",148.720,15.32,63.8,7.616,19.10,0,""
"40k_0p02.mtx",40421,40421,0.02,351382,22,"Guided, chunk=8",126.637,17.99,75.0,29.536,31.11,0,""
"40k_0p02.mtx",40421,40421,0.02,351382,22,"Guided, chunk=16",161.424,14.12,58.8,18.221,12.19,0,""
"40k_0p02.mtx",40421,40421,0.02,351382,22,"Guided, chunk=32",157.359,14.48,60.3,23.476,14.40,0,""
"40k_0p02.mtx",40421,40421,0.02,351382,22,"Auto (runtime)",185.026,12.32,51.3,10.877,,0,""
"40k_0p02.mtx",40421,40421,0.02,351382,22,"Static+SIMD, chunk=8",9.532,239.06,996.1,2.218,94.81,0,""
"40k_0p02.mtx",40421,40421,0.02,351382,22,"Static+SIMD, chunk=16",9.190,247.95,1033.1,1.248,95.00,0,""
"40k_0p02.mtx",40421,40421,0.02,351382,22,"Static+SIMD, chunk=32",8.801,258.92,1078.8,2.458,95.21,0,""
"40k_0p02.mtx",40421,40421,0.02,351382,22,"Dynamic+SIMD, chunk=8",9.479,240.39,1001.6,1.943,94.84,0,""
"40k_0p02.mtx",40421,40421,0.02,351382,22,"Dynamic+SIMD, chunk=16",9.170,248.50,1035.4,2.956,95.01,0,""
"40k_0p02.mtx",40421,40421,0.02,351382,22,"Dynamic+SIMD, chunk=32",9.125,249.72,1040.5,2.345,95.04,0,""
"40k_0p02.mtx",40421,40421,0.02,351382,22,"Guided+SIMD, chunk=8",9.353,243.64,1015.2,1.433,94.91,0,""
"40k_0p02.mtx",40421,40421,0.02,351382,22,"Guided+SIMD, chunk=16",12.743,178.83,745.1,4.267,93.07,0,""
"40k_0p02.mtx",40421,40421,0.02,351382,22,"Guided+SIMD, chunk=32",0.078,29125.05,121354.4,0.006,99.96,0,""
"40k_0p02.mtx",40421,40421,0.02,351382,22,"Static+SIMD+Affinity,",0.038,59841.69,249340.4,0.001,99.98,0,""
"40k_0p02.mtx",40421,40421,0.02,351382,22,"Static+SIMD+Affinity,",0.037,61523.69,256348.7,0.002,99.98,0,""
"40k_0p02.mtx",40421,40421,0.02,351382,22,"Guided+SIMD+Affinity,",0.077,29518.94,122995.6,0.004,99.96,0,""
"40k_0p02.mtx",40421,40421,0.02,351382,22,"Guided+SIMD+Register,",0.066,34602.41,144176.7,0.003,99.96,0,""
"40k_0p02.mtx",40421,40421,0.02,351382,22,"Guided+SIMD+Register,",0.068,33562.44,139843.5,0.002,99.96,0,""
"40k_0p02.mtx",40421,40421,0.02,351382,22,"Static+SIMD+Register,",0.037,62188.98,259120.7,0.001,99.98,0,""
"40k_0p02.mtx",40421,40421,0.02,351382,22,"Static+SIMD+Register,",0.038,60242.51,251010.4,0.001,99.98,0,""
"40k_0p02.mtx",40421,40421,0.02,351382,22,"Task-based+SIMD",383.507,5.94,24.8,73.218,,0,""
"40k_0p02.mtx",40421,40421,0.02,351382,22,"Guided+SIMD+Align+Affin,",9.183,248.15,1034.0,1.140,95.00,0,""
"40k_0p02.mtx",40421,40421,0.02,351382,22,"Static+SIMD+Align+Affin,",8.815,258.52,1077.2,2.461,95.21,0,""
"40k_0p02.mtx",40421,40421,0.02,351382,24,"Static (default)",183.782,12.37,51.5,13.255,0.00,0,""
"40k_0p02.mtx",40421,40421,0.02,351382,24,"Static, chunk=8",175.619,12.95,53.9,16.916,4.44,0,""
"40k_0p02.mtx",40421,40421,0.02,351382,24,"Static, chunk=32",177.420,12.82,53.4,21.385,3.46,0,""
"40k_0p02.mtx",40421,40421,0.02,351382,24,"Dynamic, chunk=8",146.557,15.51,64.6,12.465,20.26,0,""
"40k_0p02.mtx",40421,40421,0.02,351382,24,"Dynamic, chunk=16",137.879,16.49,68.7,9.136,24.98,0,""
"40k_0p02.mtx",40421,40421,0.02,351382,24,"Dynamic, chunk=32",119.001,19.11,79.6,15.436,35.25,0,""
"40k_0p02.mtx",40421,40421,0.02,351382,24,"Dynamic, chunk=64",124.126,18.32,76.3,16.608,32.46,0,""
"40k_0p02.mtx",40421,40421,0.02,351382,24,"Guided, chunk=8",158.965,14.30,59.6,14.143,13.50,0,""
"40k_0p02.mtx",40421,40421,0.02,351382,24,"Guided, chunk=16",144.983,15.68,65.3,13.658,21.11,0,""
"40k_0p02.mtx",40421,40421,0.02,351382,24,"Guided, chunk=32",153.912,14.77,61.6,18.957,16.25,0,""
"40k_0p02.mtx",40421,40421,0.02,351382,24,"Auto (runtime)",175.227,12.98,54.1,28.736,4.66,0,""
"40k_0p02.mtx",40421,40421,0.02,351382,24,"Static+SIMD, chunk=8",12.777,177.95,741.5,1.841,93.05,0,""
"40k_0p02.mtx",40421,40421,0.02,351382,24,"Static+SIMD, chunk=16",12.376,183.71,765.5,3.555,93.27,0,""
"40k_0p02.mtx",40421,40421,0.02,351382,24,"Static+SIMD, chunk=32",0.387,5871.91,24466.3,1.790,99.79,0,""
"40k_0p02.mtx",40421,40421,0.02,351382,24,"Dynamic+SIMD, chunk=8",4.995,455.16,1896.5,5.112,97.28,0,""
"40k_0p02.mtx",40421,40421,0.02,351382,24,"Dynamic+SIMD, chunk=16",3.347,679.42,2830.9,3.969,98.18,0,""
"40k_0p02.mtx",40421,40421,0.02,351382,24,"Dynamic+SIMD, chunk=32",10.996,206.78,861.6,1.709,94.02,0,""
"40k_0p02.mtx",40421,40421,0.02,351382,24,"Guided+SIMD, chunk=8",11.131,204.26,851.1,1.958,93.94,0,""
"40k_0p02.mtx",40421,40421,0.02,351382,24,"Guided+SIMD, chunk=16",12.778,177.94,741.4,4.192,93.05,0,""
"40k_0p02.mtx",40421,40421,0.02,351382,24,"Guided+SIMD, chunk=32",9.154,248.37,1034.9,4.185,95.02,0,""
"40k_0p02.mtx",40421,40421,0.02,351382,24,"Static+SIMD+Affinity,",0.031,72423.41,301764.2,0.001,99.98,0,""
"40k_0p02.mtx",40421,40421,0.02,351382,24,"Static+SIMD+Affinity,",0.031,72481.54,302006.4,0.001,99.98,0,""
"40k_0p02.mtx",40421,40421,0.02,351382,24,"Guided+SIMD+Affinity,",0.074,30763.94,128183.1,0.004,99.96,0,""
"40k_0p02.mtx",40421,40421,0.02,351382,24,"Guided+SIMD+Register,",0.067,33738.35,140576.5,0.003,99.96,0,""
"40k_0p02.mtx",40421,40421,0.02,351382,24,"Guided+SIMD+Register,",0.072,31612.32,131718.0,0.004,99.96,0,""
"40k_0p02.mtx",40421,40421,0.02,351382,24,"Static+SIMD+Register,",0.413,5509.15,22954.8,1.359,99.78,0,""
"40k_0p02.mtx",40421,40421,0.02,351382,24,"Static+SIMD+Register,",0.031,72400.97,301670.7,0.001,99.98,0,""
"40k_0p02.mtx",40421,40421,0.02,351382,24,"Task-based+SIMD",430.078,5.29,22.0,80.117,,0,""
"40k_0p02.mtx",40421,40421,0.02,351382,24,"Guided+SIMD+Align+Affin,",9.502,239.28,997.0,0.025,94.83,0,""
"40k_0p02.mtx",40421,40421,0.02,351382,24,"Static+SIMD+Align+Affin,",9.090,250.14,1042.3,3.145,95.05,0,""
"50k_0p008.mtx",NA,NA,NA,NA,1,"NONE",NA,NA,NA,NA,NA,0,"PARSE_FAILED; NO_CONFIGS"
"50k_0p008.mtx",NA,NA,NA,NA,2,"NONE",NA,NA,NA,NA,NA,0,"PARSE_FAILED; NO_CONFIGS"
"50k_0p008.mtx",NA,NA,NA,NA,4,"NONE",NA,NA,NA,NA,NA,0,"PARSE_FAILED; NO_CONFIGS"
"50k_0p008.mtx",NA,NA,NA,NA,8,"NONE",NA,NA,NA,NA,NA,0,"PARSE_FAILED; NO_CONFIGS"
"50k_0p008.mtx",NA,NA,NA,NA,12,"NONE",NA,NA,NA,NA,NA,0,"PARSE_FAILED; NO_CONFIGS"
"50k_0p008.mtx",NA,NA,NA,NA,16,"NONE",NA,NA,NA,NA,NA,0,"PARSE_FAILED; NO_CONFIGS"
"50k_0p008.mtx",NA,NA,NA,NA,18,"NONE",NA,NA,NA,NA,NA,0,"PARSE_FAILED; NO_CONFIGS"
"50k_0p008.mtx",NA,NA,NA,NA,20,"NONE",NA,NA,NA,NA,NA,0,"PARSE_FAILED; NO_CONFIGS"
"50k_0p008.mtx",NA,NA,NA,NA,22,"NONE",NA,NA,NA,NA,NA,0,"PARSE_FAILED; NO_CONFIGS"
"50k_0p008.mtx",NA,NA,NA,NA,24,"NONE",NA,NA,NA,NA,NA,0,"PARSE_FAILED; NO_CONFIGS"
"5k_9p37.mtx",4562,5761,9.37,2462970,1,"Static (default)",35.437,1.12,4.7,0.049,0.00,0,""
"5k_9p37.mtx",4562,5761,9.37,2462970,1,"Static, chunk=8",36.868,1.08,4.5,5.174,,0,""
"5k_9p37.mtx",4562,5761,9.37,2462970,1,"Static, chunk=32",35.448,1.12,4.7,0.036,,0,""
"5k_9p37.mtx",4562,5761,9.37,2462970,1,"Dynamic, chunk=8",35.510,1.12,4.7,0.039,,0,""
"5k_9p37.mtx",4562,5761,9.37,2462970,1,"Dynamic, chunk=16",35.466,1.12,4.7,0.035,,0,""
"5k_9p37.mtx",4562,5761,9.37,2462970,1,"Dynamic, chunk=32",35.467,1.12,4.7,0.046,,0,""
"5k_9p37.mtx",4562,5761,9.37,2462970,1,"Dynamic, chunk=64",35.438,1.12,4.7,0.071,,0,""
"5k_9p37.mtx",4562,5761,9.37,2462970,1,"Guided, chunk=8",35.415,1.12,4.7,0.051,0.06,0,""
"5k_9p37.mtx",4562,5761,9.37,2462970,1,"Guided, chunk=16",35.471,1.12,4.7,0.035,,0,""
"5k_9p37.mtx",4562,5761,9.37,2462970,1,"Guided, chunk=32",35.472,1.12,4.7,0.044,,0,""
"5k_9p37.mtx",4562,5761,9.37,2462970,1,"Auto (runtime)",41.026,0.97,4.0,12.067,,0,""
"5k_9p37.mtx",4562,5761,9.37,2462970,1,"Static+SIMD, chunk=8",3.302,12.04,50.2,0.011,90.68,0,""
"5k_9p37.mtx",4562,5761,9.37,2462970,1,"Static+SIMD, chunk=16",3.350,11.86,49.4,0.037,90.55,0,""
"5k_9p37.mtx",4562,5761,9.37,2462970,1,"Static+SIMD, chunk=32",3.333,11.92,49.7,0.025,90.59,0,""
"5k_9p37.mtx",4562,5761,9.37,2462970,1,"Dynamic+SIMD, chunk=8",3.331,11.93,49.7,0.019,90.60,0,""
"5k_9p37.mtx",4562,5761,9.37,2462970,1,"Dynamic+SIMD, chunk=16",3.314,11.99,50.0,0.023,90.65,0,""
"5k_9p37.mtx",4562,5761,9.37,2462970,1,"Dynamic+SIMD, chunk=32",3.303,12.03,50.1,0.013,90.68,0,""
"5k_9p37.mtx",4562,5761,9.37,2462970,1,"Guided+SIMD, chunk=8",3.329,11.94,49.7,0.026,90.61,0,""
"5k_9p37.mtx",4562,5761,9.37,2462970,1,"Guided+SIMD, chunk=16",3.321,11.97,49.9,0.021,90.63,0,""
"5k_9p37.mtx",4562,5761,9.37,2462970,1,"Guided+SIMD, chunk=32",3.476,11.43,47.6,0.695,90.19,0,""
"5k_9p37.mtx",4562,5761,9.37,2462970,1,"Static+SIMD+Affinity,",3.311,12.00,50.0,0.029,90.66,0,""
"5k_9p37.mtx",4562,5761,9.37,2462970,1,"Static+SIMD+Affinity,",3.305,12.03,50.1,0.011,90.67,0,""
"5k_9p37.mtx",4562,5761,9.37,2462970,1,"Guided+SIMD+Affinity,",3.308,12.01,50.1,0.015,90.67,0,""
"5k_9p37.mtx",4562,5761,9.37,2462970,1,"Guided+SIMD+Register,",3.334,11.92,49.7,0.023,90.59,0,""
"5k_9p37.mtx",4562,5761,9.37,2462970,1,"Guided+SIMD+Register,",3.330,11.93,49.7,0.018,90.60,0,""
"5k_9p37.mtx",4562,5761,9.37,2462970,1,"Static+SIMD+Register,",3.322,11.96,49.8,0.023,90.62,0,""
"5k_9p37.mtx",4562,5761,9.37,2462970,1,"Static+SIMD+Register,",3.324,11.96,49.8,0.021,90.62,0,""
"5k_9p37.mtx",4562,5761,9.37,2462970,1,"Task-based+SIMD",3.417,11.63,48.5,0.039,90.36,0,""
"5k_9p37.mtx",4562,5761,9.37,2462970,1,"Guided+SIMD+Align+Affin,",3.321,11.97,49.9,0.026,90.63,0,""
"5k_9p37.mtx",4562,5761,9.37,2462970,1,"Static+SIMD+Align+Affin,",3.309,12.01,50.0,0.019,90.66,0,""
"5k_9p37.mtx",4562,5761,9.37,2462970,2,"Static (default)",26.456,1.38,5.7,12.245,0.00,0,""
"5k_9p37.mtx",4562,5761,9.37,2462970,2,"Static, chunk=8",17.973,2.03,8.5,0.101,32.06,0,""
"5k_9p37.mtx",4562,5761,9.37,2462970,2,"Static, chunk=32",17.853,2.04,8.5,0.034,32.52,0,""
"5k_9p37.mtx",4562,5761,9.37,2462970,2,"Dynamic, chunk=8",17.949,2.03,8.5,0.079,32.15,0,""
"5k_9p37.mtx",4562,5761,9.37,2462970,2,"Dynamic, chunk=16",17.839,2.04,8.5,0.018,32.57,0,""
"5k_9p37.mtx",4562,5761,9.37,2462970,2,"Dynamic, chunk=32",18.784,1.94,8.1,2.023,29.00,0,""
"5k_9p37.mtx",4562,5761,9.37,2462970,2,"Dynamic, chunk=64",32.409,1.12,4.7,7.971,,0,""
"5k_9p37.mtx",4562,5761,9.37,2462970,2,"Guided, chunk=8",23.475,1.55,6.5,5.450,11.27,0,""
"5k_9p37.mtx",4562,5761,9.37,2462970,2,"Guided, chunk=16",17.755,2.05,8.6,0.024,32.89,0,""
"5k_9p37.mtx",4562,5761,9.37,2462970,2,"Guided, chunk=32",17.719,2.06,8.6,0.014,33.02,0,""
"5k_9p37.mtx",4562,5761,9.37,2462970,2,"Auto (runtime)",17.738,2.06,8.6,0.033,32.95,0,""
"5k_9p37.mtx",4562,5761,9.37,2462970,2,"Static+SIMD, chunk=8",1.691,21.56,89.9,0.011,93.61,0,""
"5k_9p37.mtx",4562,5761,9.37,2462970,2,"Static+SIMD, chunk=16",1.682,21.67,90.3,0.005,93.64,0,""
"5k_9p37.mtx",4562,5761,9.37,2462970,2,"Static+SIMD, chunk=32",3.663,9.95,41.5,4.185,86.15,0,""
"5k_9p37.mtx",4562,5761,9.37,2462970,2,"Dynamic+SIMD, chunk=8",2.649,13.76,57.3,2.210,89.99,0,""
"5k_9p37.mtx",4562,5761,9.37,2462970,2,"Dynamic+SIMD, chunk=16",2.617,13.93,58.0,2.548,90.11,0,""
"5k_9p37.mtx",4562,5761,9.37,2462970,2,"Dynamic+SIMD, chunk=32",3.631,10.04,41.8,3.567,86.27,0,""
"5k_9p37.mtx",4562,5761,9.37,2462970,2,"Guided+SIMD, chunk=8",2.254,16.17,67.4,2.128,91.48,0,""
"5k_9p37.mtx",4562,5761,9.37,2462970,2,"Guided+SIMD, chunk=16",2.315,15.75,65.6,1.830,91.25,0,""
"5k_9p37.mtx",4562,5761,9.37,2462970,2,"Guided+SIMD, chunk=32",2.548,14.31,59.6,2.535,90.37,0,""
"5k_9p37.mtx",4562,5761,9.37,2462970,2,"Static+SIMD+Affinity,",2.924,12.47,52.0,2.668,88.95,0,""
"5k_9p37.mtx",4562,5761,9.37,2462970,2,"Static+SIMD+Affinity,",2.618,13.93,58.0,2.661,90.10,0,""
"5k_9p37.mtx",4562,5761,9.37,2462970,2,"Guided+SIMD+Affinity,",2.231,16.34,68.1,2.027,91.57,0,""
"5k_9p37.mtx",4562,5761,9.37,2462970,2,"Guided+SIMD+Register,",3.458,10.54,43.9,3.158,86.93,0,""
"5k_9p37.mtx",4562,5761,9.37,2462970,2,"Guided+SIMD+Register,",2.265,16.10,67.1,2.148,91.44,0,""
"5k_9p37.mtx",4562,5761,9.37,2462970,2,"Static+SIMD+Register,",2.636,13.83,57.6,2.732,90.04,0,""
"5k_9p37.mtx",4562,5761,9.37,2462970,2,"Static+SIMD+Register,",1.692,21.55,89.8,0.015,93.61,0,""
"5k_9p37.mtx",4562,5761,9.37,2462970,2,"Task-based+SIMD",3.069,11.88,49.5,0.450,88.40,0,""
"5k_9p37.mtx",4562,5761,9.37,2462970,2,"Guided+SIMD+Align+Affin,",1.642,22.20,92.5,0.004,93.79,0,""
"5k_9p37.mtx",4562,5761,9.37,2462970,2,"Static+SIMD+Align+Affin,",1.665,21.89,91.2,0.005,93.71,0,""
"5k_9p37.mtx",4562,5761,9.37,2462970,4,"Static (default)",22.302,1.65,6.9,4.093,0.00,0,""
"5k_9p37.mtx",4562,5761,9.37,2462970,4,"Static, chunk=8",16.086,2.29,9.5,7.260,27.87,0,""
"5k_9p37.mtx",4562,5761,9.37,2462970,4,"Static, chunk=32",9.266,3.97,16.6,0.178,58.45,0,""
"5k_9p37.mtx",4562,5761,9.37,2462970,4,"Dynamic, chunk=8",11.367,3.24,13.5,3.292,49.03,0,""
"5k_9p37.mtx",4562,5761,9.37,2462970,4,"Dynamic, chunk=16",9.482,3.88,16.2,0.280,57.48,0,""
"5k_9p37.mtx",4562,5761,9.37,2462970,4,"Dynamic, chunk=32",9.521,3.87,16.1,0.266,57.31,0,""
"5k_9p37.mtx",4562,5761,9.37,2462970,4,"Dynamic, chunk=64",9.546,3.86,16.1,0.288,57.20,0,""
"5k_9p37.mtx",4562,5761,9.37,2462970,4,"Guided, chunk=8",8.896,4.14,17.2,0.008,60.11,0,""
"5k_9p37.mtx",4562,5761,9.37,2462970,4,"Guided, chunk=16",17.194,2.14,8.9,7.136,22.91,0,""
"5k_9p37.mtx",4562,5761,9.37,2462970,4,"Guided, chunk=32",8.860,4.16,17.3,0.336,60.27,0,""
"5k_9p37.mtx",4562,5761,9.37,2462970,4,"Auto (runtime)",8.868,4.15,17.3,0.008,60.24,0,""
"5k_9p37.mtx",4562,5761,9.37,2462970,4,"Static+SIMD, chunk=8",0.878,41.95,174.8,0.004,96.06,0,""
"5k_9p37.mtx",4562,5761,9.37,2462970,4,"Static+SIMD, chunk=16",0.875,42.10,175.4,0.005,96.08,0,""
"5k_9p37.mtx",4562,5761,9.37,2462970,4,"Static+SIMD, chunk=32",0.862,42.70,177.9,0.005,96.13,0,""
"5k_9p37.mtx",4562,5761,9.37,2462970,4,"Dynamic+SIMD, chunk=8",0.855,43.07,179.5,0.004,96.17,0,""
"5k_9p37.mtx",4562,5761,9.37,2462970,4,"Dynamic+SIMD, chunk=16",0.854,43.14,179.7,0.005,96.17,0,""
"5k_9p37.mtx",4562,5761,9.37,2462970,4,"Dynamic+SIMD, chunk=32",0.840,43.84,182.7,0.003,96.23,0,""
"5k_9p37.mtx",4562,5761,9.37,2462970,4,"Guided+SIMD, chunk=8",0.827,44.53,185.6,0.004,96.29,0,""
"5k_9p37.mtx",4562,5761,9.37,2462970,4,"Guided+SIMD, chunk=16",0.829,44.43,185.1,0.004,96.28,0,""
"5k_9p37.mtx",4562,5761,9.37,2462970,4,"Guided+SIMD, chunk=32",0.835,44.12,183.8,0.004,96.26,0,""
"5k_9p37.mtx",4562,5761,9.37,2462970,4,"Static+SIMD+Affinity,",0.874,42.15,175.6,0.004,96.08,0,""
"5k_9p37.mtx",4562,5761,9.37,2462970,4,"Static+SIMD+Affinity,",0.861,42.78,178.2,0.005,96.14,0,""
"5k_9p37.mtx",4562,5761,9.37,2462970,4,"Guided+SIMD+Affinity,",0.835,44.10,183.7,0.003,96.26,0,""
"5k_9p37.mtx",4562,5761,9.37,2462970,4,"Guided+SIMD+Register,",0.833,44.19,184.1,0.003,96.26,0,""
"5k_9p37.mtx",4562,5761,9.37,2462970,4,"Guided+SIMD+Register,",0.828,44.46,185.2,0.004,96.29,0,""
"5k_9p37.mtx",4562,5761,9.37,2462970,4,"Static+SIMD+Register,",0.862,42.72,178.0,0.005,96.13,0,""
"5k_9p37.mtx",4562,5761,9.37,2462970,4,"Static+SIMD+Register,",0.874,42.11,175.5,0.004,96.08,0,""
"5k_9p37.mtx",4562,5761,9.37,2462970,4,"Task-based+SIMD",9.105,4.04,16.9,5.416,59.17,0,""
"5k_9p37.mtx",4562,5761,9.37,2462970,4,"Guided+SIMD+Align+Affin,",5.988,6.15,25.6,4.688,73.15,0,""
"5k_9p37.mtx",4562,5761,9.37,2462970,4,"Static+SIMD+Align+Affin,",6.758,5.45,22.7,4.733,69.70,0,""
"5k_9p37.mtx",4562,5761,9.37,2462970,8,"Static (default)",20.745,1.75,7.3,2.848,0.00,0,""
"5k_9p37.mtx",4562,5761,9.37,2462970,8,"Static, chunk=8",13.147,2.76,11.5,7.041,36.63,0,""
"5k_9p37.mtx",4562,5761,9.37,2462970,8,"Static, chunk=32",5.879,6.17,25.7,0.303,71.66,0,""
"5k_9p37.mtx",4562,5761,9.37,2462970,8,"Dynamic, chunk=8",6.092,5.95,24.8,0.407,70.63,0,""
"5k_9p37.mtx",4562,5761,9.37,2462970,8,"Dynamic, chunk=16",11.714,3.09,12.9,5.451,43.53,0,""
"5k_9p37.mtx",4562,5761,9.37,2462970,8,"Dynamic, chunk=32",18.140,2.00,8.3,3.797,12.55,0,""
"5k_9p37.mtx",4562,5761,9.37,2462970,8,"Dynamic, chunk=64",18.335,1.98,8.2,3.805,11.62,0,""
"5k_9p37.mtx",4562,5761,9.37,2462970,8,"Guided, chunk=8",18.575,1.95,8.1,5.284,10.46,0,""
"5k_9p37.mtx",4562,5761,9.37,2462970,8,"Guided, chunk=16",4.517,8.02,33.4,0.013,78.22,0,""
"5k_9p37.mtx",4562,5761,9.37,2462970,8,"Guided, chunk=32",4.534,7.99,33.3,0.006,78.14,0,""
"5k_9p37.mtx",4562,5761,9.37,2462970,8,"Auto (runtime)",4.443,8.16,34.0,0.004,78.58,0,""
"5k_9p37.mtx",4562,5761,9.37,2462970,8,"Static+SIMD, chunk=8",0.461,78.70,327.9,0.005,97.78,0,""
"5k_9p37.mtx",4562,5761,9.37,2462970,8,"Static+SIMD, chunk=16",0.480,75.53,314.7,0.004,97.69,0,""
"5k_9p37.mtx",4562,5761,9.37,2462970,8,"Static+SIMD, chunk=32",0.460,78.73,328.0,0.004,97.78,0,""
"5k_9p37.mtx",4562,5761,9.37,2462970,8,"Dynamic+SIMD, chunk=8",0.446,81.29,338.7,0.004,97.85,0,""
"5k_9p37.mtx",4562,5761,9.37,2462970,8,"Dynamic+SIMD, chunk=16",0.443,81.76,340.7,0.004,97.86,0,""
"5k_9p37.mtx",4562,5761,9.37,2462970,8,"Dynamic+SIMD, chunk=32",0.447,81.10,337.9,0.005,97.85,0,""
"5k_9p37.mtx",4562,5761,9.37,2462970,8,"Guided+SIMD, chunk=8",0.418,86.81,361.7,0.005,97.99,0,""
"5k_9p37.mtx",4562,5761,9.37,2462970,8,"Guided+SIMD, chunk=16",0.425,85.26,355.3,0.015,97.95,0,""
"5k_9p37.mtx",4562,5761,9.37,2462970,8,"Guided+SIMD, chunk=32",6.708,5.40,22.5,4.947,67.66,0,""
"5k_9p37.mtx",4562,5761,9.37,2462970,8,"Static+SIMD+Affinity,",11.239,3.22,13.4,1.749,45.82,0,""
"5k_9p37.mtx",4562,5761,9.37,2462970,8,"Static+SIMD+Affinity,",11.903,3.04,12.7,1.528,42.62,0,""
"5k_9p37.mtx",4562,5761,9.37,2462970,8,"Guided+SIMD+Affinity,",2.492,14.55,60.6,3.934,87.99,0,""
"5k_9p37.mtx",4562,5761,9.37,2462970,8,"Guided+SIMD+Register,",4.894,7.41,30.9,4.539,76.41,0,""
"5k_9p37.mtx",4562,5761,9.37,2462970,8,"Guided+SIMD+Register,",9.030,4.01,16.7,1.838,56.47,0,""
"5k_9p37.mtx",4562,5761,9.37,2462970,8,"Static+SIMD+Register,",11.302,3.21,13.4,1.903,45.52,0,""
"5k_9p37.mtx",4562,5761,9.37,2462970,8,"Static+SIMD+Register,",10.995,3.30,13.7,2.076,47.00,0,""
"5k_9p37.mtx",4562,5761,9.37,2462970,8,"Task-based+SIMD",27.515,1.32,5.5,7.749,,0,""
"5k_9p37.mtx",4562,5761,9.37,2462970,8,"Guided+SIMD+Align+Affin,",9.422,3.85,16.0,1.555,54.58,0,""
"5k_9p37.mtx",4562,5761,9.37,2462970,8,"Static+SIMD+Align+Affin,",12.090,3.00,12.5,3.149,41.72,0,""
"5k_9p37.mtx",4562,5761,9.37,2462970,12,"Static (default)",16.279,2.23,9.3,1.882,0.00,0,""
"5k_9p37.mtx",4562,5761,9.37,2462970,12,"Static, chunk=8",17.801,2.04,8.5,4.453,,0,""
"5k_9p37.mtx",4562,5761,9.37,2462970,12,"Static, chunk=32",11.978,3.03,12.6,8.992,26.42,0,""
"5k_9p37.mtx",4562,5761,9.37,2462970,12,"Dynamic, chunk=8",6.004,6.04,25.2,0.546,63.12,0,""
"5k_9p37.mtx",4562,5761,9.37,2462970,12,"Dynamic, chunk=16",5.700,6.36,26.5,0.324,64.98,0,""
"5k_9p37.mtx",4562,5761,9.37,2462970,12,"Dynamic, chunk=32",5.273,6.88,28.7,0.490,67.61,0,""
"5k_9p37.mtx",4562,5761,9.37,2462970,12,"Dynamic, chunk=64",4.987,7.27,30.3,0.561,69.37,0,""
"5k_9p37.mtx",4562,5761,9.37,2462970,12,"Guided, chunk=8",15.740,2.30,9.6,2.504,3.31,0,""
"5k_9p37.mtx",4562,5761,9.37,2462970,12,"Guided, chunk=16",16.324,2.22,9.3,2.233,,0,""
"5k_9p37.mtx",4562,5761,9.37,2462970,12,"Guided, chunk=32",16.624,2.18,9.1,2.708,,0,""
"5k_9p37.mtx",4562,5761,9.37,2462970,12,"Auto (runtime)",15.065,2.41,10.0,1.441,7.46,0,""
"5k_9p37.mtx",4562,5761,9.37,2462970,12,"Static+SIMD, chunk=8",9.655,3.76,15.6,1.233,40.69,0,""
"5k_9p37.mtx",4562,5761,9.37,2462970,12,"Static+SIMD, chunk=16",9.491,3.82,15.9,3.187,41.70,0,""
"5k_9p37.mtx",4562,5761,9.37,2462970,12,"Static+SIMD, chunk=32",10.419,3.48,14.5,1.060,36.00,0,""
"5k_9p37.mtx",4562,5761,9.37,2462970,12,"Dynamic+SIMD, chunk=8",9.396,3.86,16.1,1.951,42.28,0,""
"5k_9p37.mtx",4562,5761,9.37,2462970,12,"Dynamic+SIMD, chunk=16",2.426,14.95,62.3,3.719,85.10,0,""
"5k_9p37.mtx",4562,5761,9.37,2462970,12,"Dynamic+SIMD, chunk=32",0.333,108.74,453.1,0.017,97.95,0,""
"5k_9p37.mtx",4562,5761,9.37,2462970,12,"Guided+SIMD, chunk=8",0.294,123.12,513.0,0.007,98.19,0,""
"5k_9p37.mtx",4562,5761,9.37,2462970,12,"Guided+SIMD, chunk=16",9.306,3.90,16.2,1.492,42.83,0,""
"5k_9p37.mtx",4562,5761,9.37,2462970,12,"Guided+SIMD, chunk=32",9.717,3.73,15.5,0.014,40.31,0,""
"5k_9p37.mtx",4562,5761,9.37,2462970,12,"Static+SIMD+Affinity,",10.437,3.47,14.5,2.176,35.89,0,""
"5k_9p37.mtx",4562,5761,9.37,2462970,12,"Static+SIMD+Affinity,",9.927,3.65,15.2,1.558,39.02,0,""
"5k_9p37.mtx",4562,5761,9.37,2462970,12,"Guided+SIMD+Affinity,",9.450,3.84,16.0,1.980,41.95,0,""
"5k_9p37.mtx",4562,5761,9.37,2462970,12,"Guided+SIMD+Register,",11.188,3.24,13.5,3.042,31.28,0,""
"5k_9p37.mtx",4562,5761,9.37,2462970,12,"Guided+SIMD+Register,",2.537,14.29,59.6,3.817,84.42,0,""
"5k_9p37.mtx",4562,5761,9.37,2462970,12,"Static+SIMD+Register,",10.901,3.33,13.9,1.505,33.03,0,""
"5k_9p37.mtx",4562,5761,9.37,2462970,12,"Static+SIMD+Register,",9.663,3.75,15.6,1.227,40.64,0,""
"5k_9p37.mtx",4562,5761,9.37,2462970,12,"Task-based+SIMD",34.911,1.04,4.3,7.494,,0,""
"5k_9p37.mtx",4562,5761,9.37,2462970,12,"Guided+SIMD+Align+Affin,",9.559,3.79,15.8,2.172,41.28,0,""
"5k_9p37.mtx",4562,5761,9.37,2462970,12,"Static+SIMD+Align+Affin,",9.659,3.75,15.6,1.230,40.66,0,""
"5k_9p37.mtx",4562,5761,9.37,2462970,16,"Static (default)",18.373,1.97,8.2,5.269,0.00,0,""
"5k_9p37.mtx",4562,5761,9.37,2462970,16,"Static, chunk=8",17.264,2.10,8.7,3.947,6.04,0,""
"5k_9p37.mtx",4562,5761,9.37,2462970,16,"Static, chunk=32",16.242,2.23,9.3,2.246,11.60,0,""
"5k_9p37.mtx",4562,5761,9.37,2462970,16,"Dynamic, chunk=8",17.699,2.04,8.5,3.559,3.67,0,""
"5k_9p37.mtx",4562,5761,9.37,2462970,16,"Dynamic, chunk=16",17.365,2.08,8.7,2.293,5.49,0,""
"5k_9p37.mtx",4562,5761,9.37,2462970,16,"Dynamic, chunk=32",16.972,2.13,8.9,2.599,7.63,0,""
"5k_9p37.mtx",4562,5761,9.37,2462970,16,"Dynamic, chunk=64",14.467,2.50,10.4,4.658,21.26,0,""
"5k_9p37.mtx",4562,5761,9.37,2462970,16,"Guided, chunk=8",14.089,2.57,10.7,4.365,23.32,0,""
"5k_9p37.mtx",4562,5761,9.37,2462970,16,"Guided, chunk=16",10.355,3.49,14.6,3.649,43.64,0,""
"5k_9p37.mtx",4562,5761,9.37,2462970,16,"Guided, chunk=32",14.262,2.54,10.6,2.436,22.38,0,""
"5k_9p37.mtx",4562,5761,9.37,2462970,16,"Auto (runtime)",12.174,2.97,12.4,4.311,33.74,0,""
"5k_9p37.mtx",4562,5761,9.37,2462970,16,"Static+SIMD, chunk=8",0.285,127.06,529.4,0.004,98.45,0,""
"5k_9p37.mtx",4562,5761,9.37,2462970,16,"Static+SIMD, chunk=16",0.280,129.45,539.4,0.005,98.48,0,""
"5k_9p37.mtx",4562,5761,9.37,2462970,16,"Static+SIMD, chunk=32",0.278,130.14,542.3,0.005,98.49,0,""
"5k_9p37.mtx",4562,5761,9.37,2462970,16,"Dynamic+SIMD, chunk=8",0.262,138.30,576.2,0.004,98.58,0,""
"5k_9p37.mtx",4562,5761,9.37,2462970,16,"Dynamic+SIMD, chunk=16",0.265,136.42,568.4,0.004,98.56,0,""
"5k_9p37.mtx",4562,5761,9.37,2462970,16,"Dynamic+SIMD, chunk=32",2.563,14.12,58.8,4.118,86.05,0,""
"5k_9p37.mtx",4562,5761,9.37,2462970,16,"Guided+SIMD, chunk=8",6.697,5.40,22.5,7.487,63.55,0,""
"5k_9p37.mtx",4562,5761,9.37,2462970,16,"Guided+SIMD, chunk=16",0.244,148.23,617.6,0.011,98.67,0,""
"5k_9p37.mtx",4562,5761,9.37,2462970,16,"Guided+SIMD, chunk=32",0.247,146.74,611.4,0.009,98.66,0,""
"5k_9p37.mtx",4562,5761,9.37,2462970,16,"Static+SIMD+Affinity,",0.313,115.69,482.0,0.009,98.30,0,""
"5k_9p37.mtx",4562,5761,9.37,2462970,16,"Static+SIMD+Affinity,",0.301,120.27,501.1,0.008,98.36,0,""
"5k_9p37.mtx",4562,5761,9.37,2462970,16,"Guided+SIMD+Affinity,",0.254,142.75,594.8,0.010,98.62,0,""
"5k_9p37.mtx",4562,5761,9.37,2462970,16,"Guided+SIMD+Register,",0.251,144.26,601.1,0.010,98.63,0,""
"5k_9p37.mtx",4562,5761,9.37,2462970,16,"Guided+SIMD+Register,",0.242,149.82,624.2,0.010,98.69,0,""
"5k_9p37.mtx",4562,5761,9.37,2462970,16,"Static+SIMD+Register,",0.303,119.59,498.3,0.008,98.35,0,""
"5k_9p37.mtx",4562,5761,9.37,2462970,16,"Static+SIMD+Register,",0.311,116.20,484.2,0.007,98.30,0,""
"5k_9p37.mtx",4562,5761,9.37,2462970,16,"Task-based+SIMD",53.704,0.67,2.8,12.949,,0,""
"5k_9p37.mtx",4562,5761,9.37,2462970,16,"Guided+SIMD+Align+Affin,",12.340,2.93,12.2,3.266,32.84,0,""
"5k_9p37.mtx",4562,5761,9.37,2462970,16,"Static+SIMD+Align+Affin,",11.516,3.14,13.1,2.012,37.32,0,""
"5k_9p37.mtx",4562,5761,9.37,2462970,18,"Static (default)",18.666,1.93,8.1,4.400,0.00,0,""
"5k_9p37.mtx",4562,5761,9.37,2462970,18,"Static, chunk=8",17.278,2.09,8.7,2.187,7.44,0,""
"5k_9p37.mtx",4562,5761,9.37,2462970,18,"Static, chunk=32",18.343,1.97,8.2,4.652,1.73,0,""
"5k_9p37.mtx",4562,5761,9.37,2462970,18,"Dynamic, chunk=8",6.358,5.68,23.7,0.801,65.94,0,""
"5k_9p37.mtx",4562,5761,9.37,2462970,18,"Dynamic, chunk=16",5.968,6.05,25.2,0.373,68.03,0,""
"5k_9p37.mtx",4562,5761,9.37,2462970,18,"Dynamic, chunk=32",5.476,6.59,27.5,0.648,70.66,0,""
"5k_9p37.mtx",4562,5761,9.37,2462970,18,"Dynamic, chunk=64",15.712,2.30,9.6,2.719,15.83,0,""
"5k_9p37.mtx",4562,5761,9.37,2462970,18,"Guided, chunk=8",12.612,2.86,11.9,3.813,32.43,0,""
"5k_9p37.mtx",4562,5761,9.37,2462970,18,"Guided, chunk=16",14.613,2.47,10.3,2.356,21.72,0,""
"5k_9p37.mtx",4562,5761,9.37,2462970,18,"Guided, chunk=32",16.235,2.22,9.3,3.514,13.03,0,""
"5k_9p37.mtx",4562,5761,9.37,2462970,18,"Auto (runtime)",13.924,2.59,10.8,1.715,25.41,0,""
"5k_9p37.mtx",4562,5761,9.37,2462970,18,"Static+SIMD, chunk=8",10.724,3.37,14.0,2.177,42.55,0,""
"5k_9p37.mtx",4562,5761,9.37,2462970,18,"Static+SIMD, chunk=16",0.288,125.37,522.4,0.015,98.46,0,""
"5k_9p37.mtx",4562,5761,9.37,2462970,18,"Static+SIMD, chunk=32",3.307,10.92,45.5,4.157,82.28,0,""
"5k_9p37.mtx",4562,5761,9.37,2462970,18,"Dynamic+SIMD, chunk=8",0.262,137.61,573.4,0.008,98.59,0,""
"5k_9p37.mtx",4562,5761,9.37,2462970,18,"Dynamic+SIMD, chunk=16",0.260,138.74,578.1,0.010,98.61,0,""
"5k_9p37.mtx",4562,5761,9.37,2462970,18,"Dynamic+SIMD, chunk=32",0.256,141.01,587.5,0.007,98.63,0,""
"5k_9p37.mtx",4562,5761,9.37,2462970,18,"Guided+SIMD, chunk=8",0.215,167.71,698.8,0.007,98.85,0,""
"5k_9p37.mtx",4562,5761,9.37,2462970,18,"Guided+SIMD, chunk=16",0.218,165.87,691.1,0.007,98.83,0,""
"5k_9p37.mtx",4562,5761,9.37,2462970,18,"Guided+SIMD, chunk=32",0.225,160.24,667.7,0.011,98.79,0,""
"5k_9p37.mtx",4562,5761,9.37,2462970,18,"Static+SIMD+Affinity,",0.275,131.26,546.9,0.007,98.53,0,""
"5k_9p37.mtx",4562,5761,9.37,2462970,18,"Static+SIMD+Affinity,",0.266,135.87,566.1,0.007,98.58,0,""
"5k_9p37.mtx",4562,5761,9.37,2462970,18,"Guided+SIMD+Affinity,",0.225,160.55,669.0,0.008,98.80,0,""
"5k_9p37.mtx",4562,5761,9.37,2462970,18,"Guided+SIMD+Register,",0.225,160.47,668.6,0.010,98.79,0,""
"5k_9p37.mtx",4562,5761,9.37,2462970,18,"Guided+SIMD+Register,",0.214,168.40,701.7,0.007,98.85,0,""
"5k_9p37.mtx",4562,5761,9.37,2462970,18,"Static+SIMD+Register,",0.268,134.94,562.2,0.010,98.57,0,""
"5k_9p37.mtx",4562,5761,9.37,2462970,18,"Static+SIMD+Register,",0.272,132.85,553.5,0.009,98.54,0,""
"5k_9p37.mtx",4562,5761,9.37,2462970,18,"Task-based+SIMD",42.628,0.85,3.5,6.830,,0,""
"5k_9p37.mtx",4562,5761,9.37,2462970,18,"Guided+SIMD+Align+Affin,",1.618,22.32,93.0,3.323,91.33,0,""
"5k_9p37.mtx",4562,5761,9.37,2462970,18,"Static+SIMD+Align+Affin,",0.473,76.33,318.0,0.957,97.47,0,""
"5k_9p37.mtx",4562,5761,9.37,2462970,20,"Static (default)",4.151,9.32,38.8,0.491,0.00,0,""
"5k_9p37.mtx",4562,5761,9.37,2462970,20,"Static, chunk=8",8.535,4.53,18.9,2.691,,0,""
"5k_9p37.mtx",4562,5761,9.37,2462970,20,"Static, chunk=32",11.548,3.35,14.0,4.766,,0,""
"5k_9p37.mtx",4562,5761,9.37,2462970,20,"Dynamic, chunk=8",6.833,5.66,23.6,0.271,,0,""
"5k_9p37.mtx",4562,5761,9.37,2462970,20,"Dynamic, chunk=16",6.857,5.64,23.5,0.605,,0,""
"5k_9p37.mtx",4562,5761,9.37,2462970,20,"Dynamic, chunk=32",6.832,5.66,23.6,0.824,,0,""
"5k_9p37.mtx",4562,5761,9.37,2462970,20,"Dynamic, chunk=64",6.069,6.37,26.6,0.987,,0,""
"5k_9p37.mtx",4562,5761,9.37,2462970,20,"Guided, chunk=8",3.999,9.67,40.3,0.756,3.68,0,""
"5k_9p37.mtx",4562,5761,9.37,2462970,20,"Guided, chunk=16",13.198,2.93,12.2,4.311,,0,""
"5k_9p37.mtx",4562,5761,9.37,2462970,20,"Guided, chunk=32",11.798,3.28,13.7,6.475,,0,""
"5k_9p37.mtx",4562,5761,9.37,2462970,20,"Auto (runtime)",3.774,10.25,42.7,1.911,9.10,0,""
"5k_9p37.mtx",4562,5761,9.37,2462970,20,"Static+SIMD, chunk=8",4.187,9.24,38.5,5.317,,0,""
"5k_9p37.mtx",4562,5761,9.37,2462970,20,"Static+SIMD, chunk=16",5.132,7.54,31.4,7.667,,0,""
"5k_9p37.mtx",4562,5761,9.37,2462970,20,"Static+SIMD, chunk=32",0.290,133.30,555.4,0.015,93.01,0,""
"5k_9p37.mtx",4562,5761,9.37,2462970,20,"Dynamic+SIMD, chunk=8",0.272,142.11,592.1,0.007,93.44,0,""
"5k_9p37.mtx",4562,5761,9.37,2462970,20,"Dynamic+SIMD, chunk=16",0.281,137.72,573.8,0.009,93.23,0,""
"5k_9p37.mtx",4562,5761,9.37,2462970,20,"Dynamic+SIMD, chunk=32",0.270,143.11,596.3,0.009,93.49,0,""
"5k_9p37.mtx",4562,5761,9.37,2462970,20,"Guided+SIMD, chunk=8",0.212,182.79,761.6,0.010,94.90,0,""
"5k_9p37.mtx",4562,5761,9.37,2462970,20,"Guided+SIMD, chunk=16",0.211,182.95,762.3,0.009,94.91,0,""
"5k_9p37.mtx",4562,5761,9.37,2462970,20,"Guided+SIMD, chunk=32",0.212,182.86,761.9,0.007,94.90,0,""
"5k_9p37.mtx",4562,5761,9.37,2462970,20,"Static+SIMD+Affinity,",0.326,118.65,494.4,0.037,92.15,0,""
"5k_9p37.mtx",4562,5761,9.37,2462970,20,"Static+SIMD+Affinity,",0.294,131.53,548.1,0.017,92.92,0,""
"5k_9p37.mtx",4562,5761,9.37,2462970,20,"Guided+SIMD+Affinity,",0.214,180.76,753.1,0.010,94.85,0,""
"5k_9p37.mtx",4562,5761,9.37,2462970,20,"Guided+SIMD+Register,",0.216,179.47,747.8,0.011,94.81,0,""
"5k_9p37.mtx",4562,5761,9.37,2462970,20,"Guided+SIMD+Register,",0.219,176.43,735.1,0.011,94.72,0,""
"5k_9p37.mtx",4562,5761,9.37,2462970,20,"Static+SIMD+Register,",0.296,130.87,545.3,0.014,92.88,0,""
"5k_9p37.mtx",4562,5761,9.37,2462970,20,"Static+SIMD+Register,",0.330,117.21,488.4,0.022,92.05,0,""
"5k_9p37.mtx",4562,5761,9.37,2462970,20,"Task-based+SIMD",55.751,0.69,2.9,9.919,,0,""
"5k_9p37.mtx",4562,5761,9.37,2462970,20,"Guided+SIMD+Align+Affin,",5.079,7.62,31.7,7.718,,0,""
"5k_9p37.mtx",4562,5761,9.37,2462970,20,"Static+SIMD+Align+Affin,",5.004,7.73,32.2,5.492,,0,""
"5k_9p37.mtx",4562,5761,9.37,2462970,22,"Static (default)",6.729,5.39,22.4,4.702,0.00,0,""
"5k_9p37.mtx",4562,5761,9.37,2462970,22,"Static, chunk=8",15.243,2.38,9.9,1.331,,0,""
"5k_9p37.mtx",4562,5761,9.37,2462970,22,"Static, chunk=32",10.745,3.37,14.1,4.063,,0,""
"5k_9p37.mtx",4562,5761,9.37,2462970,22,"Dynamic, chunk=8",20.238,1.79,7.5,3.469,,0,""
"5k_9p37.mtx",4562,5761,9.37,2462970,22,"Dynamic, chunk=16",19.524,1.86,7.7,3.542,,0,""
"5k_9p37.mtx",4562,5761,9.37,2462970,22,"Dynamic, chunk=32",18.123,2.00,8.3,3.259,,0,""
"5k_9p37.mtx",4562,5761,9.37,2462970,22,"Dynamic, chunk=64",12.803,2.83,11.8,4.657,,0,""
"5k_9p37.mtx",4562,5761,9.37,2462970,22,"Guided, chunk=8",16.153,2.24,9.4,3.250,,0,""
"5k_9p37.mtx",4562,5761,9.37,2462970,22,"Guided, chunk=16",15.957,2.27,9.5,2.555,,0,""
"5k_9p37.mtx",4562,5761,9.37,2462970,22,"Guided, chunk=32",14.695,2.47,10.3,3.424,,0,""
"5k_9p37.mtx",4562,5761,9.37,2462970,22,"Auto (runtime)",8.630,4.20,17.5,6.041,,0,""
"5k_9p37.mtx",4562,5761,9.37,2462970,22,"Static+SIMD, chunk=8",0.323,112.09,467.1,0.023,95.19,0,""
"5k_9p37.mtx",4562,5761,9.37,2462970,22,"Static+SIMD, chunk=16",0.343,105.62,440.1,0.042,94.90,0,""
"5k_9p37.mtx",4562,5761,9.37,2462970,22,"Static+SIMD, chunk=32",0.297,121.99,508.3,0.019,95.58,0,""
"5k_9p37.mtx",4562,5761,9.37,2462970,22,"Dynamic+SIMD, chunk=8",0.249,145.85,607.7,0.006,96.31,0,""
"5k_9p37.mtx",4562,5761,9.37,2462970,22,"Dynamic+SIMD, chunk=16",0.256,141.83,591.0,0.011,96.20,0,""
"5k_9p37.mtx",4562,5761,9.37,2462970,22,"Dynamic+SIMD, chunk=32",0.253,143.39,597.5,0.009,96.24,0,""
"5k_9p37.mtx",4562,5761,9.37,2462970,22,"Guided+SIMD, chunk=8",0.199,182.06,758.6,0.018,97.04,0,""
"5k_9p37.mtx",4562,5761,9.37,2462970,22,"Guided+SIMD, chunk=16",0.191,189.64,790.2,0.011,97.16,0,""
"5k_9p37.mtx",4562,5761,9.37,2462970,22,"Guided+SIMD, chunk=32",0.198,182.65,761.1,0.009,97.05,0,""
"5k_9p37.mtx",4562,5761,9.37,2462970,22,"Static+SIMD+Affinity,",0.346,104.63,436.0,0.045,94.85,0,""
"5k_9p37.mtx",4562,5761,9.37,2462970,22,"Static+SIMD+Affinity,",0.290,125.07,521.1,0.019,95.69,0,""
"5k_9p37.mtx",4562,5761,9.37,2462970,22,"Guided+SIMD+Affinity,",0.206,176.25,734.4,0.014,96.94,0,""
"5k_9p37.mtx",4562,5761,9.37,2462970,22,"Guided+SIMD+Register,",0.201,180.77,753.2,0.012,97.02,0,""
"5k_9p37.mtx",4562,5761,9.37,2462970,22,"Guided+SIMD+Register,",0.199,182.43,760.1,0.011,97.05,0,""
"5k_9p37.mtx",4562,5761,9.37,2462970,22,"Static+SIMD+Register,",0.300,120.92,503.9,0.022,95.55,0,""
"5k_9p37.mtx",4562,5761,9.37,2462970,22,"Static+SIMD+Register,",0.346,104.72,436.3,0.054,94.86,0,""
"5k_9p37.mtx",4562,5761,9.37,2462970,22,"Task-based+SIMD",57.368,0.63,2.6,8.905,,0,""
"5k_9p37.mtx",4562,5761,9.37,2462970,22,"Guided+SIMD+Align+Affin,",10.673,3.40,14.2,2.608,,0,""
"5k_9p37.mtx",4562,5761,9.37,2462970,22,"Static+SIMD+Align+Affin,",10.925,3.32,13.8,1.813,,0,""
"5k_9p37.mtx",4562,5761,9.37,2462970,24,"Static (default)",16.428,2.20,9.2,4.082,0.00,0,""
"5k_9p37.mtx",4562,5761,9.37,2462970,24,"Static, chunk=8",16.434,2.20,9.1,2.388,,0,""
"5k_9p37.mtx",4562,5761,9.37,2462970,24,"Static, chunk=32",15.711,2.30,9.6,2.493,4.37,0,""
"5k_9p37.mtx",4562,5761,9.37,2462970,24,"Dynamic, chunk=8",16.383,2.20,9.2,3.219,0.28,0,""
"5k_9p37.mtx",4562,5761,9.37,2462970,24,"Dynamic, chunk=16",14.526,2.48,10.4,2.872,11.58,0,""
"5k_9p37.mtx",4562,5761,9.37,2462970,24,"Dynamic, chunk=32",14.499,2.49,10.4,2.604,11.74,0,""
"5k_9p37.mtx",4562,5761,9.37,2462970,24,"Dynamic, chunk=64",13.656,2.64,11.0,1.908,16.88,0,""
"5k_9p37.mtx",4562,5761,9.37,2462970,24,"Guided, chunk=8",14.178,2.55,10.6,2.944,13.70,0,""
"5k_9p37.mtx",4562,5761,9.37,2462970,24,"Guided, chunk=16",12.739,2.83,11.8,1.944,22.46,0,""
"5k_9p37.mtx",4562,5761,9.37,2462970,24,"Guided, chunk=32",13.086,2.76,11.5,2.451,20.35,0,""
"5k_9p37.mtx",4562,5761,9.37,2462970,24,"Auto (runtime)",14.096,2.56,10.7,3.484,14.20,0,""
"5k_9p37.mtx",4562,5761,9.37,2462970,24,"Static+SIMD, chunk=8",10.142,3.56,14.8,1.166,38.27,0,""
"5k_9p37.mtx",4562,5761,9.37,2462970,24,"Static+SIMD, chunk=16",10.302,3.50,14.6,1.825,37.29,0,""
"5k_9p37.mtx",4562,5761,9.37,2462970,24,"Static+SIMD, chunk=32",11.154,3.24,13.5,2.524,32.11,0,""
"5k_9p37.mtx",4562,5761,9.37,2462970,24,"Dynamic+SIMD, chunk=8",13.851,2.61,10.9,3.653,15.69,0,""
"5k_9p37.mtx",4562,5761,9.37,2462970,24,"Dynamic+SIMD, chunk=16",9.993,3.61,15.0,1.153,39.17,0,""
"5k_9p37.mtx",4562,5761,9.37,2462970,24,"Dynamic+SIMD, chunk=32",7.920,4.56,19.0,3.422,51.79,0,""
"5k_9p37.mtx",4562,5761,9.37,2462970,24,"Guided+SIMD, chunk=8",0.196,183.65,765.2,0.010,98.80,0,""
"5k_9p37.mtx",4562,5761,9.37,2462970,24,"Guided+SIMD, chunk=16",0.194,186.08,775.3,0.017,98.82,0,""
"5k_9p37.mtx",4562,5761,9.37,2462970,24,"Guided+SIMD, chunk=32",0.192,187.49,781.2,0.008,98.83,0,""
"5k_9p37.mtx",4562,5761,9.37,2462970,24,"Static+SIMD+Affinity,",0.403,89.60,373.3,0.055,97.55,0,""
"5k_9p37.mtx",4562,5761,9.37,2462970,24,"Static+SIMD+Affinity,",0.376,95.85,399.4,0.058,97.71,0,""
"5k_9p37.mtx",4562,5761,9.37,2462970,24,"Guided+SIMD+Affinity,",0.197,182.93,762.2,0.011,98.80,0,""
"5k_9p37.mtx",4562,5761,9.37,2462970,24,"Guided+SIMD+Register,",0.197,182.86,761.9,0.012,98.80,0,""
"5k_9p37.mtx",4562,5761,9.37,2462970,24,"Guided+SIMD+Register,",0.188,191.89,799.5,0.011,98.86,0,""
"5k_9p37.mtx",4562,5761,9.37,2462970,24,"Static+SIMD+Register,",0.368,98.01,408.4,0.054,97.76,0,""
"5k_9p37.mtx",4562,5761,9.37,2462970,24,"Static+SIMD+Register,",0.392,91.95,383.1,0.066,97.61,0,""
"5k_9p37.mtx",4562,5761,9.37,2462970,24,"Task-based+SIMD",68.285,0.53,2.2,10.004,,0,""
"5k_9p37.mtx",4562,5761,9.37,2462970,24,"Guided+SIMD+Align+Affin,",9.817,3.68,15.3,2.514,40.24,0,""
"5k_9p37.mtx",4562,5761,9.37,2462970,24,"Static+SIMD+Align+Affin,",10.906,3.31,13.8,1.491,33.62,0,""
"60k_0p005.mtx",NA,NA,NA,NA,1,"NONE",NA,NA,NA,NA,NA,0,"PARSE_FAILED; NO_CONFIGS"
"60k_0p005.mtx",NA,NA,NA,NA,2,"NONE",NA,NA,NA,NA,NA,0,"PARSE_FAILED; NO_CONFIGS"
"60k_0p005.mtx",NA,NA,NA,NA,4,"NONE",NA,NA,NA,NA,NA,0,"PARSE_FAILED; NO_CONFIGS"
"60k_0p005.mtx",NA,NA,NA,NA,8,"NONE",NA,NA,NA,NA,NA,0,"PARSE_FAILED; NO_CONFIGS"
"60k_0p005.mtx",NA,NA,NA,NA,12,"NONE",NA,NA,NA,NA,NA,0,"PARSE_FAILED; NO_CONFIGS"
"60k_0p005.mtx",NA,NA,NA,NA,16,"NONE",NA,NA,NA,NA,NA,0,"PARSE_FAILED; NO_CONFIGS"
"60k_0p005.mtx",NA,NA,NA,NA,18,"NONE",NA,NA,NA,NA,NA,0,"PARSE_FAILED; NO_CONFIGS"
"60k_0p005.mtx",NA,NA,NA,NA,20,"NONE",NA,NA,NA,NA,NA,0,"PARSE_FAILED; NO_CONFIGS"
"60k_0p005.mtx",NA,NA,NA,NA,22,"NONE",NA,NA,NA,NA,NA,0,"PARSE_FAILED; NO_CONFIGS"
"60k_0p005.mtx",NA,NA,NA,NA,24,"NONE",NA,NA,NA,NA,NA,0,"PARSE_FAILED; NO_CONFIGS"
"6k_6p3.mtx",6001,6001,6.30,2269500,1,"Static (default)",48.521,1.07,4.4,0.067,0.00,0,""
"6k_6p3.mtx",6001,6001,6.30,2269500,1,"Static, chunk=8",51.290,1.01,4.2,7.786,,0,""
"6k_6p3.mtx",6001,6001,6.30,2269500,1,"Static, chunk=32",48.521,1.07,4.4,0.050,0.00,0,""
"6k_6p3.mtx",6001,6001,6.30,2269500,1,"Dynamic, chunk=8",48.543,1.07,4.4,0.039,,0,""
"6k_6p3.mtx",6001,6001,6.30,2269500,1,"Dynamic, chunk=16",48.554,1.07,4.4,0.052,,0,""
"6k_6p3.mtx",6001,6001,6.30,2269500,1,"Dynamic, chunk=32",48.510,1.07,4.5,0.077,0.02,0,""
"6k_6p3.mtx",6001,6001,6.30,2269500,1,"Dynamic, chunk=64",48.493,1.07,4.5,0.041,0.06,0,""
"6k_6p3.mtx",6001,6001,6.30,2269500,1,"Guided, chunk=8",48.660,1.06,4.4,0.423,,0,""
"6k_6p3.mtx",6001,6001,6.30,2269500,1,"Guided, chunk=16",48.520,1.07,4.4,0.046,0.00,0,""
"6k_6p3.mtx",6001,6001,6.30,2269500,1,"Guided, chunk=32",48.530,1.07,4.4,0.060,,0,""
"6k_6p3.mtx",6001,6001,6.30,2269500,1,"Auto (runtime)",50.457,1.03,4.3,8.409,,0,""
"6k_6p3.mtx",6001,6001,6.30,2269500,1,"Static+SIMD, chunk=8",3.066,16.90,70.4,0.031,93.68,0,""
"6k_6p3.mtx",6001,6001,6.30,2269500,1,"Static+SIMD, chunk=16",3.052,16.98,70.7,0.013,93.71,0,""
"6k_6p3.mtx",6001,6001,6.30,2269500,1,"Static+SIMD, chunk=32",3.045,17.02,70.9,0.006,93.72,0,""
"6k_6p3.mtx",6001,6001,6.30,2269500,1,"Dynamic+SIMD, chunk=8",3.073,16.86,70.3,0.019,93.67,0,""
"6k_6p3.mtx",6001,6001,6.30,2269500,1,"Dynamic+SIMD, chunk=16",3.058,16.95,70.6,0.008,93.70,0,""
"6k_6p3.mtx",6001,6001,6.30,2269500,1,"Dynamic+SIMD, chunk=32",3.056,16.96,70.7,0.011,93.70,0,""
"6k_6p3.mtx",6001,6001,6.30,2269500,1,"Guided+SIMD, chunk=8",3.050,16.99,70.8,0.010,93.71,0,""
"6k_6p3.mtx",6001,6001,6.30,2269500,1,"Guided+SIMD, chunk=16",3.082,16.81,70.1,0.046,93.65,0,""
"6k_6p3.mtx",6001,6001,6.30,2269500,1,"Guided+SIMD, chunk=32",3.054,16.97,70.7,0.014,93.71,0,""
"6k_6p3.mtx",6001,6001,6.30,2269500,1,"Static+SIMD+Affinity,",3.063,16.92,70.5,0.019,93.69,0,""
"6k_6p3.mtx",6001,6001,6.30,2269500,1,"Static+SIMD+Affinity,",3.053,16.97,70.7,0.014,93.71,0,""
"6k_6p3.mtx",6001,6001,6.30,2269500,1,"Guided+SIMD+Affinity,",3.050,16.99,70.8,0.008,93.71,0,""
"6k_6p3.mtx",6001,6001,6.30,2269500,1,"Guided+SIMD+Register,",3.063,16.92,70.5,0.034,93.69,0,""
"6k_6p3.mtx",6001,6001,6.30,2269500,1,"Guided+SIMD+Register,",3.047,17.01,70.9,0.014,93.72,0,""
"6k_6p3.mtx",6001,6001,6.30,2269500,1,"Static+SIMD+Register,",3.043,17.03,70.9,0.006,93.73,0,""
"6k_6p3.mtx",6001,6001,6.30,2269500,1,"Static+SIMD+Register,",3.048,17.00,70.8,0.012,93.72,0,""
"6k_6p3.mtx",6001,6001,6.30,2269500,1,"Task-based+SIMD",3.140,16.50,68.8,0.017,93.53,0,""
"6k_6p3.mtx",6001,6001,6.30,2269500,1,"Guided+SIMD+Align+Affin,",3.051,16.99,70.8,0.006,93.71,0,""
"6k_6p3.mtx",6001,6001,6.30,2269500,1,"Static+SIMD+Align+Affin,",3.047,17.01,70.9,0.008,93.72,0,""
"6k_6p3.mtx",6001,6001,6.30,2269500,2,"Static (default)",35.605,1.39,5.8,13.035,0.00,0,""
"6k_6p3.mtx",6001,6001,6.30,2269500,2,"Static, chunk=8",24.394,2.03,8.4,0.059,31.49,0,""
"6k_6p3.mtx",6001,6001,6.30,2269500,2,"Static, chunk=32",25.319,1.95,8.1,3.232,28.89,0,""
"6k_6p3.mtx",6001,6001,6.30,2269500,2,"Dynamic, chunk=8",24.541,2.01,8.4,0.345,31.07,0,""
"6k_6p3.mtx",6001,6001,6.30,2269500,2,"Dynamic, chunk=16",24.393,2.03,8.4,0.024,31.49,0,""
"6k_6p3.mtx",6001,6001,6.30,2269500,2,"Dynamic, chunk=32",27.882,1.77,7.4,4.898,21.69,0,""
"6k_6p3.mtx",6001,6001,6.30,2269500,2,"Dynamic, chunk=64",24.398,2.03,8.4,0.042,31.48,0,""
"6k_6p3.mtx",6001,6001,6.30,2269500,2,"Guided, chunk=8",24.280,2.04,8.5,0.021,31.81,0,""
"6k_6p3.mtx",6001,6001,6.30,2269500,2,"Guided, chunk=16",24.299,2.03,8.5,0.035,31.76,0,""
"6k_6p3.mtx",6001,6001,6.30,2269500,2,"Guided, chunk=32",33.522,1.47,6.1,10.289,5.85,0,""
"6k_6p3.mtx",6001,6001,6.30,2269500,2,"Auto (runtime)",49.055,1.01,4.2,4.040,,0,""
"6k_6p3.mtx",6001,6001,6.30,2269500,2,"Static+SIMD, chunk=8",1.540,32.10,133.7,0.010,95.67,0,""
"6k_6p3.mtx",6001,6001,6.30,2269500,2,"Static+SIMD, chunk=16",1.534,32.23,134.3,0.005,95.69,0,""
"6k_6p3.mtx",6001,6001,6.30,2269500,2,"Static+SIMD, chunk=32",1.553,31.83,132.6,0.011,95.64,0,""
"6k_6p3.mtx",6001,6001,6.30,2269500,2,"Dynamic+SIMD, chunk=8",1.559,31.71,132.1,0.005,95.62,0,""
"6k_6p3.mtx",6001,6001,6.30,2269500,2,"Dynamic+SIMD, chunk=16",1.544,32.02,133.4,0.005,95.66,0,""
"6k_6p3.mtx",6001,6001,6.30,2269500,2,"Dynamic+SIMD, chunk=32",1.543,32.03,133.5,0.006,95.67,0,""
"6k_6p3.mtx",6001,6001,6.30,2269500,2,"Guided+SIMD, chunk=8",3.038,16.28,67.8,0.018,91.47,0,""
"6k_6p3.mtx",6001,6001,6.30,2269500,2,"Guided+SIMD, chunk=16",3.041,16.26,67.7,0.007,91.46,0,""
"6k_6p3.mtx",6001,6001,6.30,2269500,2,"Guided+SIMD, chunk=32",3.035,16.29,67.9,0.008,91.47,0,""
"6k_6p3.mtx",6001,6001,6.30,2269500,2,"Static+SIMD+Affinity,",1.531,32.29,134.6,0.005,95.70,0,""
"6k_6p3.mtx",6001,6001,6.30,2269500,2,"Static+SIMD+Affinity,",1.546,31.98,133.3,0.005,95.66,0,""
"6k_6p3.mtx",6001,6001,6.30,2269500,2,"Guided+SIMD+Affinity,",3.033,16.30,67.9,0.005,91.48,0,""
"6k_6p3.mtx",6001,6001,6.30,2269500,2,"Guided+SIMD+Register,",3.047,16.23,67.6,0.026,91.44,0,""
"6k_6p3.mtx",6001,6001,6.30,2269500,2,"Guided+SIMD+Register,",3.032,16.30,67.9,0.007,91.48,0,""
"6k_6p3.mtx",6001,6001,6.30,2269500,2,"Static+SIMD+Register,",1.545,31.99,133.3,0.006,95.66,0,""
"6k_6p3.mtx",6001,6001,6.30,2269500,2,"Static+SIMD+Register,",1.530,32.32,134.7,0.004,95.70,0,""
"6k_6p3.mtx",6001,6001,6.30,2269500,2,"Task-based+SIMD",3.112,15.89,66.2,0.178,91.26,0,""
"6k_6p3.mtx",6001,6001,6.30,2269500,2,"Guided+SIMD+Align+Affin,",3.032,16.31,67.9,0.004,91.49,0,""
"6k_6p3.mtx",6001,6001,6.30,2269500,2,"Static+SIMD+Align+Affin,",1.548,31.94,133.1,0.005,95.65,0,""
"6k_6p3.mtx",6001,6001,6.30,2269500,4,"Static (default)",12.969,3.80,15.8,3.308,0.00,0,""
"6k_6p3.mtx",6001,6001,6.30,2269500,4,"Static, chunk=8",14.005,3.51,14.6,3.386,,0,""
"6k_6p3.mtx",6001,6001,6.30,2269500,4,"Static, chunk=32",12.406,3.97,16.5,0.062,4.34,0,""
"6k_6p3.mtx",6001,6001,6.30,2269500,4,"Dynamic, chunk=8",12.411,3.97,16.5,0.045,4.30,0,""
"6k_6p3.mtx",6001,6001,6.30,2269500,4,"Dynamic, chunk=16",12.381,3.98,16.6,0.053,4.53,0,""
"6k_6p3.mtx",6001,6001,6.30,2269500,4,"Dynamic, chunk=32",19.093,2.58,10.7,8.092,,0,""
"6k_6p3.mtx",6001,6001,6.30,2269500,4,"Dynamic, chunk=64",19.929,2.47,10.3,7.615,,0,""
"6k_6p3.mtx",6001,6001,6.30,2269500,4,"Guided, chunk=8",12.152,4.05,16.9,0.008,6.30,0,""
"6k_6p3.mtx",6001,6001,6.30,2269500,4,"Guided, chunk=16",12.146,4.05,16.9,0.028,6.34,0,""
"6k_6p3.mtx",6001,6001,6.30,2269500,4,"Guided, chunk=32",12.180,4.04,16.8,0.014,6.08,0,""
"6k_6p3.mtx",6001,6001,6.30,2269500,4,"Auto (runtime)",12.141,4.05,16.9,0.008,6.39,0,""
"6k_6p3.mtx",6001,6001,6.30,2269500,4,"Static+SIMD, chunk=8",0.769,64.00,266.7,0.004,94.07,0,""
"6k_6p3.mtx",6001,6001,6.30,2269500,4,"Static+SIMD, chunk=16",0.783,62.85,261.9,0.004,93.96,0,""
"6k_6p3.mtx",6001,6001,6.30,2269500,4,"Static+SIMD, chunk=32",0.782,62.93,262.2,0.004,93.97,0,""
"6k_6p3.mtx",6001,6001,6.30,2269500,4,"Dynamic+SIMD, chunk=8",0.790,62.29,259.5,0.004,93.91,0,""
"6k_6p3.mtx",6001,6001,6.30,2269500,4,"Dynamic+SIMD, chunk=16",0.784,62.79,261.6,0.004,93.96,0,""
"6k_6p3.mtx",6001,6001,6.30,2269500,4,"Dynamic+SIMD, chunk=32",0.782,62.95,262.3,0.004,93.97,0,""
"6k_6p3.mtx",6001,6001,6.30,2269500,4,"Guided+SIMD, chunk=8",2.267,21.71,90.4,0.005,82.52,0,""
"6k_6p3.mtx",6001,6001,6.30,2269500,4,"Guided+SIMD, chunk=16",2.268,21.70,90.4,0.005,82.51,0,""
"6k_6p3.mtx",6001,6001,6.30,2269500,4,"Guided+SIMD, chunk=32",2.267,21.71,90.4,0.004,82.52,0,""
"6k_6p3.mtx",6001,6001,6.30,2269500,4,"Static+SIMD+Affinity,",0.783,62.84,261.8,0.004,93.96,0,""
"6k_6p3.mtx",6001,6001,6.30,2269500,4,"Static+SIMD+Affinity,",1.386,35.52,148.0,2.197,89.32,0,""
"6k_6p3.mtx",6001,6001,6.30,2269500,4,"Guided+SIMD+Affinity,",2.269,21.69,90.4,0.004,82.50,0,""
"6k_6p3.mtx",6001,6001,6.30,2269500,4,"Guided+SIMD+Register,",2.267,21.71,90.5,0.003,82.52,0,""
"6k_6p3.mtx",6001,6001,6.30,2269500,4,"Guided+SIMD+Register,",2.270,21.68,90.3,0.006,82.49,0,""
"6k_6p3.mtx",6001,6001,6.30,2269500,4,"Static+SIMD+Register,",0.782,62.91,262.1,0.004,93.97,0,""
"6k_6p3.mtx",6001,6001,6.30,2269500,4,"Static+SIMD+Register,",0.783,62.83,261.8,0.005,93.96,0,""
"6k_6p3.mtx",6001,6001,6.30,2269500,4,"Task-based+SIMD",3.766,13.07,54.5,0.162,70.96,0,""
"6k_6p3.mtx",6001,6001,6.30,2269500,4,"Guided+SIMD+Align+Affin,",2.267,21.71,90.5,0.004,82.52,0,""
"6k_6p3.mtx",6001,6001,6.30,2269500,4,"Static+SIMD+Align+Affin,",0.783,62.86,261.9,0.004,93.96,0,""
"6k_6p3.mtx",6001,6001,6.30,2269500,8,"Static (default)",22.024,2.24,9.3,3.290,0.00,0,""
"6k_6p3.mtx",6001,6001,6.30,2269500,8,"Static, chunk=8",6.769,7.29,30.4,1.985,69.27,0,""
"6k_6p3.mtx",6001,6001,6.30,2269500,8,"Static, chunk=32",6.293,7.84,32.7,0.046,71.43,0,""
"6k_6p3.mtx",6001,6001,6.30,2269500,8,"Dynamic, chunk=8",17.731,2.78,11.6,4.649,19.49,0,""
"6k_6p3.mtx",6001,6001,6.30,2269500,8,"Dynamic, chunk=16",19.743,2.50,10.4,3.806,10.36,0,""
"6k_6p3.mtx",6001,6001,6.30,2269500,8,"Dynamic, chunk=32",23.788,2.07,8.6,5.370,,0,""
"6k_6p3.mtx",6001,6001,6.30,2269500,8,"Dynamic, chunk=64",25.139,1.96,8.2,4.763,,0,""
"6k_6p3.mtx",6001,6001,6.30,2269500,8,"Guided, chunk=8",6.289,7.85,32.7,0.219,71.45,0,""
"6k_6p3.mtx",6001,6001,6.30,2269500,8,"Guided, chunk=16",6.273,7.87,32.8,0.175,71.52,0,""
"6k_6p3.mtx",6001,6001,6.30,2269500,8,"Guided, chunk=32",6.381,7.73,32.2,0.246,71.03,0,""
"6k_6p3.mtx",6001,6001,6.30,2269500,8,"Auto (runtime)",6.108,8.08,33.7,0.022,72.27,0,""
"6k_6p3.mtx",6001,6001,6.30,2269500,8,"Static+SIMD, chunk=8",0.400,123.50,514.6,0.004,98.19,0,""
"6k_6p3.mtx",6001,6001,6.30,2269500,8,"Static+SIMD, chunk=16",0.397,124.24,517.7,0.004,98.20,0,""
"6k_6p3.mtx",6001,6001,6.30,2269500,8,"Static+SIMD, chunk=32",0.397,124.17,517.4,0.004,98.20,0,""
"6k_6p3.mtx",6001,6001,6.30,2269500,8,"Dynamic+SIMD, chunk=8",0.447,110.49,460.4,0.006,97.97,0,""
"6k_6p3.mtx",6001,6001,6.30,2269500,8,"Dynamic+SIMD, chunk=16",0.409,120.75,503.1,0.004,98.14,0,""
"6k_6p3.mtx",6001,6001,6.30,2269500,8,"Dynamic+SIMD, chunk=32",0.402,122.87,511.9,0.005,98.18,0,""
"6k_6p3.mtx",6001,6001,6.30,2269500,8,"Guided+SIMD, chunk=8",1.021,48.31,201.3,0.004,95.36,0,""
"6k_6p3.mtx",6001,6001,6.30,2269500,8,"Guided+SIMD, chunk=16",1.022,48.30,201.3,0.004,95.36,0,""
"6k_6p3.mtx",6001,6001,6.30,2269500,8,"Guided+SIMD, chunk=32",1.020,48.37,201.6,0.003,95.37,0,""
"6k_6p3.mtx",6001,6001,6.30,2269500,8,"Static+SIMD+Affinity,",0.398,123.87,516.1,0.005,98.19,0,""
"6k_6p3.mtx",6001,6001,6.30,2269500,8,"Static+SIMD+Affinity,",0.399,123.71,515.5,0.005,98.19,0,""
"6k_6p3.mtx",6001,6001,6.30,2269500,8,"Guided+SIMD+Affinity,",1.022,48.27,201.1,0.005,95.36,0,""
"6k_6p3.mtx",6001,6001,6.30,2269500,8,"Guided+SIMD+Register,",1.020,48.38,201.6,0.002,95.37,0,""
"6k_6p3.mtx",6001,6001,6.30,2269500,8,"Guided+SIMD+Register,",1.019,48.40,201.7,0.002,95.37,0,""
"6k_6p3.mtx",6001,6001,6.30,2269500,8,"Static+SIMD+Register,",0.399,123.78,515.8,0.005,98.19,0,""
"6k_6p3.mtx",6001,6001,6.30,2269500,8,"Static+SIMD+Register,",0.398,123.93,516.4,0.005,98.19,0,""
"6k_6p3.mtx",6001,6001,6.30,2269500,8,"Task-based+SIMD",39.078,1.26,5.3,10.882,,0,""
"6k_6p3.mtx",6001,6001,6.30,2269500,8,"Guided+SIMD+Align+Affin,",10.382,4.75,19.8,1.477,52.86,0,""
"6k_6p3.mtx",6001,6001,6.30,2269500,8,"Static+SIMD+Align+Affin,",10.255,4.81,20.0,1.001,53.44,0,""
"6k_6p3.mtx",6001,6001,6.30,2269500,12,"Static (default)",19.856,2.56,10.7,2.683,0.00,0,""
"6k_6p3.mtx",6001,6001,6.30,2269500,12,"Static, chunk=8",16.884,3.02,12.6,5.743,14.96,0,""
"6k_6p3.mtx",6001,6001,6.30,2269500,12,"Static, chunk=32",7.078,7.19,30.0,4.978,64.35,0,""
"6k_6p3.mtx",6001,6001,6.30,2269500,12,"Dynamic, chunk=8",4.431,11.49,47.9,0.064,77.69,0,""
"6k_6p3.mtx",6001,6001,6.30,2269500,12,"Dynamic, chunk=16",12.203,4.17,17.4,5.762,38.54,0,""
"6k_6p3.mtx",6001,6001,6.30,2269500,12,"Dynamic, chunk=32",11.321,4.50,18.7,6.722,42.98,0,""
"6k_6p3.mtx",6001,6001,6.30,2269500,12,"Dynamic, chunk=64",17.322,2.94,12.2,3.600,12.76,0,""
"6k_6p3.mtx",6001,6001,6.30,2269500,12,"Guided, chunk=8",14.749,3.45,14.4,4.677,25.72,0,""
"6k_6p3.mtx",6001,6001,6.30,2269500,12,"Guided, chunk=16",18.015,2.83,11.8,2.123,9.27,0,""
"6k_6p3.mtx",6001,6001,6.30,2269500,12,"Guided, chunk=32",18.820,2.70,11.3,2.050,5.22,0,""
"6k_6p3.mtx",6001,6001,6.30,2269500,12,"Auto (runtime)",19.849,2.56,10.7,1.916,0.03,0,""
"6k_6p3.mtx",6001,6001,6.30,2269500,12,"Static+SIMD, chunk=8",4.145,12.28,51.2,5.536,79.13,0,""
"6k_6p3.mtx",6001,6001,6.30,2269500,12,"Static+SIMD, chunk=16",0.270,188.45,785.2,0.006,98.64,0,""
"6k_6p3.mtx",6001,6001,6.30,2269500,12,"Static+SIMD, chunk=32",0.269,189.23,788.5,0.007,98.65,0,""
"6k_6p3.mtx",6001,6001,6.30,2269500,12,"Dynamic+SIMD, chunk=8",0.309,164.56,685.7,0.006,98.44,0,""
"6k_6p3.mtx",6001,6001,6.30,2269500,12,"Dynamic+SIMD, chunk=16",0.280,181.52,756.3,0.005,98.59,0,""
"6k_6p3.mtx",6001,6001,6.30,2269500,12,"Dynamic+SIMD, chunk=32",0.274,185.64,773.5,0.005,98.62,0,""
"6k_6p3.mtx",6001,6001,6.30,2269500,12,"Guided+SIMD, chunk=8",0.722,70.53,293.9,0.006,96.36,0,""
"6k_6p3.mtx",6001,6001,6.30,2269500,12,"Guided+SIMD, chunk=16",0.720,70.75,294.8,0.005,96.38,0,""
"6k_6p3.mtx",6001,6001,6.30,2269500,12,"Guided+SIMD, chunk=32",0.721,70.63,294.3,0.005,96.37,0,""
"6k_6p3.mtx",6001,6001,6.30,2269500,12,"Static+SIMD+Affinity,",0.269,189.21,788.4,0.006,98.64,0,""
"6k_6p3.mtx",6001,6001,6.30,2269500,12,"Static+SIMD+Affinity,",0.268,190.08,792.0,0.005,98.65,0,""
"6k_6p3.mtx",6001,6001,6.30,2269500,12,"Guided+SIMD+Affinity,",0.722,70.55,293.9,0.005,96.37,0,""
"6k_6p3.mtx",6001,6001,6.30,2269500,12,"Guided+SIMD+Register,",0.721,70.65,294.4,0.004,96.37,0,""
"6k_6p3.mtx",6001,6001,6.30,2269500,12,"Guided+SIMD+Register,",0.721,70.65,294.4,0.005,96.37,0,""
"6k_6p3.mtx",6001,6001,6.30,2269500,12,"Static+SIMD+Register,",0.267,190.57,794.0,0.003,98.65,0,""
"6k_6p3.mtx",6001,6001,6.30,2269500,12,"Static+SIMD+Register,",0.268,189.92,791.3,0.004,98.65,0,""
"6k_6p3.mtx",6001,6001,6.30,2269500,12,"Task-based+SIMD",50.587,1.01,4.2,11.304,,0,""
"6k_6p3.mtx",6001,6001,6.30,2269500,12,"Guided+SIMD+Align+Affin,",11.280,4.51,18.8,6.220,43.19,0,""
"6k_6p3.mtx",6001,6001,6.30,2269500,12,"Static+SIMD+Align+Affin,",5.267,9.66,40.3,5.704,73.47,0,""
"6k_6p3.mtx",6001,6001,6.30,2269500,16,"Static (default)",16.662,2.96,12.3,6.125,0.00,0,""
"6k_6p3.mtx",6001,6001,6.30,2269500,16,"Static, chunk=8",14.315,3.44,14.3,3.699,14.09,0,""
"6k_6p3.mtx",6001,6001,6.30,2269500,16,"Static, chunk=32",15.730,3.13,13.1,2.792,5.59,0,""
"6k_6p3.mtx",6001,6001,6.30,2269500,16,"Dynamic, chunk=8",15.885,3.10,12.9,4.592,4.66,0,""
"6k_6p3.mtx",6001,6001,6.30,2269500,16,"Dynamic, chunk=16",16.923,2.91,12.1,2.888,,0,""
"6k_6p3.mtx",6001,6001,6.30,2269500,16,"Dynamic, chunk=32",14.521,3.39,14.1,4.830,12.85,0,""
"6k_6p3.mtx",6001,6001,6.30,2269500,16,"Dynamic, chunk=64",3.253,15.16,63.1,0.043,80.48,0,""
"6k_6p3.mtx",6001,6001,6.30,2269500,16,"Guided, chunk=8",3.375,14.60,60.8,0.132,79.74,0,""
"6k_6p3.mtx",6001,6001,6.30,2269500,16,"Guided, chunk=16",3.456,14.26,59.4,0.146,79.26,0,""
"6k_6p3.mtx",6001,6001,6.30,2269500,16,"Guided, chunk=32",3.430,14.37,59.9,0.146,79.41,0,""
"6k_6p3.mtx",6001,6001,6.30,2269500,16,"Auto (runtime)",3.334,14.78,61.6,0.151,79.99,0,""
"6k_6p3.mtx",6001,6001,6.30,2269500,16,"Static+SIMD, chunk=8",0.209,236.10,983.8,0.003,98.75,0,""
"6k_6p3.mtx",6001,6001,6.30,2269500,16,"Static+SIMD, chunk=16",0.206,239.78,999.1,0.003,98.77,0,""
"6k_6p3.mtx",6001,6001,6.30,2269500,16,"Static+SIMD, chunk=32",0.205,240.44,1001.8,0.003,98.77,0,""
"6k_6p3.mtx",6001,6001,6.30,2269500,16,"Dynamic+SIMD, chunk=8",0.249,197.99,825.0,0.004,98.51,0,""
"6k_6p3.mtx",6001,6001,6.30,2269500,16,"Dynamic+SIMD, chunk=16",0.218,225.71,940.5,0.003,98.69,0,""
"6k_6p3.mtx",6001,6001,6.30,2269500,16,"Dynamic+SIMD, chunk=32",3.849,12.81,53.4,5.423,76.90,0,""
"6k_6p3.mtx",6001,6001,6.30,2269500,16,"Guided+SIMD, chunk=8",11.264,4.38,18.2,1.604,32.40,0,""
"6k_6p3.mtx",6001,6001,6.30,2269500,16,"Guided+SIMD, chunk=16",17.716,2.78,11.6,4.020,,0,""
"6k_6p3.mtx",6001,6001,6.30,2269500,16,"Guided+SIMD, chunk=32",11.232,4.39,18.3,7.744,32.59,0,""
"6k_6p3.mtx",6001,6001,6.30,2269500,16,"Static+SIMD+Affinity,",12.584,3.92,16.3,3.286,24.47,0,""
"6k_6p3.mtx",6001,6001,6.30,2269500,16,"Static+SIMD+Affinity,",11.829,4.17,17.4,2.533,29.01,0,""
"6k_6p3.mtx",6001,6001,6.30,2269500,16,"Guided+SIMD+Affinity,",2.087,23.63,98.4,4.403,87.48,0,""
"6k_6p3.mtx",6001,6001,6.30,2269500,16,"Guided+SIMD+Register,",0.560,88.04,366.8,0.006,96.64,0,""
"6k_6p3.mtx",6001,6001,6.30,2269500,16,"Guided+SIMD+Register,",0.560,88.02,366.7,0.005,96.64,0,""
"6k_6p3.mtx",6001,6001,6.30,2269500,16,"Static+SIMD+Register,",0.203,242.31,1009.6,0.004,98.78,0,""
"6k_6p3.mtx",6001,6001,6.30,2269500,16,"Static+SIMD+Register,",0.206,239.63,998.5,0.004,98.77,0,""
"6k_6p3.mtx",6001,6001,6.30,2269500,16,"Task-based+SIMD",48.550,1.02,4.2,11.261,,0,""
"6k_6p3.mtx",6001,6001,6.30,2269500,16,"Guided+SIMD+Align+Affin,",10.008,4.93,20.5,2.536,39.93,0,""
"6k_6p3.mtx",6001,6001,6.30,2269500,16,"Static+SIMD+Align+Affin,",9.228,5.34,22.3,3.330,44.61,0,""
"6k_6p3.mtx",6001,6001,6.30,2269500,18,"Static (default)",17.152,2.87,12.0,3.435,0.00,0,""
"6k_6p3.mtx",6001,6001,6.30,2269500,18,"Static, chunk=8",16.716,2.95,12.3,3.387,2.54,0,""
"6k_6p3.mtx",6001,6001,6.30,2269500,18,"Static, chunk=32",13.568,3.63,15.1,3.900,20.90,0,""
"6k_6p3.mtx",6001,6001,6.30,2269500,18,"Dynamic, chunk=8",5.769,8.55,35.6,4.960,66.37,0,""
"6k_6p3.mtx",6001,6001,6.30,2269500,18,"Dynamic, chunk=16",6.565,7.51,31.3,5.427,61.73,0,""
"6k_6p3.mtx",6001,6001,6.30,2269500,18,"Dynamic, chunk=32",13.565,3.63,15.1,2.561,20.91,0,""
"6k_6p3.mtx",6001,6001,6.30,2269500,18,"Dynamic, chunk=64",14.625,3.37,14.0,5.549,14.73,0,""
"6k_6p3.mtx",6001,6001,6.30,2269500,18,"Guided, chunk=8",13.519,3.65,15.2,5.289,21.18,0,""
"6k_6p3.mtx",6001,6001,6.30,2269500,18,"Guided, chunk=16",16.205,3.04,12.7,5.503,5.52,0,""
"6k_6p3.mtx",6001,6001,6.30,2269500,18,"Guided, chunk=32",7.862,6.27,26.1,5.587,54.16,0,""
"6k_6p3.mtx",6001,6001,6.30,2269500,18,"Auto (runtime)",9.067,5.44,22.7,5.718,47.14,0,""
"6k_6p3.mtx",6001,6001,6.30,2269500,18,"Static+SIMD, chunk=8",9.904,4.98,20.7,1.975,42.26,0,""
"6k_6p3.mtx",6001,6001,6.30,2269500,18,"Static+SIMD, chunk=16",0.202,243.67,1015.3,0.005,98.82,0,""
"6k_6p3.mtx",6001,6001,6.30,2269500,18,"Static+SIMD, chunk=32",9.810,5.03,20.9,2.387,42.81,0,""
"6k_6p3.mtx",6001,6001,6.30,2269500,18,"Dynamic+SIMD, chunk=8",10.812,4.56,19.0,1.982,36.97,0,""
"6k_6p3.mtx",6001,6001,6.30,2269500,18,"Dynamic+SIMD, chunk=16",10.726,4.60,19.1,2.503,37.47,0,""
"6k_6p3.mtx",6001,6001,6.30,2269500,18,"Dynamic+SIMD, chunk=32",9.716,5.07,21.1,1.690,43.36,0,""
"6k_6p3.mtx",6001,6001,6.30,2269500,18,"Guided+SIMD, chunk=8",10.362,4.76,19.8,2.031,39.59,0,""
"6k_6p3.mtx",6001,6001,6.30,2269500,18,"Guided+SIMD, chunk=16",14.192,3.47,14.5,3.697,17.26,0,""
"6k_6p3.mtx",6001,6001,6.30,2269500,18,"Guided+SIMD, chunk=32",13.359,3.69,15.4,3.116,22.11,0,""
"6k_6p3.mtx",6001,6001,6.30,2269500,18,"Static+SIMD+Affinity,",11.017,4.47,18.6,1.393,35.77,0,""
"6k_6p3.mtx",6001,6001,6.30,2269500,18,"Static+SIMD+Affinity,",11.006,4.48,18.7,3.948,35.83,0,""
"6k_6p3.mtx",6001,6001,6.30,2269500,18,"Guided+SIMD+Affinity,",3.095,15.93,66.4,4.308,81.95,0,""
"6k_6p3.mtx",6001,6001,6.30,2269500,18,"Guided+SIMD+Register,",11.214,4.40,18.3,2.263,34.62,0,""
"6k_6p3.mtx",6001,6001,6.30,2269500,18,"Guided+SIMD+Register,",10.524,4.68,19.5,2.029,38.64,0,""
"6k_6p3.mtx",6001,6001,6.30,2269500,18,"Static+SIMD+Register,",8.306,5.93,24.7,5.170,51.58,0,""
"6k_6p3.mtx",6001,6001,6.30,2269500,18,"Static+SIMD+Register,",0.202,244.27,1017.8,0.005,98.82,0,""
"6k_6p3.mtx",6001,6001,6.30,2269500,18,"Task-based+SIMD",59.080,0.83,3.5,13.975,,0,""
"6k_6p3.mtx",6001,6001,6.30,2269500,18,"Guided+SIMD+Align+Affin,",10.498,4.70,19.6,1.590,38.80,0,""
"6k_6p3.mtx",6001,6001,6.30,2269500,18,"Static+SIMD+Align+Affin,",3.645,13.53,56.4,4.588,78.75,0,""
"6k_6p3.mtx",6001,6001,6.30,2269500,20,"Static (default)",5.882,8.38,34.9,6.964,0.00,0,""
"6k_6p3.mtx",6001,6001,6.30,2269500,20,"Static, chunk=8",3.547,13.90,57.9,2.705,39.70,0,""
"6k_6p3.mtx",6001,6001,6.30,2269500,20,"Static, chunk=32",17.943,2.75,11.5,4.915,,0,""
"6k_6p3.mtx",6001,6001,6.30,2269500,20,"Dynamic, chunk=8",13.856,3.56,14.8,6.603,,0,""
"6k_6p3.mtx",6001,6001,6.30,2269500,20,"Dynamic, chunk=16",5.578,8.84,36.8,3.968,5.18,0,""
"6k_6p3.mtx",6001,6001,6.30,2269500,20,"Dynamic, chunk=32",2.707,18.22,75.9,0.055,53.98,0,""
"6k_6p3.mtx",6001,6001,6.30,2269500,20,"Dynamic, chunk=64",2.707,18.22,75.9,0.058,53.98,0,""
"6k_6p3.mtx",6001,6001,6.30,2269500,20,"Guided, chunk=8",2.753,17.91,74.6,0.190,53.20,0,""
"6k_6p3.mtx",6001,6001,6.30,2269500,20,"Guided, chunk=16",2.804,17.58,73.3,0.187,52.32,0,""
"6k_6p3.mtx",6001,6001,6.30,2269500,20,"Guided, chunk=32",2.756,17.89,74.6,0.161,53.15,0,""
"6k_6p3.mtx",6001,6001,6.30,2269500,20,"Auto (runtime)",2.495,19.77,82.4,0.033,57.59,0,""
"6k_6p3.mtx",6001,6001,6.30,2269500,20,"Static+SIMD, chunk=8",0.174,284.22,1184.2,0.003,97.05,0,""
"6k_6p3.mtx",6001,6001,6.30,2269500,20,"Static+SIMD, chunk=16",0.171,288.67,1202.8,0.002,97.10,0,""
"6k_6p3.mtx",6001,6001,6.30,2269500,20,"Static+SIMD, chunk=32",0.203,242.66,1011.1,0.002,96.55,0,""
"6k_6p3.mtx",6001,6001,6.30,2269500,20,"Dynamic+SIMD, chunk=8",0.210,234.76,978.2,0.003,96.43,0,""
"6k_6p3.mtx",6001,6001,6.30,2269500,20,"Dynamic+SIMD, chunk=16",0.184,267.87,1116.1,0.002,96.87,0,""
"6k_6p3.mtx",6001,6001,6.30,2269500,20,"Dynamic+SIMD, chunk=32",0.211,233.59,973.3,0.004,96.41,0,""
"6k_6p3.mtx",6001,6001,6.30,2269500,20,"Guided+SIMD, chunk=8",0.457,107.92,449.7,0.004,92.23,0,""
"6k_6p3.mtx",6001,6001,6.30,2269500,20,"Guided+SIMD, chunk=16",0.457,107.91,449.6,0.004,92.23,0,""
"6k_6p3.mtx",6001,6001,6.30,2269500,20,"Guided+SIMD, chunk=32",0.456,108.12,450.5,0.003,92.25,0,""
"6k_6p3.mtx",6001,6001,6.30,2269500,20,"Static+SIMD+Affinity,",0.170,289.56,1206.5,0.002,97.10,0,""
"6k_6p3.mtx",6001,6001,6.30,2269500,20,"Static+SIMD+Affinity,",0.203,243.51,1014.6,0.002,96.56,0,""
"6k_6p3.mtx",6001,6001,6.30,2269500,20,"Guided+SIMD+Affinity,",0.456,108.06,450.3,0.003,92.24,0,""
"6k_6p3.mtx",6001,6001,6.30,2269500,20,"Guided+SIMD+Register,",0.457,107.80,449.1,0.004,92.22,0,""
"6k_6p3.mtx",6001,6001,6.30,2269500,20,"Guided+SIMD+Register,",0.456,108.09,450.4,0.003,92.24,0,""
"6k_6p3.mtx",6001,6001,6.30,2269500,20,"Static+SIMD+Register,",0.203,243.39,1014.1,0.003,96.56,0,""
"6k_6p3.mtx",6001,6001,6.30,2269500,20,"Static+SIMD+Register,",0.171,288.18,1200.7,0.002,97.09,0,""
"6k_6p3.mtx",6001,6001,6.30,2269500,20,"Task-based+SIMD",68.155,0.72,3.0,13.389,,0,""
"6k_6p3.mtx",6001,6001,6.30,2269500,20,"Guided+SIMD+Align+Affin,",2.814,17.53,73.0,3.681,52.16,0,""
"6k_6p3.mtx",6001,6001,6.30,2269500,20,"Static+SIMD+Align+Affin,",0.205,240.37,1001.6,0.006,96.51,0,""
"6k_6p3.mtx",6001,6001,6.30,2269500,22,"Static (default)",16.229,3.13,13.0,3.931,0.00,0,""
"6k_6p3.mtx",6001,6001,6.30,2269500,22,"Static, chunk=8",17.000,2.99,12.4,7.074,,0,""
"6k_6p3.mtx",6001,6001,6.30,2269500,22,"Static, chunk=32",13.540,3.75,15.6,5.926,16.57,0,""
"6k_6p3.mtx",6001,6001,6.30,2269500,22,"Dynamic, chunk=8",2.398,21.16,88.2,0.035,85.22,0,""
"6k_6p3.mtx",6001,6001,6.30,2269500,22,"Dynamic, chunk=16",2.409,21.07,87.8,0.034,85.15,0,""
"6k_6p3.mtx",6001,6001,6.30,2269500,22,"Dynamic, chunk=32",2.398,21.16,88.2,0.034,85.22,0,""
"6k_6p3.mtx",6001,6001,6.30,2269500,22,"Dynamic, chunk=64",2.615,19.41,80.9,0.008,83.88,0,""
"6k_6p3.mtx",6001,6001,6.30,2269500,22,"Guided, chunk=8",2.330,21.78,90.8,0.072,85.64,0,""
"6k_6p3.mtx",6001,6001,6.30,2269500,22,"Guided, chunk=16",2.412,21.05,87.7,0.130,85.14,0,""
"6k_6p3.mtx",6001,6001,6.30,2269500,22,"Guided, chunk=32",2.462,20.61,85.9,0.130,84.83,0,""
"6k_6p3.mtx",6001,6001,6.30,2269500,22,"Auto (runtime)",2.258,22.48,93.7,0.012,86.09,0,""
"6k_6p3.mtx",6001,6001,6.30,2269500,22,"Static+SIMD, chunk=8",0.155,326.66,1361.1,0.002,99.04,0,""
"6k_6p3.mtx",6001,6001,6.30,2269500,22,"Static+SIMD, chunk=16",0.172,294.81,1228.4,0.004,98.94,0,""
"6k_6p3.mtx",6001,6001,6.30,2269500,22,"Static+SIMD, chunk=32",0.202,251.69,1048.7,0.003,98.76,0,""
"6k_6p3.mtx",6001,6001,6.30,2269500,22,"Dynamic+SIMD, chunk=8",0.193,263.20,1096.7,0.005,98.81,0,""
"6k_6p3.mtx",6001,6001,6.30,2269500,22,"Dynamic+SIMD, chunk=16",0.182,279.53,1164.7,0.003,98.88,0,""
"6k_6p3.mtx",6001,6001,6.30,2269500,22,"Dynamic+SIMD, chunk=32",0.208,243.52,1014.7,0.002,98.72,0,""
"6k_6p3.mtx",6001,6001,6.30,2269500,22,"Guided+SIMD, chunk=8",0.411,123.42,514.3,0.006,97.47,0,""
"6k_6p3.mtx",6001,6001,6.30,2269500,22,"Guided+SIMD, chunk=16",0.409,123.96,516.5,0.007,97.48,0,""
"6k_6p3.mtx",6001,6001,6.30,2269500,22,"Guided+SIMD, chunk=32",0.409,124.02,516.7,0.006,97.48,0,""
"6k_6p3.mtx",6001,6001,6.30,2269500,22,"Static+SIMD+Affinity,",0.172,295.38,1230.8,0.005,98.94,0,""
"6k_6p3.mtx",6001,6001,6.30,2269500,22,"Static+SIMD+Affinity,",0.202,250.67,1044.4,0.004,98.75,0,""
"6k_6p3.mtx",6001,6001,6.30,2269500,22,"Guided+SIMD+Affinity,",0.412,123.21,513.4,0.007,97.46,0,""
"6k_6p3.mtx",6001,6001,6.30,2269500,22,"Guided+SIMD+Register,",0.410,123.87,516.1,0.005,97.48,0,""
"6k_6p3.mtx",6001,6001,6.30,2269500,22,"Guided+SIMD+Register,",0.411,123.55,514.8,0.006,97.47,0,""
"6k_6p3.mtx",6001,6001,6.30,2269500,22,"Static+SIMD+Register,",0.202,251.39,1047.5,0.003,98.76,0,""
"6k_6p3.mtx",6001,6001,6.30,2269500,22,"Static+SIMD+Register,",0.172,295.45,1231.0,0.005,98.94,0,""
"6k_6p3.mtx",6001,6001,6.30,2269500,22,"Task-based+SIMD",75.298,0.67,2.8,15.748,,0,""
"6k_6p3.mtx",6001,6001,6.30,2269500,22,"Guided+SIMD+Align+Affin,",3.697,13.73,57.2,4.947,77.22,0,""
"6k_6p3.mtx",6001,6001,6.30,2269500,22,"Static+SIMD+Align+Affin,",10.875,4.67,19.4,3.106,32.99,0,""
"6k_6p3.mtx",6001,6001,6.30,2269500,24,"Static (default)",13.572,3.63,15.1,5.381,0.00,0,""
"6k_6p3.mtx",6001,6001,6.30,2269500,24,"Static, chunk=8",5.817,8.47,35.3,7.066,57.14,0,""
"6k_6p3.mtx",6001,6001,6.30,2269500,24,"Static, chunk=32",2.201,22.38,93.2,0.056,83.78,0,""
"6k_6p3.mtx",6001,6001,6.30,2269500,24,"Dynamic, chunk=8",2.267,21.73,90.5,0.041,83.30,0,""
"6k_6p3.mtx",6001,6001,6.30,2269500,24,"Dynamic, chunk=16",3.483,14.14,58.9,3.136,74.34,0,""
"6k_6p3.mtx",6001,6001,6.30,2269500,24,"Dynamic, chunk=32",15.269,3.23,13.4,3.027,,0,""
"6k_6p3.mtx",6001,6001,6.30,2269500,24,"Dynamic, chunk=64",13.610,3.62,15.1,6.921,,0,""
"6k_6p3.mtx",6001,6001,6.30,2269500,24,"Guided, chunk=8",18.588,2.65,11.0,4.302,,0,""
"6k_6p3.mtx",6001,6001,6.30,2269500,24,"Guided, chunk=16",15.731,3.13,13.0,2.743,,0,""
"6k_6p3.mtx",6001,6001,6.30,2269500,24,"Guided, chunk=32",15.187,3.24,13.5,4.510,,0,""
"6k_6p3.mtx",6001,6001,6.30,2269500,24,"Auto (runtime)",13.252,3.72,15.5,4.646,2.35,0,""
"6k_6p3.mtx",6001,6001,6.30,2269500,24,"Static+SIMD, chunk=8",12.824,3.84,16.0,4.160,5.51,0,""
"6k_6p3.mtx",6001,6001,6.30,2269500,24,"Static+SIMD, chunk=16",1.696,29.05,121.0,3.333,87.51,0,""
"6k_6p3.mtx",6001,6001,6.30,2269500,24,"Static+SIMD, chunk=32",0.139,353.09,1471.2,0.003,98.97,0,""
"6k_6p3.mtx",6001,6001,6.30,2269500,24,"Dynamic+SIMD, chunk=8",11.557,4.26,17.8,7.073,14.85,0,""
"6k_6p3.mtx",6001,6001,6.30,2269500,24,"Dynamic+SIMD, chunk=16",12.720,3.87,16.1,2.886,6.28,0,""
"6k_6p3.mtx",6001,6001,6.30,2269500,24,"Dynamic+SIMD, chunk=32",11.527,4.27,17.8,3.224,15.07,0,""
"6k_6p3.mtx",6001,6001,6.30,2269500,24,"Guided+SIMD, chunk=8",11.361,4.34,18.1,1.252,16.29,0,""
"6k_6p3.mtx",6001,6001,6.30,2269500,24,"Guided+SIMD, chunk=16",11.973,4.11,17.1,4.835,11.78,0,""
"6k_6p3.mtx",6001,6001,6.30,2269500,24,"Guided+SIMD, chunk=32",0.389,126.63,527.6,0.004,97.13,0,""
"6k_6p3.mtx",6001,6001,6.30,2269500,24,"Static+SIMD+Affinity,",0.139,353.29,1472.0,0.001,98.97,0,""
"6k_6p3.mtx",6001,6001,6.30,2269500,24,"Static+SIMD+Affinity,",0.140,352.72,1469.7,0.002,98.97,0,""
"6k_6p3.mtx",6001,6001,6.30,2269500,24,"Guided+SIMD+Affinity,",0.389,126.63,527.6,0.004,97.13,0,""
"6k_6p3.mtx",6001,6001,6.30,2269500,24,"Guided+SIMD+Register,",0.389,126.63,527.6,0.003,97.13,0,""
"6k_6p3.mtx",6001,6001,6.30,2269500,24,"Guided+SIMD+Register,",0.389,126.75,528.1,0.003,97.14,0,""
"6k_6p3.mtx",6001,6001,6.30,2269500,24,"Static+SIMD+Register,",5.433,9.07,37.8,5.177,59.97,0,""
"6k_6p3.mtx",6001,6001,6.30,2269500,24,"Static+SIMD+Register,",3.657,13.47,56.1,4.600,73.06,0,""
"6k_6p3.mtx",6001,6001,6.30,2269500,24,"Task-based+SIMD",77.884,0.63,2.6,9.976,,0,""
"6k_6p3.mtx",6001,6001,6.30,2269500,24,"Guided+SIMD+Align+Affin,",9.994,4.93,20.5,2.380,26.36,0,""
"6k_6p3.mtx",6001,6001,6.30,2269500,24,"Static+SIMD+Align+Affin,",9.647,5.11,21.3,2.857,28.92,0,""
"9k_0p77.mtx",8738,8738,0.78,591904,1,"Static (default)",102.880,1.01,4.2,0.185,0.00,0,""
"9k_0p77.mtx",8738,8738,0.78,591904,1,"Static, chunk=8",102.810,1.01,4.2,0.028,0.07,0,""
"9k_0p77.mtx",8738,8738,0.78,591904,1,"Static, chunk=32",113.184,0.91,3.8,26.139,,0,""
"9k_0p77.mtx",8738,8738,0.78,591904,1,"Dynamic, chunk=8",102.846,1.01,4.2,0.028,0.03,0,""
"9k_0p77.mtx",8738,8738,0.78,591904,1,"Dynamic, chunk=16",102.829,1.01,4.2,0.029,0.05,0,""
"9k_0p77.mtx",8738,8738,0.78,591904,1,"Dynamic, chunk=32",102.809,1.01,4.2,0.042,0.07,0,""
"9k_0p77.mtx",8738,8738,0.78,591904,1,"Dynamic, chunk=64",102.817,1.01,4.2,0.102,0.06,0,""
"9k_0p77.mtx",8738,8738,0.78,591904,1,"Guided, chunk=8",103.329,1.00,4.2,2.659,,0,""
"9k_0p77.mtx",8738,8738,0.78,591904,1,"Guided, chunk=16",104.716,0.99,4.1,6.776,,0,""
"9k_0p77.mtx",8738,8738,0.78,591904,1,"Guided, chunk=32",102.820,1.01,4.2,0.047,0.06,0,""
"9k_0p77.mtx",8738,8738,0.78,591904,1,"Auto (runtime)",104.934,0.99,4.1,8.595,,0,""
"9k_0p77.mtx",8738,8738,0.78,591904,1,"Static+SIMD, chunk=8",0.692,149.73,623.9,0.009,99.33,0,""
"9k_0p77.mtx",8738,8738,0.78,591904,1,"Static+SIMD, chunk=16",0.683,151.71,632.1,0.008,99.34,0,""
"9k_0p77.mtx",8738,8738,0.78,591904,1,"Static+SIMD, chunk=32",0.680,152.40,635.0,0.006,99.34,0,""
"9k_0p77.mtx",8738,8738,0.78,591904,1,"Dynamic+SIMD, chunk=8",0.718,144.23,601.0,0.007,99.30,0,""
"9k_0p77.mtx",8738,8738,0.78,591904,1,"Dynamic+SIMD, chunk=16",0.699,148.22,617.6,0.007,99.32,0,""
"9k_0p77.mtx",8738,8738,0.78,591904,1,"Dynamic+SIMD, chunk=32",0.689,150.22,625.9,0.006,99.33,0,""
"9k_0p77.mtx",8738,8738,0.78,591904,1,"Guided+SIMD, chunk=8",0.673,153.79,640.8,0.006,99.35,0,""
"9k_0p77.mtx",8738,8738,0.78,591904,1,"Guided+SIMD, chunk=16",0.672,154.04,641.8,0.005,99.35,0,""
"9k_0p77.mtx",8738,8738,0.78,591904,1,"Guided+SIMD, chunk=32",0.673,153.91,641.3,0.005,99.35,0,""
"9k_0p77.mtx",8738,8738,0.78,591904,1,"Static+SIMD+Affinity,",0.675,153.45,639.4,0.005,99.34,0,""
"9k_0p77.mtx",8738,8738,0.78,591904,1,"Static+SIMD+Affinity,",0.673,153.91,641.3,0.005,99.35,0,""
"9k_0p77.mtx",8738,8738,0.78,591904,1,"Guided+SIMD+Affinity,",0.678,152.76,636.5,0.005,99.34,0,""
"9k_0p77.mtx",8738,8738,0.78,591904,1,"Guided+SIMD+Register,",0.670,154.47,643.6,0.004,99.35,0,""
"9k_0p77.mtx",8738,8738,0.78,591904,1,"Guided+SIMD+Register,",0.671,154.42,643.4,0.005,99.35,0,""
"9k_0p77.mtx",8738,8738,0.78,591904,1,"Static+SIMD+Register,",0.673,153.91,641.3,0.004,99.35,0,""
"9k_0p77.mtx",8738,8738,0.78,591904,1,"Static+SIMD+Register,",0.676,153.16,638.2,0.005,99.34,0,""
"9k_0p77.mtx",8738,8738,0.78,591904,1,"Task-based+SIMD",0.813,127.34,530.6,0.004,99.21,0,""
"9k_0p77.mtx",8738,8738,0.78,591904,1,"Guided+SIMD+Align+Affin,",0.675,153.39,639.1,0.005,99.34,0,""
"9k_0p77.mtx",8738,8738,0.78,591904,1,"Static+SIMD+Align+Affin,",0.672,154.14,642.3,0.004,99.35,0,""
"9k_0p77.mtx",8738,8738,0.78,591904,2,"Static (default)",52.973,1.95,8.1,7.707,0.00,0,""
"9k_0p77.mtx",8738,8738,0.78,591904,2,"Static, chunk=8",53.090,1.95,8.1,6.482,,0,""
"9k_0p77.mtx",8738,8738,0.78,591904,2,"Static, chunk=32",51.597,2.00,8.4,0.019,2.60,0,""
"9k_0p77.mtx",8738,8738,0.78,591904,2,"Dynamic, chunk=8",52.965,1.95,8.1,3.921,0.01,0,""
"9k_0p77.mtx",8738,8738,0.78,591904,2,"Dynamic, chunk=16",52.440,1.97,8.2,3.697,1.00,0,""
"9k_0p77.mtx",8738,8738,0.78,591904,2,"Dynamic, chunk=32",53.964,1.92,8.0,5.693,,0,""
"9k_0p77.mtx",8738,8738,0.78,591904,2,"Dynamic, chunk=64",51.613,2.00,8.4,0.016,2.57,0,""
"9k_0p77.mtx",8738,8738,0.78,591904,2,"Guided, chunk=8",51.416,2.01,8.4,0.018,2.94,0,""
"9k_0p77.mtx",8738,8738,0.78,591904,2,"Guided, chunk=16",53.209,1.94,8.1,5.320,,0,""
"9k_0p77.mtx",8738,8738,0.78,591904,2,"Guided, chunk=32",51.408,2.01,8.4,0.037,2.95,0,""
"9k_0p77.mtx",8738,8738,0.78,591904,2,"Auto (runtime)",51.421,2.01,8.4,0.029,2.93,0,""
"9k_0p77.mtx",8738,8738,0.78,591904,2,"Static+SIMD, chunk=8",0.358,288.72,1203.0,0.004,99.32,0,""
"9k_0p77.mtx",8738,8738,0.78,591904,2,"Static+SIMD, chunk=16",0.349,296.47,1235.3,0.004,99.34,0,""
"9k_0p77.mtx",8738,8738,0.78,591904,2,"Static+SIMD, chunk=32",0.344,300.72,1253.0,0.004,99.35,0,""
"9k_0p77.mtx",8738,8738,0.78,591904,2,"Dynamic+SIMD, chunk=8",0.400,258.68,1077.8,0.004,99.25,0,""
"9k_0p77.mtx",8738,8738,0.78,591904,2,"Dynamic+SIMD, chunk=16",0.369,280.36,1168.2,0.004,99.30,0,""
"9k_0p77.mtx",8738,8738,0.78,591904,2,"Dynamic+SIMD, chunk=32",0.356,290.23,1209.3,0.005,99.33,0,""
"9k_0p77.mtx",8738,8738,0.78,591904,2,"Guided+SIMD, chunk=8",0.339,305.56,1273.2,0.005,99.36,0,""
"9k_0p77.mtx",8738,8738,0.78,591904,2,"Guided+SIMD, chunk=16",0.337,306.63,1277.6,0.004,99.36,0,""
"9k_0p77.mtx",8738,8738,0.78,591904,2,"Guided+SIMD, chunk=32",0.336,307.85,1282.7,0.003,99.37,0,""
"9k_0p77.mtx",8738,8738,0.78,591904,2,"Static+SIMD+Affinity,",0.345,299.86,1249.4,0.004,99.35,0,""
"9k_0p77.mtx",8738,8738,0.78,591904,2,"Static+SIMD+Affinity,",0.342,302.84,1261.8,0.004,99.36,0,""
"9k_0p77.mtx",8738,8738,0.78,591904,2,"Guided+SIMD+Affinity,",0.340,304.68,1269.5,0.003,99.36,0,""
"9k_0p77.mtx",8738,8738,0.78,591904,2,"Guided+SIMD+Register,",0.336,307.89,1282.9,0.004,99.37,0,""
"9k_0p77.mtx",8738,8738,0.78,591904,2,"Guided+SIMD+Register,",0.336,307.89,1282.9,0.004,99.37,0,""
"9k_0p77.mtx",8738,8738,0.78,591904,2,"Static+SIMD+Register,",0.343,301.90,1257.9,0.004,99.35,0,""
"9k_0p77.mtx",8738,8738,0.78,591904,2,"Static+SIMD+Register,",0.349,296.78,1236.6,0.005,99.34,0,""
"9k_0p77.mtx",8738,8738,0.78,591904,2,"Task-based+SIMD",3.788,27.31,113.8,2.807,92.85,0,""
"9k_0p77.mtx",8738,8738,0.78,591904,2,"Guided+SIMD+Align+Affin,",0.338,305.60,1273.4,0.005,99.36,0,""
"9k_0p77.mtx",8738,8738,0.78,591904,2,"Static+SIMD+Align+Affin,",0.346,298.77,1244.9,0.011,99.35,0,""
"9k_0p77.mtx",8738,8738,0.78,591904,4,"Static (default)",54.483,1.92,8.0,5.296,0.00,0,""
"9k_0p77.mtx",8738,8738,0.78,591904,4,"Static, chunk=8",48.297,2.17,9.0,11.366,11.35,0,""
"9k_0p77.mtx",8738,8738,0.78,591904,4,"Static, chunk=32",26.635,3.94,16.4,3.255,51.11,0,""
"9k_0p77.mtx",8738,8738,0.78,591904,4,"Dynamic, chunk=8",25.795,4.06,16.9,0.031,52.65,0,""
"9k_0p77.mtx",8738,8738,0.78,591904,4,"Dynamic, chunk=16",26.540,3.95,16.5,2.132,51.29,0,""
"9k_0p77.mtx",8738,8738,0.78,591904,4,"Dynamic, chunk=32",26.002,4.03,16.8,0.033,52.27,0,""
"9k_0p77.mtx",8738,8738,0.78,591904,4,"Dynamic, chunk=64",32.187,3.26,13.6,8.050,40.92,0,""
"9k_0p77.mtx",8738,8738,0.78,591904,4,"Guided, chunk=8",26.084,4.02,16.7,1.785,52.13,0,""
"9k_0p77.mtx",8738,8738,0.78,591904,4,"Guided, chunk=16",25.778,4.07,16.9,0.012,52.69,0,""
"9k_0p77.mtx",8738,8738,0.78,591904,4,"Guided, chunk=32",25.775,4.07,16.9,0.014,52.69,0,""
"9k_0p77.mtx",8738,8738,0.78,591904,4,"Auto (runtime)",28.797,3.64,15.2,7.673,47.14,0,""
"9k_0p77.mtx",8738,8738,0.78,591904,4,"Static+SIMD, chunk=8",0.181,577.85,2407.7,0.002,99.67,0,""
"9k_0p77.mtx",8738,8738,0.78,591904,4,"Static+SIMD, chunk=16",0.176,595.94,2483.1,0.002,99.68,0,""
"9k_0p77.mtx",8738,8738,0.78,591904,4,"Static+SIMD, chunk=32",0.174,603.74,2515.6,0.003,99.68,0,""
"9k_0p77.mtx",8738,8738,0.78,591904,4,"Dynamic+SIMD, chunk=8",0.213,492.88,2053.7,0.002,99.61,0,""
"9k_0p77.mtx",8738,8738,0.78,591904,4,"Dynamic+SIMD, chunk=16",0.188,557.96,2324.8,0.002,99.66,0,""
"9k_0p77.mtx",8738,8738,0.78,591904,4,"Dynamic+SIMD, chunk=32",0.179,584.25,2434.4,0.002,99.67,0,""
"9k_0p77.mtx",8738,8738,0.78,591904,4,"Guided+SIMD, chunk=8",0.171,614.34,2559.8,0.002,99.69,0,""
"9k_0p77.mtx",8738,8738,0.78,591904,4,"Guided+SIMD, chunk=16",0.171,614.62,2560.9,0.002,99.69,0,""
"9k_0p77.mtx",8738,8738,0.78,591904,4,"Guided+SIMD, chunk=32",0.170,615.61,2565.0,0.002,99.69,0,""
"9k_0p77.mtx",8738,8738,0.78,591904,4,"Static+SIMD+Affinity,",0.174,601.56,2506.5,0.002,99.68,0,""
"9k_0p77.mtx",8738,8738,0.78,591904,4,"Static+SIMD+Affinity,",0.172,608.62,2535.9,0.002,99.68,0,""
"9k_0p77.mtx",8738,8738,0.78,591904,4,"Guided+SIMD+Affinity,",0.172,609.51,2539.6,0.002,99.68,0,""
"9k_0p77.mtx",8738,8738,0.78,591904,4,"Guided+SIMD+Register,",0.170,616.10,2567.1,0.002,99.69,0,""
"9k_0p77.mtx",8738,8738,0.78,591904,4,"Guided+SIMD+Register,",0.170,615.18,2563.2,0.002,99.69,0,""
"9k_0p77.mtx",8738,8738,0.78,591904,4,"Static+SIMD+Register,",0.173,605.86,2524.4,0.003,99.68,0,""
"9k_0p77.mtx",8738,8738,0.78,591904,4,"Static+SIMD+Register,",0.175,599.69,2498.7,0.002,99.68,0,""
"9k_0p77.mtx",8738,8738,0.78,591904,4,"Task-based+SIMD",18.441,5.69,23.7,7.397,66.15,0,""
"9k_0p77.mtx",8738,8738,0.78,591904,4,"Guided+SIMD+Align+Affin,",0.172,611.19,2546.6,0.003,99.69,0,""
"9k_0p77.mtx",8738,8738,0.78,591904,4,"Static+SIMD+Align+Affin,",0.173,606.67,2527.8,0.003,99.68,0,""
"9k_0p77.mtx",8738,8738,0.78,591904,8,"Static (default)",34.080,3.04,12.7,4.423,0.00,0,""
"9k_0p77.mtx",8738,8738,0.78,591904,8,"Static, chunk=8",27.039,3.83,16.0,10.986,20.66,0,""
"9k_0p77.mtx",8738,8738,0.78,591904,8,"Static, chunk=32",13.180,7.86,32.8,0.008,61.33,0,""
"9k_0p77.mtx",8738,8738,0.78,591904,8,"Dynamic, chunk=8",32.272,3.21,13.4,4.668,5.30,0,""
"9k_0p77.mtx",8738,8738,0.78,591904,8,"Dynamic, chunk=16",15.276,6.78,28.3,4.333,55.18,0,""
"9k_0p77.mtx",8738,8738,0.78,591904,8,"Dynamic, chunk=32",13.177,7.86,32.8,0.008,61.33,0,""
"9k_0p77.mtx",8738,8738,0.78,591904,8,"Dynamic, chunk=64",13.195,7.85,32.7,0.008,61.28,0,""
"9k_0p77.mtx",8738,8738,0.78,591904,8,"Guided, chunk=8",12.887,8.04,33.5,0.004,62.19,0,""
"9k_0p77.mtx",8738,8738,0.78,591904,8,"Guided, chunk=16",29.996,3.45,14.4,8.559,11.98,0,""
"9k_0p77.mtx",8738,8738,0.78,591904,8,"Guided, chunk=32",22.695,4.57,19.0,10.049,33.41,0,""
"9k_0p77.mtx",8738,8738,0.78,591904,8,"Auto (runtime)",12.867,8.05,33.6,0.010,62.25,0,""
"9k_0p77.mtx",8738,8738,0.78,591904,8,"Static+SIMD, chunk=8",0.091,1143.90,4766.2,0.001,99.73,0,""
"9k_0p77.mtx",8738,8738,0.78,591904,8,"Static+SIMD, chunk=16",0.088,1178.52,4910.5,0.000,99.74,0,""
"9k_0p77.mtx",8738,8738,0.78,591904,8,"Static+SIMD, chunk=32",0.087,1186.01,4941.7,0.000,99.74,0,""
"9k_0p77.mtx",8738,8738,0.78,591904,8,"Dynamic+SIMD, chunk=8",0.113,918.62,3827.6,0.001,99.67,0,""
"9k_0p77.mtx",8738,8738,0.78,591904,8,"Dynamic+SIMD, chunk=16",0.097,1071.87,4466.1,0.000,99.72,0,""
"9k_0p77.mtx",8738,8738,0.78,591904,8,"Dynamic+SIMD, chunk=32",0.092,1124.19,4684.1,0.000,99.73,0,""
"9k_0p77.mtx",8738,8738,0.78,591904,8,"Guided+SIMD, chunk=8",0.089,1160.72,4836.3,0.000,99.74,0,""
"9k_0p77.mtx",8738,8738,0.78,591904,8,"Guided+SIMD, chunk=16",0.088,1171.00,4879.2,0.000,99.74,0,""
"9k_0p77.mtx",8738,8738,0.78,591904,8,"Guided+SIMD, chunk=32",0.088,1172.35,4884.8,0.000,99.74,0,""
"9k_0p77.mtx",8738,8738,0.78,591904,8,"Static+SIMD+Affinity,",0.087,1188.11,4950.5,0.000,99.74,0,""
"9k_0p77.mtx",8738,8738,0.78,591904,8,"Static+SIMD+Affinity,",0.087,1192.59,4969.1,0.000,99.75,0,""
"9k_0p77.mtx",8738,8738,0.78,591904,8,"Guided+SIMD+Affinity,",0.090,1157.64,4823.5,0.000,99.74,0,""
"9k_0p77.mtx",8738,8738,0.78,591904,8,"Guided+SIMD+Register,",0.088,1172.29,4884.5,0.000,99.74,0,""
"9k_0p77.mtx",8738,8738,0.78,591904,8,"Guided+SIMD+Register,",0.088,1174.16,4892.3,0.000,99.74,0,""
"9k_0p77.mtx",8738,8738,0.78,591904,8,"Static+SIMD+Register,",0.087,1188.90,4953.7,0.000,99.74,0,""
"9k_0p77.mtx",8738,8738,0.78,591904,8,"Static+SIMD+Register,",0.087,1184.90,4937.1,0.000,99.74,0,""
"9k_0p77.mtx",8738,8738,0.78,591904,8,"Task-based+SIMD",29.954,3.46,14.4,9.364,12.11,0,""
"9k_0p77.mtx",8738,8738,0.78,591904,8,"Guided+SIMD+Align+Affin,",0.089,1164.38,4851.6,0.000,99.74,0,""
"9k_0p77.mtx",8738,8738,0.78,591904,8,"Static+SIMD+Align+Affin,",0.087,1192.35,4968.1,0.000,99.74,0,""
"9k_0p77.mtx",8738,8738,0.78,591904,12,"Static (default)",29.002,3.57,14.9,4.489,0.00,0,""
"9k_0p77.mtx",8738,8738,0.78,591904,12,"Static, chunk=8",9.772,10.60,44.2,4.037,66.31,0,""
"9k_0p77.mtx",8738,8738,0.78,591904,12,"Static, chunk=32",8.684,11.93,49.7,0.007,70.06,0,""
"9k_0p77.mtx",8738,8738,0.78,591904,12,"Dynamic, chunk=8",16.940,6.12,25.5,4.793,41.59,0,""
"9k_0p77.mtx",8738,8738,0.78,591904,12,"Dynamic, chunk=16",9.269,11.18,46.6,1.999,68.04,0,""
"9k_0p77.mtx",8738,8738,0.78,591904,12,"Dynamic, chunk=32",8.683,11.93,49.7,0.007,70.06,0,""
"9k_0p77.mtx",8738,8738,0.78,591904,12,"Dynamic, chunk=64",9.045,11.45,47.7,0.004,68.81,0,""
"9k_0p77.mtx",8738,8738,0.78,591904,12,"Guided, chunk=8",8.652,11.97,49.9,0.017,70.17,0,""
"9k_0p77.mtx",8738,8738,0.78,591904,12,"Guided, chunk=16",8.665,11.96,49.8,0.007,70.12,0,""
"9k_0p77.mtx",8738,8738,0.78,591904,12,"Guided, chunk=32",10.560,9.81,40.9,4.087,63.59,0,""
"9k_0p77.mtx",8738,8738,0.78,591904,12,"Auto (runtime)",26.439,3.92,16.3,2.663,8.84,0,""
"9k_0p77.mtx",8738,8738,0.78,591904,12,"Static+SIMD, chunk=8",7.708,13.44,56.0,4.007,73.42,0,""
"9k_0p77.mtx",8738,8738,0.78,591904,12,"Static+SIMD, chunk=16",0.091,1136.44,4735.2,0.008,99.69,0,""
"9k_0p77.mtx",8738,8738,0.78,591904,12,"Static+SIMD, chunk=32",0.081,1273.49,5306.2,0.006,99.72,0,""
"9k_0p77.mtx",8738,8738,0.78,591904,12,"Dynamic+SIMD, chunk=8",0.098,1055.59,4398.3,0.002,99.66,0,""
"9k_0p77.mtx",8738,8738,0.78,591904,12,"Dynamic+SIMD, chunk=16",0.076,1366.71,5694.6,0.001,99.74,0,""
"9k_0p77.mtx",8738,8738,0.78,591904,12,"Dynamic+SIMD, chunk=32",0.069,1505.02,6270.9,0.001,99.76,0,""
"9k_0p77.mtx",8738,8738,0.78,591904,12,"Guided+SIMD, chunk=8",0.069,1499.92,6249.7,0.001,99.76,0,""
"9k_0p77.mtx",8738,8738,0.78,591904,12,"Guided+SIMD, chunk=16",0.067,1553.31,6472.1,0.001,99.77,0,""
"9k_0p77.mtx",8738,8738,0.78,591904,12,"Guided+SIMD, chunk=32",1.397,74.13,308.9,2.971,95.18,0,""
"9k_0p77.mtx",8738,8738,0.78,591904,12,"Static+SIMD+Affinity,",0.087,1195.84,4982.7,0.008,99.70,0,""
"9k_0p77.mtx",8738,8738,0.78,591904,12,"Static+SIMD+Affinity,",0.091,1133.44,4722.7,0.008,99.68,0,""
"9k_0p77.mtx",8738,8738,0.78,591904,12,"Guided+SIMD+Affinity,",0.066,1565.70,6523.7,0.001,99.77,0,""
"9k_0p77.mtx",8738,8738,0.78,591904,12,"Guided+SIMD+Register,",3.024,34.25,142.7,4.409,89.57,0,""
"9k_0p77.mtx",8738,8738,0.78,591904,12,"Guided+SIMD+Register,",10.008,10.35,43.1,1.172,65.49,0,""
"9k_0p77.mtx",8738,8738,0.78,591904,12,"Static+SIMD+Register,",3.156,32.82,136.8,4.802,89.12,0,""
"9k_0p77.mtx",8738,8738,0.78,591904,12,"Static+SIMD+Register,",0.096,1083.63,4515.1,0.008,99.67,0,""
"9k_0p77.mtx",8738,8738,0.78,591904,12,"Task-based+SIMD",70.053,1.48,6.2,14.330,,0,""
"9k_0p77.mtx",8738,8738,0.78,591904,12,"Guided+SIMD+Align+Affin,",10.887,9.52,39.6,1.374,62.46,0,""
"9k_0p77.mtx",8738,8738,0.78,591904,12,"Static+SIMD+Align+Affin,",11.574,8.95,37.3,3.402,60.09,0,""
"9k_0p77.mtx",8738,8738,0.78,591904,16,"Static (default)",22.539,4.60,19.2,4.036,0.00,0,""
"9k_0p77.mtx",8738,8738,0.78,591904,16,"Static, chunk=8",22.706,4.57,19.0,5.056,,0,""
"9k_0p77.mtx",8738,8738,0.78,591904,16,"Static, chunk=32",22.626,4.58,19.1,3.497,,0,""
"9k_0p77.mtx",8738,8738,0.78,591904,16,"Dynamic, chunk=8",20.250,5.12,21.3,3.288,10.15,0,""
"9k_0p77.mtx",8738,8738,0.78,591904,16,"Dynamic, chunk=16",16.789,6.17,25.7,5.904,25.51,0,""
"9k_0p77.mtx",8738,8738,0.78,591904,16,"Dynamic, chunk=32",11.384,9.10,37.9,6.613,49.49,0,""
"9k_0p77.mtx",8738,8738,0.78,591904,16,"Dynamic, chunk=64",6.802,15.24,63.5,0.009,69.82,0,""
"9k_0p77.mtx",8738,8738,0.78,591904,16,"Guided, chunk=8",6.466,16.03,66.8,0.007,71.31,0,""
"9k_0p77.mtx",8738,8738,0.78,591904,16,"Guided, chunk=16",6.570,15.78,65.7,0.013,70.85,0,""
"9k_0p77.mtx",8738,8738,0.78,591904,16,"Guided, chunk=32",6.628,15.64,65.2,0.012,70.59,0,""
"9k_0p77.mtx",8738,8738,0.78,591904,16,"Auto (runtime)",6.478,16.00,66.7,0.017,71.26,0,""
"9k_0p77.mtx",8738,8738,0.78,591904,16,"Static+SIMD, chunk=8",0.117,883.69,3682.0,0.017,99.48,0,""
"9k_0p77.mtx",8738,8738,0.78,591904,16,"Static+SIMD, chunk=16",0.101,1024.20,4267.5,0.016,99.55,0,""
"9k_0p77.mtx",8738,8738,0.78,591904,16,"Static+SIMD, chunk=32",0.087,1197.43,4989.3,0.012,99.62,0,""
"9k_0p77.mtx",8738,8738,0.78,591904,16,"Dynamic+SIMD, chunk=8",0.131,792.35,3301.4,0.003,99.42,0,""
"9k_0p77.mtx",8738,8738,0.78,591904,16,"Dynamic+SIMD, chunk=16",0.075,1382.99,5762.5,0.002,99.67,0,""
"9k_0p77.mtx",8738,8738,0.78,591904,16,"Dynamic+SIMD, chunk=32",0.062,1680.21,7000.9,0.002,99.73,0,""
"9k_0p77.mtx",8738,8738,0.78,591904,16,"Guided+SIMD, chunk=8",0.068,1530.05,6375.2,0.002,99.70,0,""
"9k_0p77.mtx",8738,8738,0.78,591904,16,"Guided+SIMD, chunk=16",0.063,1639.61,6831.7,0.002,99.72,0,""
"9k_0p77.mtx",8738,8738,0.78,591904,16,"Guided+SIMD, chunk=32",0.059,1748.89,7287.0,0.002,99.74,0,""
"9k_0p77.mtx",8738,8738,0.78,591904,16,"Static+SIMD+Affinity,",0.107,970.31,4042.9,0.015,99.53,0,""
"9k_0p77.mtx",8738,8738,0.78,591904,16,"Static+SIMD+Affinity,",0.095,1087.14,4529.8,0.012,99.58,0,""
"9k_0p77.mtx",8738,8738,0.78,591904,16,"Guided+SIMD+Affinity,",0.060,1731.32,7213.8,0.002,99.73,0,""
"9k_0p77.mtx",8738,8738,0.78,591904,16,"Guided+SIMD+Register,",0.060,1740.78,7253.3,0.002,99.74,0,""
"9k_0p77.mtx",8738,8738,0.78,591904,16,"Guided+SIMD+Register,",0.064,1630.41,6793.4,0.002,99.72,0,""
"9k_0p77.mtx",8738,8738,0.78,591904,16,"Static+SIMD+Register,",0.083,1248.57,5202.4,0.007,99.63,0,""
"9k_0p77.mtx",8738,8738,0.78,591904,16,"Static+SIMD+Register,",0.107,968.98,4037.4,0.018,99.53,0,""
"9k_0p77.mtx",8738,8738,0.78,591904,16,"Task-based+SIMD",86.544,1.20,5.0,14.107,,0,""
"9k_0p77.mtx",8738,8738,0.78,591904,16,"Guided+SIMD+Align+Affin,",11.778,8.80,36.7,2.841,47.74,0,""
"9k_0p77.mtx",8738,8738,0.78,591904,16,"Static+SIMD+Align+Affin,",2.825,36.69,152.9,4.527,87.47,0,""
"9k_0p77.mtx",8738,8738,0.78,591904,18,"Static (default)",7.507,14.64,61.0,4.295,0.00,0,""
"9k_0p77.mtx",8738,8738,0.78,591904,18,"Static, chunk=8",5.779,19.02,79.2,0.013,23.02,0,""
"9k_0p77.mtx",8738,8738,0.78,591904,18,"Static, chunk=32",7.073,15.54,64.7,2.986,5.78,0,""
"9k_0p77.mtx",8738,8738,0.78,591904,18,"Dynamic, chunk=8",5.793,18.97,79.0,0.009,22.83,0,""
"9k_0p77.mtx",8738,8738,0.78,591904,18,"Dynamic, chunk=16",5.862,18.75,78.1,0.004,21.91,0,""
"9k_0p77.mtx",8738,8738,0.78,591904,18,"Dynamic, chunk=32",13.324,8.25,34.4,5.082,,0,""
"9k_0p77.mtx",8738,8738,0.78,591904,18,"Dynamic, chunk=64",20.837,5.27,22.0,4.984,,0,""
"9k_0p77.mtx",8738,8738,0.78,591904,18,"Guided, chunk=8",15.670,7.01,29.2,7.790,,0,""
"9k_0p77.mtx",8738,8738,0.78,591904,18,"Guided, chunk=16",15.725,6.99,29.1,8.241,,0,""
"9k_0p77.mtx",8738,8738,0.78,591904,18,"Guided, chunk=32",14.480,7.59,31.6,7.508,,0,""
"9k_0p77.mtx",8738,8738,0.78,591904,18,"Auto (runtime)",5.765,19.06,79.4,0.011,23.21,0,""
"9k_0p77.mtx",8738,8738,0.78,591904,18,"Static+SIMD, chunk=8",0.120,913.19,3804.9,0.018,98.40,0,""
"9k_0p77.mtx",8738,8738,0.78,591904,18,"Static+SIMD, chunk=16",0.109,1004.21,4184.2,0.017,98.54,0,""
"9k_0p77.mtx",8738,8738,0.78,591904,18,"Static+SIMD, chunk=32",0.075,1468.23,6117.6,0.006,99.00,0,""
"9k_0p77.mtx",8738,8738,0.78,591904,18,"Dynamic+SIMD, chunk=8",0.125,878.65,3661.0,0.002,98.33,0,""
"9k_0p77.mtx",8738,8738,0.78,591904,18,"Dynamic+SIMD, chunk=16",0.075,1465.91,6108.0,0.001,99.00,0,""
"9k_0p77.mtx",8738,8738,0.78,591904,18,"Dynamic+SIMD, chunk=32",0.061,1791.12,7463.0,0.002,99.18,0,""
"9k_0p77.mtx",8738,8738,0.78,591904,18,"Guided+SIMD, chunk=8",0.069,1586.01,6608.4,0.003,99.08,0,""
"9k_0p77.mtx",8738,8738,0.78,591904,18,"Guided+SIMD, chunk=16",0.064,1704.82,7103.4,0.002,99.14,0,""
"9k_0p77.mtx",8738,8738,0.78,591904,18,"Guided+SIMD, chunk=32",0.060,1820.74,7586.4,0.002,99.20,0,""
"9k_0p77.mtx",8738,8738,0.78,591904,18,"Static+SIMD+Affinity,",0.100,1100.91,4587.1,0.014,98.67,0,""
"9k_0p77.mtx",8738,8738,0.78,591904,18,"Static+SIMD+Affinity,",0.082,1344.44,5601.9,0.008,98.91,0,""
"9k_0p77.mtx",8738,8738,0.78,591904,18,"Guided+SIMD+Affinity,",0.060,1832.77,7636.5,0.001,99.20,0,""
"9k_0p77.mtx",8738,8738,0.78,591904,18,"Guided+SIMD+Register,",0.059,1860.18,7750.7,0.001,99.21,0,""
"9k_0p77.mtx",8738,8738,0.78,591904,18,"Guided+SIMD+Register,",0.063,1738.99,7245.8,0.002,99.16,0,""
"9k_0p77.mtx",8738,8738,0.78,591904,18,"Static+SIMD+Register,",0.070,1562.86,6511.9,0.006,99.06,0,""
"9k_0p77.mtx",8738,8738,0.78,591904,18,"Static+SIMD+Register,",0.111,993.74,4140.6,0.017,98.53,0,""
"9k_0p77.mtx",8738,8738,0.78,591904,18,"Task-based+SIMD",107.972,1.02,4.2,18.402,,0,""
"9k_0p77.mtx",8738,8738,0.78,591904,18,"Guided+SIMD+Align+Affin,",16.672,6.59,27.5,4.490,,0,""
"9k_0p77.mtx",8738,8738,0.78,591904,18,"Static+SIMD+Align+Affin,",15.043,7.30,30.4,5.419,,0,""
"9k_0p77.mtx",8738,8738,0.78,591904,20,"Static (default)",23.709,4.38,18.2,4.052,0.00,0,""
"9k_0p77.mtx",8738,8738,0.78,591904,20,"Static, chunk=8",19.967,5.20,21.6,2.933,15.78,0,""
"9k_0p77.mtx",8738,8738,0.78,591904,20,"Static, chunk=32",20.814,4.98,20.8,1.824,12.21,0,""
"9k_0p77.mtx",8738,8738,0.78,591904,20,"Dynamic, chunk=8",19.201,5.40,22.5,6.690,19.01,0,""
"9k_0p77.mtx",8738,8738,0.78,591904,20,"Dynamic, chunk=16",17.915,5.79,24.1,4.131,24.43,0,""
"9k_0p77.mtx",8738,8738,0.78,591904,20,"Dynamic, chunk=32",20.629,5.03,21.0,3.124,12.99,0,""
"9k_0p77.mtx",8738,8738,0.78,591904,20,"Dynamic, chunk=64",18.826,5.51,23.0,2.741,20.59,0,""
"9k_0p77.mtx",8738,8738,0.78,591904,20,"Guided, chunk=8",21.047,4.93,20.5,5.362,11.23,0,""
"9k_0p77.mtx",8738,8738,0.78,591904,20,"Guided, chunk=16",5.252,19.75,82.3,0.009,77.85,0,""
"9k_0p77.mtx",8738,8738,0.78,591904,20,"Guided, chunk=32",19.648,5.28,22.0,5.395,17.13,0,""
"9k_0p77.mtx",8738,8738,0.78,591904,20,"Auto (runtime)",9.228,11.24,46.8,6.316,61.08,0,""
"9k_0p77.mtx",8738,8738,0.78,591904,20,"Static+SIMD, chunk=8",0.113,914.37,3809.9,0.016,99.52,0,""
"9k_0p77.mtx",8738,8738,0.78,591904,20,"Static+SIMD, chunk=16",0.094,1104.86,4603.6,0.013,99.60,0,""
"9k_0p77.mtx",8738,8738,0.78,591904,20,"Static+SIMD, chunk=32",0.070,1488.19,6200.8,0.009,99.71,0,""
"9k_0p77.mtx",8738,8738,0.78,591904,20,"Dynamic+SIMD, chunk=8",0.124,833.79,3474.1,0.002,99.48,0,""
"9k_0p77.mtx",8738,8738,0.78,591904,20,"Dynamic+SIMD, chunk=16",0.072,1450.04,6041.8,0.002,99.70,0,""
"9k_0p77.mtx",8738,8738,0.78,591904,20,"Dynamic+SIMD, chunk=32",0.056,1849.65,7706.9,0.002,99.76,0,""
"9k_0p77.mtx",8738,8738,0.78,591904,20,"Guided+SIMD, chunk=8",0.067,1537.54,6406.4,0.002,99.72,0,""
"9k_0p77.mtx",8738,8738,0.78,591904,20,"Guided+SIMD, chunk=16",0.062,1662.45,6926.9,0.002,99.74,0,""
"9k_0p77.mtx",8738,8738,0.78,591904,20,"Guided+SIMD, chunk=32",0.056,1844.17,7684.0,0.002,99.76,0,""
"9k_0p77.mtx",8738,8738,0.78,591904,20,"Static+SIMD+Affinity,",0.102,1020.55,4252.3,0.012,99.57,0,""
"9k_0p77.mtx",8738,8738,0.78,591904,20,"Static+SIMD+Affinity,",0.078,1338.49,5577.0,0.007,99.67,0,""
"9k_0p77.mtx",8738,8738,0.78,591904,20,"Guided+SIMD+Affinity,",0.056,1858.58,7744.1,0.002,99.76,0,""
"9k_0p77.mtx",8738,8738,0.78,591904,20,"Guided+SIMD+Register,",0.056,1840.65,7669.4,0.002,99.76,0,""
"9k_0p77.mtx",8738,8738,0.78,591904,20,"Guided+SIMD+Register,",0.062,1663.23,6930.1,0.003,99.74,0,""
"9k_0p77.mtx",8738,8738,0.78,591904,20,"Static+SIMD+Register,",0.074,1405.73,5857.2,0.007,99.69,0,""
"9k_0p77.mtx",8738,8738,0.78,591904,20,"Static+SIMD+Register,",0.094,1098.43,4576.8,0.011,99.60,0,""
"9k_0p77.mtx",8738,8738,0.78,591904,20,"Task-based+SIMD",96.889,1.07,4.5,16.372,,0,""
"9k_0p77.mtx",8738,8738,0.78,591904,20,"Guided+SIMD+Align+Affin,",9.145,11.34,47.3,1.775,61.43,0,""
"9k_0p77.mtx",8738,8738,0.78,591904,20,"Static+SIMD+Align+Affin,",9.165,11.32,47.2,2.532,61.34,0,""
"9k_0p77.mtx",8738,8738,0.78,591904,22,"Static (default)",19.883,5.22,21.7,2.570,0.00,0,""
"9k_0p77.mtx",8738,8738,0.78,591904,22,"Static, chunk=8",17.142,6.05,25.2,5.085,13.79,0,""
"9k_0p77.mtx",8738,8738,0.78,591904,22,"Static, chunk=32",15.074,6.88,28.7,8.322,24.19,0,""
"9k_0p77.mtx",8738,8738,0.78,591904,22,"Dynamic, chunk=8",4.758,21.80,90.8,0.007,76.07,0,""
"9k_0p77.mtx",8738,8738,0.78,591904,22,"Dynamic, chunk=16",4.735,21.90,91.3,0.005,76.19,0,""
"9k_0p77.mtx",8738,8738,0.78,591904,22,"Dynamic, chunk=32",4.910,21.12,88.0,0.005,75.31,0,""
"9k_0p77.mtx",8738,8738,0.78,591904,22,"Dynamic, chunk=64",8.245,12.58,52.4,4.342,58.53,0,""
"9k_0p77.mtx",8738,8738,0.78,591904,22,"Guided, chunk=8",18.475,5.61,23.4,4.606,7.08,0,""
"9k_0p77.mtx",8738,8738,0.78,591904,22,"Guided, chunk=16",20.572,5.04,21.0,3.055,,0,""
"9k_0p77.mtx",8738,8738,0.78,591904,22,"Guided, chunk=32",19.462,5.33,22.2,3.684,2.12,0,""
"9k_0p77.mtx",8738,8738,0.78,591904,22,"Auto (runtime)",19.208,5.40,22.5,2.996,3.39,0,""
"9k_0p77.mtx",8738,8738,0.78,591904,22,"Static+SIMD, chunk=8",9.946,10.43,43.4,2.688,49.98,0,""
"9k_0p77.mtx",8738,8738,0.78,591904,22,"Static+SIMD, chunk=16",10.347,10.02,41.8,1.642,47.96,0,""
"9k_0p77.mtx",8738,8738,0.78,591904,22,"Static+SIMD, chunk=32",0.050,2090.72,8711.3,0.003,99.75,0,""
"9k_0p77.mtx",8738,8738,0.78,591904,22,"Dynamic+SIMD, chunk=8",0.110,942.60,3927.5,0.003,99.45,0,""
"9k_0p77.mtx",8738,8738,0.78,591904,22,"Dynamic+SIMD, chunk=16",0.063,1636.23,6817.6,0.002,99.68,0,""
"9k_0p77.mtx",8738,8738,0.78,591904,22,"Dynamic+SIMD, chunk=32",0.051,2053.18,8554.9,0.002,99.75,0,""
"9k_0p77.mtx",8738,8738,0.78,591904,22,"Guided+SIMD, chunk=8",0.065,1596.76,6653.1,0.002,99.67,0,""
"9k_0p77.mtx",8738,8738,0.78,591904,22,"Guided+SIMD, chunk=16",0.069,1511.08,6296.2,0.044,99.65,0,""
"9k_0p77.mtx",8738,8738,0.78,591904,22,"Guided+SIMD, chunk=32",0.055,1883.62,7848.4,0.002,99.72,0,""
"9k_0p77.mtx",8738,8738,0.78,591904,22,"Static+SIMD+Affinity,",0.092,1123.21,4680.0,0.012,99.54,0,""
"9k_0p77.mtx",8738,8738,0.78,591904,22,"Static+SIMD+Affinity,",0.061,1698.62,7077.6,0.006,99.69,0,""
"9k_0p77.mtx",8738,8738,0.78,591904,22,"Guided+SIMD+Affinity,",0.054,1906.99,7945.8,0.002,99.73,0,""
"9k_0p77.mtx",8738,8738,0.78,591904,22,"Guided+SIMD+Register,",0.055,1898.45,7910.2,0.002,99.73,0,""
"9k_0p77.mtx",8738,8738,0.78,591904,22,"Guided+SIMD+Register,",0.060,1719.67,7165.3,0.002,99.70,0,""
"9k_0p77.mtx",8738,8738,0.78,591904,22,"Static+SIMD+Register,",0.054,1914.30,7976.3,0.003,99.73,0,""
"9k_0p77.mtx",8738,8738,0.78,591904,22,"Static+SIMD+Register,",0.096,1083.04,4512.7,0.011,99.52,0,""
"9k_0p77.mtx",8738,8738,0.78,591904,22,"Task-based+SIMD",117.201,0.88,3.7,28.209,,0,""
"9k_0p77.mtx",8738,8738,0.78,591904,22,"Guided+SIMD+Align+Affin,",9.168,11.31,47.1,1.780,53.89,0,""
"9k_0p77.mtx",8738,8738,0.78,591904,22,"Static+SIMD+Align+Affin,",8.846,11.72,48.8,3.323,55.51,0,""
"9k_0p77.mtx",8738,8738,0.78,591904,24,"Static (default)",19.989,5.18,21.6,5.650,0.00,0,""
"9k_0p77.mtx",8738,8738,0.78,591904,24,"Static, chunk=8",18.285,5.66,23.6,4.059,8.52,0,""
"9k_0p77.mtx",8738,8738,0.78,591904,24,"Static, chunk=32",19.375,5.34,22.3,2.596,3.07,0,""
"9k_0p77.mtx",8738,8738,0.78,591904,24,"Dynamic, chunk=8",19.577,5.29,22.0,3.251,2.06,0,""
"9k_0p77.mtx",8738,8738,0.78,591904,24,"Dynamic, chunk=16",17.463,5.93,24.7,3.051,12.64,0,""
"9k_0p77.mtx",8738,8738,0.78,591904,24,"Dynamic, chunk=32",18.265,5.67,23.6,2.532,8.63,0,""
"9k_0p77.mtx",8738,8738,0.78,591904,24,"Dynamic, chunk=64",19.928,5.20,21.6,2.889,0.30,0,""
"9k_0p77.mtx",8738,8738,0.78,591904,24,"Guided, chunk=8",13.646,7.59,31.6,7.197,31.73,0,""
"9k_0p77.mtx",8738,8738,0.78,591904,24,"Guided, chunk=16",17.212,6.02,25.1,5.442,13.89,0,""
"9k_0p77.mtx",8738,8738,0.78,591904,24,"Guided, chunk=32",19.034,5.44,22.7,2.773,4.78,0,""
"9k_0p77.mtx",8738,8738,0.78,591904,24,"Auto (runtime)",18.376,5.63,23.5,3.094,8.07,0,""
"9k_0p77.mtx",8738,8738,0.78,591904,24,"Static+SIMD, chunk=8",10.534,9.83,41.0,2.060,47.30,0,""
"9k_0p77.mtx",8738,8738,0.78,591904,24,"Static+SIMD, chunk=16",8.524,12.15,50.6,4.276,57.36,0,""
"9k_0p77.mtx",8738,8738,0.78,591904,24,"Static+SIMD, chunk=32",0.058,1791.13,7463.0,0.004,99.71,0,""
"9k_0p77.mtx",8738,8738,0.78,591904,24,"Dynamic+SIMD, chunk=8",0.127,817.23,3405.1,0.004,99.37,0,""
"9k_0p77.mtx",8738,8738,0.78,591904,24,"Dynamic+SIMD, chunk=16",0.069,1508.38,6284.9,0.003,99.66,0,""
"9k_0p77.mtx",8738,8738,0.78,591904,24,"Dynamic+SIMD, chunk=32",0.052,1979.76,8249.0,0.002,99.74,0,""
"9k_0p77.mtx",8738,8738,0.78,591904,24,"Guided+SIMD, chunk=8",0.070,1486.01,6191.7,0.003,99.65,0,""
"9k_0p77.mtx",8738,8738,0.78,591904,24,"Guided+SIMD, chunk=16",0.064,1625.68,6773.7,0.002,99.68,0,""
"9k_0p77.mtx",8738,8738,0.78,591904,24,"Guided+SIMD, chunk=32",0.059,1760.05,7333.6,0.003,99.71,0,""
"9k_0p77.mtx",8738,8738,0.78,591904,24,"Static+SIMD+Affinity,",0.090,1149.43,4789.3,0.012,99.55,0,""
"9k_0p77.mtx",8738,8738,0.78,591904,24,"Static+SIMD+Affinity,",0.065,1588.82,6620.1,0.007,99.67,0,""
"9k_0p77.mtx",8738,8738,0.78,591904,24,"Guided+SIMD+Affinity,",0.057,1806.92,7528.8,0.002,99.71,0,""
"9k_0p77.mtx",8738,8738,0.78,591904,24,"Guided+SIMD+Register,",0.059,1754.39,7310.0,0.003,99.70,0,""
"9k_0p77.mtx",8738,8738,0.78,591904,24,"Guided+SIMD+Register,",0.064,1626.47,6777.0,0.003,99.68,0,""
"9k_0p77.mtx",8738,8738,0.78,591904,24,"Static+SIMD+Register,",0.069,1506.84,6278.5,0.007,99.66,0,""
"9k_0p77.mtx",8738,8738,0.78,591904,24,"Static+SIMD+Register,",0.094,1095.68,4565.3,0.014,99.53,0,""
"9k_0p77.mtx",8738,8738,0.78,591904,24,"Task-based+SIMD",125.667,0.82,3.4,20.478,,0,""
"9k_0p77.mtx",8738,8738,0.78,591904,24,"Guided+SIMD+Align+Affin,",5.905,17.54,73.1,7.013,70.46,0,""
"9k_0p77.mtx",8738,8738,0.78,591904,24,"Static+SIMD+Align+Affin,",0.057,1820.95,7587.3,0.002,99.72,0,""
