matrix,rows,cols,density_pct,nnz,threads,configuration,time_ms,speedup,efficiency_pct,std_dev_ms,improvement_pct,exit_code,notes
"10k_1p5.mtx",9506,9506,1.50,1358832,1,"Static (default)",110.474,1.06,4.4,0.025,0.00,0,""
"10k_1p5.mtx",9506,9506,1.50,1358832,1,"Static, chunk=8",110.455,1.06,4.4,0.021,0.02,0,""
"10k_1p5.mtx",9506,9506,1.50,1358832,1,"Static, chunk=32",110.436,1.06,4.4,0.026,0.03,0,""
"10k_1p5.mtx",9506,9506,1.50,1358832,1,"Dynamic, chunk=8",110.472,1.06,4.4,0.020,0.00,0,""
"10k_1p5.mtx",9506,9506,1.50,1358832,1,"Dynamic, chunk=16",110.452,1.06,4.4,0.016,0.02,0,""
"10k_1p5.mtx",9506,9506,1.50,1358832,1,"Dynamic, chunk=32",110.449,1.06,4.4,0.019,0.02,0,""
"10k_1p5.mtx",9506,9506,1.50,1358832,1,"Dynamic, chunk=64",110.442,1.06,4.4,0.024,0.03,0,""
"10k_1p5.mtx",9506,9506,1.50,1358832,1,"Guided, chunk=8",110.439,1.06,4.4,0.019,0.03,0,""
"10k_1p5.mtx",9506,9506,1.50,1358832,1,"Guided, chunk=16",110.423,1.06,4.4,0.020,0.05,0,""
"10k_1p5.mtx",9506,9506,1.50,1358832,1,"Guided, chunk=32",110.434,1.06,4.4,0.020,0.04,0,""
"10k_1p5.mtx",9506,9506,1.50,1358832,1,"Auto (runtime)",110.424,1.06,4.4,0.022,0.05,0,""
"10k_1p5.mtx",9506,9506,1.50,1358832,1,"Static+SIMD, chunk=8",1.551,75.23,313.5,0.003,98.60,0,""
"10k_1p5.mtx",9506,9506,1.50,1358832,1,"Static+SIMD, chunk=16",1.543,75.65,315.2,0.003,98.60,0,""
"10k_1p5.mtx",9506,9506,1.50,1358832,1,"Static+SIMD, chunk=32",1.539,75.81,315.9,0.003,98.61,0,""
"10k_1p5.mtx",9506,9506,1.50,1358832,1,"Dynamic+SIMD, chunk=8",1.575,74.09,308.7,0.003,98.57,0,""
"10k_1p5.mtx",9506,9506,1.50,1358832,1,"Dynamic+SIMD, chunk=16",1.558,74.90,312.1,0.003,98.59,0,""
"10k_1p5.mtx",9506,9506,1.50,1358832,1,"Dynamic+SIMD, chunk=32",1.551,75.26,313.6,0.003,98.60,0,""
"10k_1p5.mtx",9506,9506,1.50,1358832,1,"Guided+SIMD, chunk=8",1.534,76.06,316.9,0.003,98.61,0,""
"10k_1p5.mtx",9506,9506,1.50,1358832,1,"Guided+SIMD, chunk=16",1.535,76.04,316.8,0.003,98.61,0,""
"10k_1p5.mtx",9506,9506,1.50,1358832,1,"Guided+SIMD, chunk=32",1.534,76.05,316.9,0.003,98.61,0,""
"10k_1p5.mtx",9506,9506,1.50,1358832,1,"Static+SIMD+Affinity,",1.535,76.05,316.9,0.003,98.61,0,""
"10k_1p5.mtx",9506,9506,1.50,1358832,1,"Static+SIMD+Affinity,",1.532,76.18,317.4,0.003,98.61,0,""
"10k_1p5.mtx",9506,9506,1.50,1358832,1,"Guided+SIMD+Affinity,",1.543,75.65,315.2,0.003,98.60,0,""
"10k_1p5.mtx",9506,9506,1.50,1358832,1,"Guided+SIMD+Register,",1.531,76.20,317.5,0.003,98.61,0,""
"10k_1p5.mtx",9506,9506,1.50,1358832,1,"Guided+SIMD+Register,",1.531,76.20,317.5,0.003,98.61,0,""
"10k_1p5.mtx",9506,9506,1.50,1358832,1,"Static+SIMD+Register,",1.537,75.94,316.4,0.003,98.61,0,""
"10k_1p5.mtx",9506,9506,1.50,1358832,1,"Static+SIMD+Register,",1.539,75.85,316.1,0.003,98.61,0,""
"10k_1p5.mtx",9506,9506,1.50,1358832,1,"Task-based+SIMD",1.684,69.29,288.7,0.003,98.48,0,""
"10k_1p5.mtx",9506,9506,1.50,1358832,1,"Guided+SIMD+Align+Affin,",1.532,76.16,317.3,0.003,98.61,0,""
"10k_1p5.mtx",9506,9506,1.50,1358832,1,"Static+SIMD+Align+Affin,",1.532,76.18,317.4,0.003,98.61,0,""
"10k_1p5.mtx",9506,9506,1.50,1358832,2,"Static (default)",55.255,2.11,8.8,0.015,0.00,0,""
"10k_1p5.mtx",9506,9506,1.50,1358832,2,"Static, chunk=8",55.309,2.11,8.8,0.104,,0,""
"10k_1p5.mtx",9506,9506,1.50,1358832,2,"Static, chunk=32",55.617,2.10,8.7,0.078,,0,""
"10k_1p5.mtx",9506,9506,1.50,1358832,2,"Dynamic, chunk=8",55.364,2.11,8.8,0.050,,0,""
"10k_1p5.mtx",9506,9506,1.50,1358832,2,"Dynamic, chunk=16",55.280,2.11,8.8,0.012,,0,""
"10k_1p5.mtx",9506,9506,1.50,1358832,2,"Dynamic, chunk=32",55.435,2.10,8.8,0.010,,0,""
"10k_1p5.mtx",9506,9506,1.50,1358832,2,"Dynamic, chunk=64",55.440,2.10,8.8,0.013,,0,""
"10k_1p5.mtx",9506,9506,1.50,1358832,2,"Guided, chunk=8",55.258,2.11,8.8,0.021,,0,""
"10k_1p5.mtx",9506,9506,1.50,1358832,2,"Guided, chunk=16",55.256,2.11,8.8,0.019,,0,""
"10k_1p5.mtx",9506,9506,1.50,1358832,2,"Guided, chunk=32",55.241,2.11,8.8,0.018,0.03,0,""
"10k_1p5.mtx",9506,9506,1.50,1358832,2,"Auto (runtime)",55.240,2.11,8.8,0.011,0.03,0,""
"10k_1p5.mtx",9506,9506,1.50,1358832,2,"Static+SIMD, chunk=8",0.793,147.05,612.7,0.003,98.57,0,""
"10k_1p5.mtx",9506,9506,1.50,1358832,2,"Static+SIMD, chunk=16",0.781,149.29,622.1,0.003,98.59,0,""
"10k_1p5.mtx",9506,9506,1.50,1358832,2,"Static+SIMD, chunk=32",0.775,150.41,626.7,0.003,98.60,0,""
"10k_1p5.mtx",9506,9506,1.50,1358832,2,"Dynamic+SIMD, chunk=8",0.834,139.82,582.6,0.003,98.49,0,""
"10k_1p5.mtx",9506,9506,1.50,1358832,2,"Dynamic+SIMD, chunk=16",0.801,145.57,606.5,0.003,98.55,0,""
"10k_1p5.mtx",9506,9506,1.50,1358832,2,"Dynamic+SIMD, chunk=32",0.788,148.01,616.7,0.002,98.57,0,""
"10k_1p5.mtx",9506,9506,1.50,1358832,2,"Guided+SIMD, chunk=8",0.775,150.39,626.6,0.003,98.60,0,""
"10k_1p5.mtx",9506,9506,1.50,1358832,2,"Guided+SIMD, chunk=16",0.775,150.45,626.9,0.003,98.60,0,""
"10k_1p5.mtx",9506,9506,1.50,1358832,2,"Guided+SIMD, chunk=32",0.775,150.44,626.8,0.003,98.60,0,""
"10k_1p5.mtx",9506,9506,1.50,1358832,2,"Static+SIMD+Affinity,",0.776,150.26,626.1,0.003,98.60,0,""
"10k_1p5.mtx",9506,9506,1.50,1358832,2,"Static+SIMD+Affinity,",0.771,151.13,629.7,0.003,98.60,0,""
"10k_1p5.mtx",9506,9506,1.50,1358832,2,"Guided+SIMD+Affinity,",0.779,149.62,623.4,0.003,98.59,0,""
"10k_1p5.mtx",9506,9506,1.50,1358832,2,"Guided+SIMD+Register,",0.774,150.58,627.4,0.003,98.60,0,""
"10k_1p5.mtx",9506,9506,1.50,1358832,2,"Guided+SIMD+Register,",0.774,150.59,627.5,0.003,98.60,0,""
"10k_1p5.mtx",9506,9506,1.50,1358832,2,"Static+SIMD+Register,",0.775,150.38,626.6,0.004,98.60,0,""
"10k_1p5.mtx",9506,9506,1.50,1358832,2,"Static+SIMD+Register,",0.779,149.70,623.8,0.003,98.59,0,""
"10k_1p5.mtx",9506,9506,1.50,1358832,2,"Task-based+SIMD",5.219,22.34,93.1,0.061,90.56,0,""
"10k_1p5.mtx",9506,9506,1.50,1358832,2,"Guided+SIMD+Align+Affin,",0.774,150.62,627.6,0.003,98.60,0,""
"10k_1p5.mtx",9506,9506,1.50,1358832,2,"Static+SIMD+Align+Affin,",0.772,151.09,629.5,0.003,98.60,0,""
"10k_1p5.mtx",9506,9506,1.50,1358832,4,"Static (default)",27.645,4.22,17.6,0.008,0.00,0,""
"10k_1p5.mtx",9506,9506,1.50,1358832,4,"Static, chunk=8",27.649,4.22,17.6,0.012,,0,""
"10k_1p5.mtx",9506,9506,1.50,1358832,4,"Static, chunk=32",27.897,4.18,17.4,0.006,,0,""
"10k_1p5.mtx",9506,9506,1.50,1358832,4,"Dynamic, chunk=8",27.714,4.21,17.5,0.017,,0,""
"10k_1p5.mtx",9506,9506,1.50,1358832,4,"Dynamic, chunk=16",27.731,4.21,17.5,0.007,,0,""
"10k_1p5.mtx",9506,9506,1.50,1358832,4,"Dynamic, chunk=32",27.906,4.18,17.4,0.008,,0,""
"10k_1p5.mtx",9506,9506,1.50,1358832,4,"Dynamic, chunk=64",27.920,4.18,17.4,0.007,,0,""
"10k_1p5.mtx",9506,9506,1.50,1358832,4,"Guided, chunk=8",27.644,4.22,17.6,0.010,0.00,0,""
"10k_1p5.mtx",9506,9506,1.50,1358832,4,"Guided, chunk=16",27.687,4.21,17.6,0.008,,0,""
"10k_1p5.mtx",9506,9506,1.50,1358832,4,"Guided, chunk=32",27.693,4.21,17.6,0.008,,0,""
"10k_1p5.mtx",9506,9506,1.50,1358832,4,"Auto (runtime)",27.634,4.22,17.6,0.007,0.04,0,""
"10k_1p5.mtx",9506,9506,1.50,1358832,4,"Static+SIMD, chunk=8",0.399,292.47,1218.6,0.004,98.56,0,""
"10k_1p5.mtx",9506,9506,1.50,1358832,4,"Static+SIMD, chunk=16",0.394,295.96,1233.2,0.004,98.57,0,""
"10k_1p5.mtx",9506,9506,1.50,1358832,4,"Static+SIMD, chunk=32",0.391,298.61,1244.2,0.003,98.59,0,""
"10k_1p5.mtx",9506,9506,1.50,1358832,4,"Dynamic+SIMD, chunk=8",0.468,249.44,1039.3,0.003,98.31,0,""
"10k_1p5.mtx",9506,9506,1.50,1358832,4,"Dynamic+SIMD, chunk=16",0.428,272.59,1135.8,0.003,98.45,0,""
"10k_1p5.mtx",9506,9506,1.50,1358832,4,"Dynamic+SIMD, chunk=32",0.410,284.33,1184.7,0.004,98.52,0,""
"10k_1p5.mtx",9506,9506,1.50,1358832,4,"Guided+SIMD, chunk=8",0.392,298.00,1241.7,0.003,98.58,0,""
"10k_1p5.mtx",9506,9506,1.50,1358832,4,"Guided+SIMD, chunk=16",0.391,298.44,1243.5,0.003,98.59,0,""
"10k_1p5.mtx",9506,9506,1.50,1358832,4,"Guided+SIMD, chunk=32",0.391,298.06,1241.9,0.003,98.58,0,""
"10k_1p5.mtx",9506,9506,1.50,1358832,4,"Static+SIMD+Affinity,",0.391,298.13,1242.2,0.003,98.58,0,""
"10k_1p5.mtx",9506,9506,1.50,1358832,4,"Static+SIMD+Affinity,",0.389,300.17,1250.7,0.003,98.59,0,""
"10k_1p5.mtx",9506,9506,1.50,1358832,4,"Guided+SIMD+Affinity,",0.393,296.58,1235.7,0.003,98.58,0,""
"10k_1p5.mtx",9506,9506,1.50,1358832,4,"Guided+SIMD+Register,",0.391,298.68,1244.5,0.003,98.59,0,""
"10k_1p5.mtx",9506,9506,1.50,1358832,4,"Guided+SIMD+Register,",0.391,298.07,1241.9,0.003,98.58,0,""
"10k_1p5.mtx",9506,9506,1.50,1358832,4,"Static+SIMD+Register,",0.390,299.12,1246.3,0.003,98.59,0,""
"10k_1p5.mtx",9506,9506,1.50,1358832,4,"Static+SIMD+Register,",0.392,297.37,1239.1,0.003,98.58,0,""
"10k_1p5.mtx",9506,9506,1.50,1358832,4,"Task-based+SIMD",28.000,4.17,17.4,1.039,,0,""
"10k_1p5.mtx",9506,9506,1.50,1358832,4,"Guided+SIMD+Align+Affin,",0.391,298.57,1244.0,0.003,98.59,0,""
"10k_1p5.mtx",9506,9506,1.50,1358832,4,"Static+SIMD+Align+Affin,",0.389,300.14,1250.6,0.003,98.59,0,""
"10k_1p5.mtx",9506,9506,1.50,1358832,8,"Static (default)",13.832,8.57,35.7,0.010,0.00,0,""
"10k_1p5.mtx",9506,9506,1.50,1358832,8,"Static, chunk=8",14.037,8.45,35.2,0.098,,0,""
"10k_1p5.mtx",9506,9506,1.50,1358832,8,"Static, chunk=32",14.174,8.37,34.9,0.031,,0,""
"10k_1p5.mtx",9506,9506,1.50,1358832,8,"Dynamic, chunk=8",13.961,8.50,35.4,0.056,,0,""
"10k_1p5.mtx",9506,9506,1.50,1358832,8,"Dynamic, chunk=16",13.997,8.47,35.3,0.013,,0,""
"10k_1p5.mtx",9506,9506,1.50,1358832,8,"Dynamic, chunk=32",14.150,8.38,34.9,0.006,,0,""
"10k_1p5.mtx",9506,9506,1.50,1358832,8,"Dynamic, chunk=64",14.151,8.38,34.9,0.008,,0,""
"10k_1p5.mtx",9506,9506,1.50,1358832,8,"Guided, chunk=8",13.902,8.53,35.5,0.059,,0,""
"10k_1p5.mtx",9506,9506,1.50,1358832,8,"Guided, chunk=16",14.034,8.45,35.2,0.039,,0,""
"10k_1p5.mtx",9506,9506,1.50,1358832,8,"Guided, chunk=32",14.044,8.45,35.2,0.012,,0,""
"10k_1p5.mtx",9506,9506,1.50,1358832,8,"Auto (runtime)",13.902,8.53,35.5,0.015,,0,""
"10k_1p5.mtx",9506,9506,1.50,1358832,8,"Static+SIMD, chunk=8",0.206,575.55,2398.1,0.003,98.51,0,""
"10k_1p5.mtx",9506,9506,1.50,1358832,8,"Static+SIMD, chunk=16",0.204,580.78,2419.9,0.004,98.52,0,""
"10k_1p5.mtx",9506,9506,1.50,1358832,8,"Static+SIMD, chunk=32",0.202,586.25,2442.7,0.005,98.54,0,""
"10k_1p5.mtx",9506,9506,1.50,1358832,8,"Dynamic+SIMD, chunk=8",0.260,456.28,1901.2,0.004,98.12,0,""
"10k_1p5.mtx",9506,9506,1.50,1358832,8,"Dynamic+SIMD, chunk=16",0.226,524.78,2186.6,0.004,98.37,0,""
"10k_1p5.mtx",9506,9506,1.50,1358832,8,"Dynamic+SIMD, chunk=32",0.215,552.55,2302.3,0.002,98.45,0,""
"10k_1p5.mtx",9506,9506,1.50,1358832,8,"Guided+SIMD, chunk=8",0.205,578.64,2411.0,0.003,98.52,0,""
"10k_1p5.mtx",9506,9506,1.50,1358832,8,"Guided+SIMD, chunk=16",0.204,582.07,2425.3,0.003,98.53,0,""
"10k_1p5.mtx",9506,9506,1.50,1358832,8,"Guided+SIMD, chunk=32",0.204,582.10,2425.4,0.003,98.53,0,""
"10k_1p5.mtx",9506,9506,1.50,1358832,8,"Static+SIMD+Affinity,",0.202,587.78,2449.1,0.003,98.54,0,""
"10k_1p5.mtx",9506,9506,1.50,1358832,8,"Static+SIMD+Affinity,",0.200,594.52,2477.2,0.002,98.56,0,""
"10k_1p5.mtx",9506,9506,1.50,1358832,8,"Guided+SIMD+Affinity,",0.205,578.49,2410.4,0.002,98.52,0,""
"10k_1p5.mtx",9506,9506,1.50,1358832,8,"Guided+SIMD+Register,",0.203,583.80,2432.5,0.002,98.53,0,""
"10k_1p5.mtx",9506,9506,1.50,1358832,8,"Guided+SIMD+Register,",0.204,580.70,2419.6,0.002,98.52,0,""
"10k_1p5.mtx",9506,9506,1.50,1358832,8,"Static+SIMD+Register,",0.201,589.13,2454.7,0.003,98.54,0,""
"10k_1p5.mtx",9506,9506,1.50,1358832,8,"Static+SIMD+Register,",0.203,584.17,2434.0,0.003,98.53,0,""
"10k_1p5.mtx",9506,9506,1.50,1358832,8,"Task-based+SIMD",51.588,2.30,9.6,0.828,,0,""
"10k_1p5.mtx",9506,9506,1.50,1358832,8,"Guided+SIMD+Align+Affin,",0.204,582.00,2425.0,0.002,98.53,0,""
"10k_1p5.mtx",9506,9506,1.50,1358832,8,"Static+SIMD+Align+Affin,",0.200,594.15,2475.6,0.003,98.56,0,""
"10k_1p5.mtx",9506,9506,1.50,1358832,12,"Static (default)",9.409,12.39,51.6,0.035,0.00,0,""
"10k_1p5.mtx",9506,9506,1.50,1358832,12,"Static, chunk=8",9.573,12.18,50.8,0.160,,0,""
"10k_1p5.mtx",9506,9506,1.50,1358832,12,"Static, chunk=32",9.731,11.98,49.9,0.160,,0,""
"10k_1p5.mtx",9506,9506,1.50,1358832,12,"Dynamic, chunk=8",9.524,12.24,51.0,0.019,,0,""
"10k_1p5.mtx",9506,9506,1.50,1358832,12,"Dynamic, chunk=16",9.513,12.26,51.1,0.007,,0,""
"10k_1p5.mtx",9506,9506,1.50,1358832,12,"Dynamic, chunk=32",9.688,12.04,50.1,0.007,,0,""
"10k_1p5.mtx",9506,9506,1.50,1358832,12,"Dynamic, chunk=64",9.688,12.04,50.1,0.006,,0,""
"10k_1p5.mtx",9506,9506,1.50,1358832,12,"Guided, chunk=8",9.383,12.43,51.8,0.091,0.28,0,""
"10k_1p5.mtx",9506,9506,1.50,1358832,12,"Guided, chunk=16",9.411,12.39,51.6,0.093,,0,""
"10k_1p5.mtx",9506,9506,1.50,1358832,12,"Guided, chunk=32",9.501,12.27,51.1,0.130,,0,""
"10k_1p5.mtx",9506,9506,1.50,1358832,12,"Auto (runtime)",9.708,12.01,50.0,0.026,,0,""
"10k_1p5.mtx",9506,9506,1.50,1358832,12,"Static+SIMD, chunk=8",0.145,806.57,3360.7,0.003,98.46,0,""
"10k_1p5.mtx",9506,9506,1.50,1358832,12,"Static+SIMD, chunk=16",0.140,831.08,3462.8,0.003,98.51,0,""
"10k_1p5.mtx",9506,9506,1.50,1358832,12,"Static+SIMD, chunk=32",0.138,844.60,3519.2,0.004,98.53,0,""
"10k_1p5.mtx",9506,9506,1.50,1358832,12,"Dynamic+SIMD, chunk=8",0.179,649.90,2707.9,0.002,98.09,0,""
"10k_1p5.mtx",9506,9506,1.50,1358832,12,"Dynamic+SIMD, chunk=16",0.154,757.38,3155.7,0.002,98.36,0,""
"10k_1p5.mtx",9506,9506,1.50,1358832,12,"Dynamic+SIMD, chunk=32",0.148,789.23,3288.4,0.003,98.43,0,""
"10k_1p5.mtx",9506,9506,1.50,1358832,12,"Guided+SIMD, chunk=8",0.145,802.63,3344.3,0.003,98.46,0,""
"10k_1p5.mtx",9506,9506,1.50,1358832,12,"Guided+SIMD, chunk=16",0.143,816.47,3402.0,0.003,98.48,0,""
"10k_1p5.mtx",9506,9506,1.50,1358832,12,"Guided+SIMD, chunk=32",0.143,812.85,3386.9,0.004,98.48,0,""
"10k_1p5.mtx",9506,9506,1.50,1358832,12,"Static+SIMD+Affinity,",0.141,827.02,3445.9,0.004,98.50,0,""
"10k_1p5.mtx",9506,9506,1.50,1358832,12,"Static+SIMD+Affinity,",0.138,846.61,3527.5,0.004,98.54,0,""
"10k_1p5.mtx",9506,9506,1.50,1358832,12,"Guided+SIMD+Affinity,",0.143,814.08,3392.0,0.003,98.48,0,""
"10k_1p5.mtx",9506,9506,1.50,1358832,12,"Guided+SIMD+Register,",0.143,813.88,3391.2,0.003,98.48,0,""
"10k_1p5.mtx",9506,9506,1.50,1358832,12,"Guided+SIMD+Register,",0.143,817.11,3404.6,0.003,98.48,0,""
"10k_1p5.mtx",9506,9506,1.50,1358832,12,"Static+SIMD+Register,",0.138,843.71,3515.5,0.003,98.53,0,""
"10k_1p5.mtx",9506,9506,1.50,1358832,12,"Static+SIMD+Register,",0.141,827.48,3447.8,0.005,98.50,0,""
"10k_1p5.mtx",9506,9506,1.50,1358832,12,"Task-based+SIMD",62.334,1.87,7.8,2.815,,0,""
"10k_1p5.mtx",9506,9506,1.50,1358832,12,"Guided+SIMD+Align+Affin,",0.139,837.73,3490.5,0.002,98.52,0,""
"10k_1p5.mtx",9506,9506,1.50,1358832,12,"Static+SIMD+Align+Affin,",0.138,842.93,3512.2,0.002,98.53,0,""
"10k_1p5.mtx",9506,9506,1.50,1358832,16,"Static (default)",7.146,16.32,68.0,0.006,0.00,0,""
"10k_1p5.mtx",9506,9506,1.50,1358832,16,"Static, chunk=8",7.229,16.14,67.2,0.019,,0,""
"10k_1p5.mtx",9506,9506,1.50,1358832,16,"Static, chunk=32",7.417,15.73,65.5,0.086,,0,""
"10k_1p5.mtx",9506,9506,1.50,1358832,16,"Dynamic, chunk=8",7.292,16.00,66.7,0.024,,0,""
"10k_1p5.mtx",9506,9506,1.50,1358832,16,"Dynamic, chunk=16",7.292,16.00,66.7,0.013,,0,""
"10k_1p5.mtx",9506,9506,1.50,1358832,16,"Dynamic, chunk=32",7.292,16.00,66.7,0.013,,0,""
"10k_1p5.mtx",9506,9506,1.50,1358832,16,"Dynamic, chunk=64",7.646,15.26,63.6,0.017,,0,""
"10k_1p5.mtx",9506,9506,1.50,1358832,16,"Guided, chunk=8",7.167,16.28,67.8,0.039,,0,""
"10k_1p5.mtx",9506,9506,1.50,1358832,16,"Guided, chunk=16",7.237,16.12,67.2,0.019,,0,""
"10k_1p5.mtx",9506,9506,1.50,1358832,16,"Guided, chunk=32",7.278,16.03,66.8,0.021,,0,""
"10k_1p5.mtx",9506,9506,1.50,1358832,16,"Auto (runtime)",7.284,16.02,66.7,0.020,,0,""
"10k_1p5.mtx",9506,9506,1.50,1358832,16,"Static+SIMD, chunk=8",0.114,1019.56,4248.1,0.003,98.40,0,""
"10k_1p5.mtx",9506,9506,1.50,1358832,16,"Static+SIMD, chunk=16",0.111,1054.54,4393.9,0.002,98.45,0,""
"10k_1p5.mtx",9506,9506,1.50,1358832,16,"Static+SIMD, chunk=32",0.113,1027.90,4282.9,0.006,98.41,0,""
"10k_1p5.mtx",9506,9506,1.50,1358832,16,"Dynamic+SIMD, chunk=8",0.159,733.21,3055.1,0.003,97.77,0,""
"10k_1p5.mtx",9506,9506,1.50,1358832,16,"Dynamic+SIMD, chunk=16",0.126,925.41,3855.9,0.003,98.24,0,""
"10k_1p5.mtx",9506,9506,1.50,1358832,16,"Dynamic+SIMD, chunk=32",0.119,977.65,4073.6,0.002,98.33,0,""
"10k_1p5.mtx",9506,9506,1.50,1358832,16,"Guided+SIMD, chunk=8",0.124,943.08,3929.5,0.003,98.27,0,""
"10k_1p5.mtx",9506,9506,1.50,1358832,16,"Guided+SIMD, chunk=16",0.120,973.50,4056.3,0.003,98.32,0,""
"10k_1p5.mtx",9506,9506,1.50,1358832,16,"Guided+SIMD, chunk=32",0.117,997.55,4156.5,0.003,98.36,0,""
"10k_1p5.mtx",9506,9506,1.50,1358832,16,"Static+SIMD+Affinity,",0.110,1057.79,4407.5,0.002,98.46,0,""
"10k_1p5.mtx",9506,9506,1.50,1358832,16,"Static+SIMD+Affinity,",0.111,1047.15,4363.1,0.003,98.44,0,""
"10k_1p5.mtx",9506,9506,1.50,1358832,16,"Guided+SIMD+Affinity,",0.118,986.96,4112.3,0.003,98.35,0,""
"10k_1p5.mtx",9506,9506,1.50,1358832,16,"Guided+SIMD+Register,",0.117,995.10,4146.3,0.003,98.36,0,""
"10k_1p5.mtx",9506,9506,1.50,1358832,16,"Guided+SIMD+Register,",0.119,982.80,4095.0,0.003,98.34,0,""
"10k_1p5.mtx",9506,9506,1.50,1358832,16,"Static+SIMD+Register,",0.112,1044.86,4353.6,0.002,98.44,0,""
"10k_1p5.mtx",9506,9506,1.50,1358832,16,"Static+SIMD+Register,",0.110,1056.44,4401.9,0.003,98.45,0,""
"10k_1p5.mtx",9506,9506,1.50,1358832,16,"Task-based+SIMD",85.028,1.37,5.7,1.502,,0,""
"10k_1p5.mtx",9506,9506,1.50,1358832,16,"Guided+SIMD+Align+Affin,",0.114,1027.62,4281.7,0.002,98.41,0,""
"10k_1p5.mtx",9506,9506,1.50,1358832,16,"Static+SIMD+Align+Affin,",0.109,1070.23,4459.3,0.002,98.47,0,""
"10k_1p5.mtx",9506,9506,1.50,1358832,18,"Static (default)",6.357,18.54,77.2,0.007,0.00,0,""
"10k_1p5.mtx",9506,9506,1.50,1358832,18,"Static, chunk=8",6.508,18.11,75.4,0.040,,0,""
"10k_1p5.mtx",9506,9506,1.50,1358832,18,"Static, chunk=32",6.695,17.60,73.3,0.023,,0,""
"10k_1p5.mtx",9506,9506,1.50,1358832,18,"Dynamic, chunk=8",6.537,18.02,75.1,0.034,,0,""
"10k_1p5.mtx",9506,9506,1.50,1358832,18,"Dynamic, chunk=16",6.534,18.03,75.1,0.007,,0,""
"10k_1p5.mtx",9506,9506,1.50,1358832,18,"Dynamic, chunk=32",6.691,17.61,73.4,0.023,,0,""
"10k_1p5.mtx",9506,9506,1.50,1358832,18,"Dynamic, chunk=64",6.715,17.55,73.1,0.005,,0,""
"10k_1p5.mtx",9506,9506,1.50,1358832,18,"Guided, chunk=8",6.601,17.85,74.4,0.095,,0,""
"10k_1p5.mtx",9506,9506,1.50,1358832,18,"Guided, chunk=16",6.632,17.77,74.0,0.072,,0,""
"10k_1p5.mtx",9506,9506,1.50,1358832,18,"Guided, chunk=32",6.666,17.68,73.7,0.028,,0,""
"10k_1p5.mtx",9506,9506,1.50,1358832,18,"Auto (runtime)",6.702,17.58,73.3,0.018,,0,""
"10k_1p5.mtx",9506,9506,1.50,1358832,18,"Static+SIMD, chunk=8",0.108,1092.08,4550.3,0.003,98.30,0,""
"10k_1p5.mtx",9506,9506,1.50,1358832,18,"Static+SIMD, chunk=16",0.104,1129.81,4707.5,0.003,98.36,0,""
"10k_1p5.mtx",9506,9506,1.50,1358832,18,"Static+SIMD, chunk=32",0.101,1163.76,4849.0,0.001,98.41,0,""
"10k_1p5.mtx",9506,9506,1.50,1358832,18,"Dynamic+SIMD, chunk=8",0.160,738.59,3077.5,0.004,97.49,0,""
"10k_1p5.mtx",9506,9506,1.50,1358832,18,"Dynamic+SIMD, chunk=16",0.120,981.13,4088.0,0.003,98.11,0,""
"10k_1p5.mtx",9506,9506,1.50,1358832,18,"Dynamic+SIMD, chunk=32",0.112,1048.72,4369.7,0.003,98.23,0,""
"10k_1p5.mtx",9506,9506,1.50,1358832,18,"Guided+SIMD, chunk=8",0.118,996.18,4150.7,0.003,98.14,0,""
"10k_1p5.mtx",9506,9506,1.50,1358832,18,"Guided+SIMD, chunk=16",0.112,1048.67,4369.5,0.003,98.23,0,""
"10k_1p5.mtx",9506,9506,1.50,1358832,18,"Guided+SIMD, chunk=32",0.110,1072.35,4468.1,0.003,98.27,0,""
"10k_1p5.mtx",9506,9506,1.50,1358832,18,"Static+SIMD+Affinity,",0.104,1136.47,4735.3,0.004,98.37,0,""
"10k_1p5.mtx",9506,9506,1.50,1358832,18,"Static+SIMD+Affinity,",0.103,1146.00,4775.0,0.003,98.38,0,""
"10k_1p5.mtx",9506,9506,1.50,1358832,18,"Guided+SIMD+Affinity,",0.112,1054.08,4392.0,0.004,98.24,0,""
"10k_1p5.mtx",9506,9506,1.50,1358832,18,"Guided+SIMD+Register,",0.111,1058.95,4412.3,0.003,98.25,0,""
"10k_1p5.mtx",9506,9506,1.50,1358832,18,"Guided+SIMD+Register,",0.116,1018.22,4242.6,0.004,98.18,0,""
"10k_1p5.mtx",9506,9506,1.50,1358832,18,"Static+SIMD+Register,",0.103,1146.21,4775.9,0.003,98.38,0,""
"10k_1p5.mtx",9506,9506,1.50,1358832,18,"Static+SIMD+Register,",0.104,1132.18,4717.4,0.003,98.36,0,""
"10k_1p5.mtx",9506,9506,1.50,1358832,18,"Task-based+SIMD",89.370,1.32,5.5,7.793,,0,""
"10k_1p5.mtx",9506,9506,1.50,1358832,18,"Guided+SIMD+Align+Affin,",0.104,1129.26,4705.3,0.002,98.36,0,""
"10k_1p5.mtx",9506,9506,1.50,1358832,18,"Static+SIMD+Align+Affin,",0.099,1193.51,4973.0,0.001,98.45,0,""
"10k_1p5.mtx",9506,9506,1.50,1358832,20,"Static (default)",5.794,20.45,85.2,0.046,0.00,0,""
"10k_1p5.mtx",9506,9506,1.50,1358832,20,"Static, chunk=8",5.927,19.99,83.3,0.013,,0,""
"10k_1p5.mtx",9506,9506,1.50,1358832,20,"Static, chunk=32",5.953,19.90,82.9,0.044,,0,""
"10k_1p5.mtx",9506,9506,1.50,1358832,20,"Dynamic, chunk=8",5.802,20.42,85.1,0.027,,0,""
"10k_1p5.mtx",9506,9506,1.50,1358832,20,"Dynamic, chunk=16",5.900,20.08,83.7,0.022,,0,""
"10k_1p5.mtx",9506,9506,1.50,1358832,20,"Dynamic, chunk=32",6.022,19.67,82.0,0.090,,0,""
"10k_1p5.mtx",9506,9506,1.50,1358832,20,"Dynamic, chunk=64",6.163,19.22,80.1,0.004,,0,""
"10k_1p5.mtx",9506,9506,1.50,1358832,20,"Guided, chunk=8",5.851,20.25,84.4,0.031,,0,""
"10k_1p5.mtx",9506,9506,1.50,1358832,20,"Guided, chunk=16",5.906,20.06,83.6,0.021,,0,""
"10k_1p5.mtx",9506,9506,1.50,1358832,20,"Guided, chunk=32",6.030,19.65,81.9,0.022,,0,""
"10k_1p5.mtx",9506,9506,1.50,1358832,20,"Auto (runtime)",5.902,20.07,83.6,0.018,,0,""
"10k_1p5.mtx",9506,9506,1.50,1358832,20,"Static+SIMD, chunk=8",0.133,889.62,3706.8,0.019,97.70,0,""
"10k_1p5.mtx",9506,9506,1.50,1358832,20,"Static+SIMD, chunk=16",0.130,909.50,3789.6,0.011,97.75,0,""
"10k_1p5.mtx",9506,9506,1.50,1358832,20,"Static+SIMD, chunk=32",0.104,1134.52,4727.2,0.014,98.20,0,""
"10k_1p5.mtx",9506,9506,1.50,1358832,20,"Dynamic+SIMD, chunk=8",0.149,793.91,3307.9,0.003,97.42,0,""
"10k_1p5.mtx",9506,9506,1.50,1358832,20,"Dynamic+SIMD, chunk=16",0.111,1069.19,4454.9,0.003,98.09,0,""
"10k_1p5.mtx",9506,9506,1.50,1358832,20,"Dynamic+SIMD, chunk=32",0.104,1143.39,4764.1,0.003,98.21,0,""
"10k_1p5.mtx",9506,9506,1.50,1358832,20,"Guided+SIMD, chunk=8",0.111,1063.38,4430.8,0.002,98.08,0,""
"10k_1p5.mtx",9506,9506,1.50,1358832,20,"Guided+SIMD, chunk=16",0.107,1108.62,4619.3,0.002,98.16,0,""
"10k_1p5.mtx",9506,9506,1.50,1358832,20,"Guided+SIMD, chunk=32",0.103,1148.67,4786.1,0.003,98.22,0,""
"10k_1p5.mtx",9506,9506,1.50,1358832,20,"Static+SIMD+Affinity,",0.109,1085.58,4523.3,0.009,98.12,0,""
"10k_1p5.mtx",9506,9506,1.50,1358832,20,"Static+SIMD+Affinity,",0.100,1186.40,4943.3,0.008,98.28,0,""
"10k_1p5.mtx",9506,9506,1.50,1358832,20,"Guided+SIMD+Affinity,",0.105,1132.56,4719.0,0.003,98.19,0,""
"10k_1p5.mtx",9506,9506,1.50,1358832,20,"Guided+SIMD+Register,",0.103,1148.05,4783.6,0.002,98.22,0,""
"10k_1p5.mtx",9506,9506,1.50,1358832,20,"Guided+SIMD+Register,",0.107,1102.52,4593.9,0.003,98.15,0,""
"10k_1p5.mtx",9506,9506,1.50,1358832,20,"Static+SIMD+Register,",0.097,1216.96,5070.7,0.002,98.32,0,""
"10k_1p5.mtx",9506,9506,1.50,1358832,20,"Static+SIMD+Register,",0.126,940.86,3920.2,0.012,97.83,0,""
"10k_1p5.mtx",9506,9506,1.50,1358832,20,"Task-based+SIMD",100.421,1.18,4.9,7.384,,0,""
"10k_1p5.mtx",9506,9506,1.50,1358832,20,"Guided+SIMD+Align+Affin,",0.100,1186.49,4943.7,0.003,98.28,0,""
"10k_1p5.mtx",9506,9506,1.50,1358832,20,"Static+SIMD+Align+Affin,",0.106,1117.55,4656.5,0.009,98.17,0,""
"10k_1p5.mtx",9506,9506,1.50,1358832,22,"Static (default)",5.261,22.24,92.7,0.082,0.00,0,""
"10k_1p5.mtx",9506,9506,1.50,1358832,22,"Static, chunk=8",5.477,21.36,89.0,0.020,,0,""
"10k_1p5.mtx",9506,9506,1.50,1358832,22,"Static, chunk=32",5.622,20.81,86.7,0.051,,0,""
"10k_1p5.mtx",9506,9506,1.50,1358832,22,"Dynamic, chunk=8",5.318,22.00,91.7,0.004,,0,""
"10k_1p5.mtx",9506,9506,1.50,1358832,22,"Dynamic, chunk=16",5.395,21.69,90.4,0.005,,0,""
"10k_1p5.mtx",9506,9506,1.50,1358832,22,"Dynamic, chunk=32",5.453,21.45,89.4,0.047,,0,""
"10k_1p5.mtx",9506,9506,1.50,1358832,22,"Dynamic, chunk=64",5.541,21.11,88.0,0.035,,0,""
"10k_1p5.mtx",9506,9506,1.50,1358832,22,"Guided, chunk=8",5.382,21.74,90.6,0.013,,0,""
"10k_1p5.mtx",9506,9506,1.50,1358832,22,"Guided, chunk=16",5.413,21.61,90.1,0.029,,0,""
"10k_1p5.mtx",9506,9506,1.50,1358832,22,"Guided, chunk=32",5.546,21.10,87.9,0.024,,0,""
"10k_1p5.mtx",9506,9506,1.50,1358832,22,"Auto (runtime)",5.372,21.78,90.7,0.009,,0,""
"10k_1p5.mtx",9506,9506,1.50,1358832,22,"Static+SIMD, chunk=8",0.129,908.86,3786.9,0.015,97.55,0,""
"10k_1p5.mtx",9506,9506,1.50,1358832,22,"Static+SIMD, chunk=16",0.110,1063.72,4432.2,0.012,97.91,0,""
"10k_1p5.mtx",9506,9506,1.50,1358832,22,"Static+SIMD, chunk=32",0.089,1318.90,5495.4,0.003,98.31,0,""
"10k_1p5.mtx",9506,9506,1.50,1358832,22,"Dynamic+SIMD, chunk=8",0.142,823.59,3431.6,0.003,97.30,0,""
"10k_1p5.mtx",9506,9506,1.50,1358832,22,"Dynamic+SIMD, chunk=16",0.105,1119.01,4662.6,0.003,98.01,0,""
"10k_1p5.mtx",9506,9506,1.50,1358832,22,"Dynamic+SIMD, chunk=32",0.096,1223.26,5096.9,0.002,98.18,0,""
"10k_1p5.mtx",9506,9506,1.50,1358832,22,"Guided+SIMD, chunk=8",0.107,1088.52,4535.5,0.003,97.96,0,""
"10k_1p5.mtx",9506,9506,1.50,1358832,22,"Guided+SIMD, chunk=16",0.102,1145.75,4774.0,0.003,98.06,0,""
"10k_1p5.mtx",9506,9506,1.50,1358832,22,"Guided+SIMD, chunk=32",0.099,1177.03,4904.3,0.004,98.11,0,""
"10k_1p5.mtx",9506,9506,1.50,1358832,22,"Static+SIMD+Affinity,",0.118,989.91,4124.6,0.017,97.75,0,""
"10k_1p5.mtx",9506,9506,1.50,1358832,22,"Static+SIMD+Affinity,",0.090,1296.12,5400.5,0.002,98.28,0,""
"10k_1p5.mtx",9506,9506,1.50,1358832,22,"Guided+SIMD+Affinity,",0.099,1179.56,4914.8,0.003,98.11,0,""
"10k_1p5.mtx",9506,9506,1.50,1358832,22,"Guided+SIMD+Register,",0.098,1193.70,4973.7,0.003,98.14,0,""
"10k_1p5.mtx",9506,9506,1.50,1358832,22,"Guided+SIMD+Register,",0.102,1150.98,4795.7,0.002,98.07,0,""
"10k_1p5.mtx",9506,9506,1.50,1358832,22,"Static+SIMD+Register,",0.089,1314.44,5476.9,0.003,98.31,0,""
"10k_1p5.mtx",9506,9506,1.50,1358832,22,"Static+SIMD+Register,",0.105,1112.08,4633.7,0.013,98.00,0,""
"10k_1p5.mtx",9506,9506,1.50,1358832,22,"Task-based+SIMD",108.072,1.08,4.5,10.143,,0,""
"10k_1p5.mtx",9506,9506,1.50,1358832,22,"Guided+SIMD+Align+Affin,",0.097,1206.62,5027.6,0.002,98.16,0,""
"10k_1p5.mtx",9506,9506,1.50,1358832,22,"Static+SIMD+Align+Affin,",0.087,1339.26,5580.3,0.001,98.34,0,""
"10k_1p5.mtx",9506,9506,1.50,1358832,24,"Static (default)",5.096,23.10,96.3,0.008,0.00,0,""
"10k_1p5.mtx",9506,9506,1.50,1358832,24,"Static, chunk=8",5.137,22.92,95.5,0.005,,0,""
"10k_1p5.mtx",9506,9506,1.50,1358832,24,"Static, chunk=32",5.335,22.07,91.9,0.005,,0,""
"10k_1p5.mtx",9506,9506,1.50,1358832,24,"Dynamic, chunk=8",4.975,23.67,98.6,0.053,2.38,0,""
"10k_1p5.mtx",9506,9506,1.50,1358832,24,"Dynamic, chunk=16",4.917,23.95,99.8,0.057,3.52,0,""
"10k_1p5.mtx",9506,9506,1.50,1358832,24,"Dynamic, chunk=32",5.013,23.49,97.9,0.004,1.64,0,""
"10k_1p5.mtx",9506,9506,1.50,1358832,24,"Dynamic, chunk=64",5.397,21.81,90.9,0.011,,0,""
"10k_1p5.mtx",9506,9506,1.50,1358832,24,"Guided, chunk=8",5.001,23.54,98.1,0.022,1.88,0,""
"10k_1p5.mtx",9506,9506,1.50,1358832,24,"Guided, chunk=16",4.998,23.56,98.2,0.021,1.93,0,""
"10k_1p5.mtx",9506,9506,1.50,1358832,24,"Guided, chunk=32",5.128,22.96,95.7,0.027,,0,""
"10k_1p5.mtx",9506,9506,1.50,1358832,24,"Auto (runtime)",5.030,23.40,97.5,0.015,1.30,0,""
"10k_1p5.mtx",9506,9506,1.50,1358832,24,"Static+SIMD, chunk=8",0.109,1076.09,4483.7,0.015,97.85,0,""
"10k_1p5.mtx",9506,9506,1.50,1358832,24,"Static+SIMD, chunk=16",0.128,919.91,3833.0,0.012,97.49,0,""
"10k_1p5.mtx",9506,9506,1.50,1358832,24,"Static+SIMD, chunk=32",0.103,1139.65,4748.6,0.020,97.97,0,""
"10k_1p5.mtx",9506,9506,1.50,1358832,24,"Dynamic+SIMD, chunk=8",0.137,856.39,3568.3,0.004,97.30,0,""
"10k_1p5.mtx",9506,9506,1.50,1358832,24,"Dynamic+SIMD, chunk=16",0.101,1171.09,4879.5,0.003,98.03,0,""
"10k_1p5.mtx",9506,9506,1.50,1358832,24,"Dynamic+SIMD, chunk=32",0.091,1300.27,5417.8,0.002,98.22,0,""
"10k_1p5.mtx",9506,9506,1.50,1358832,24,"Guided+SIMD, chunk=8",0.105,1125.43,4689.3,0.003,97.95,0,""
"10k_1p5.mtx",9506,9506,1.50,1358832,24,"Guided+SIMD, chunk=16",0.099,1192.57,4969.0,0.002,98.06,0,""
"10k_1p5.mtx",9506,9506,1.50,1358832,24,"Guided+SIMD, chunk=32",0.094,1246.07,5192.0,0.002,98.15,0,""
"10k_1p5.mtx",9506,9506,1.50,1358832,24,"Static+SIMD+Affinity,",0.128,922.71,3844.6,0.012,97.50,0,""
"10k_1p5.mtx",9506,9506,1.50,1358832,24,"Static+SIMD+Affinity,",0.087,1358.54,5660.6,0.002,98.30,0,""
"10k_1p5.mtx",9506,9506,1.50,1358832,24,"Guided+SIMD+Affinity,",0.097,1218.41,5076.7,0.003,98.10,0,""
"10k_1p5.mtx",9506,9506,1.50,1358832,24,"Guided+SIMD+Register,",0.095,1236.22,5150.9,0.002,98.13,0,""
"10k_1p5.mtx",9506,9506,1.50,1358832,24,"Guided+SIMD+Register,",0.099,1192.53,4968.9,0.002,98.06,0,""
"10k_1p5.mtx",9506,9506,1.50,1358832,24,"Static+SIMD+Register,",0.086,1361.98,5674.9,0.002,98.30,0,""
"10k_1p5.mtx",9506,9506,1.50,1358832,24,"Static+SIMD+Register,",0.119,990.79,4128.3,0.017,97.67,0,""
"10k_1p5.mtx",9506,9506,1.50,1358832,24,"Task-based+SIMD",125.621,0.94,3.9,8.036,,0,""
"10k_1p5.mtx",9506,9506,1.50,1358832,24,"Guided+SIMD+Align+Affin,",0.089,1324.42,5518.4,0.002,98.26,0,""
"10k_1p5.mtx",9506,9506,1.50,1358832,24,"Static+SIMD+Align+Affin,",0.080,1473.70,6140.4,0.002,98.43,0,""
"11k_0p35.mtx",10974,10974,0.36,428650,1,"Static (default)",147.186,1.10,4.6,0.073,0.00,0,""
"11k_0p35.mtx",10974,10974,0.36,428650,1,"Static, chunk=8",147.153,1.10,4.6,0.021,0.02,0,""
"11k_0p35.mtx",10974,10974,0.36,428650,1,"Static, chunk=32",147.154,1.10,4.6,0.032,0.02,0,""
"11k_0p35.mtx",10974,10974,0.36,428650,1,"Dynamic, chunk=8",147.201,1.10,4.6,0.020,,0,""
"11k_0p35.mtx",10974,10974,0.36,428650,1,"Dynamic, chunk=16",147.178,1.10,4.6,0.041,0.01,0,""
"11k_0p35.mtx",10974,10974,0.36,428650,1,"Dynamic, chunk=32",147.153,1.10,4.6,0.027,0.02,0,""
"11k_0p35.mtx",10974,10974,0.36,428650,1,"Dynamic, chunk=64",147.157,1.10,4.6,0.029,0.02,0,""
"11k_0p35.mtx",10974,10974,0.36,428650,1,"Guided, chunk=8",147.137,1.10,4.6,0.031,0.03,0,""
"11k_0p35.mtx",10974,10974,0.36,428650,1,"Guided, chunk=16",147.146,1.10,4.6,0.025,0.03,0,""
"11k_0p35.mtx",10974,10974,0.36,428650,1,"Guided, chunk=32",147.134,1.10,4.6,0.025,0.04,0,""
"11k_0p35.mtx",10974,10974,0.36,428650,1,"Auto (runtime)",147.129,1.10,4.6,0.025,0.04,0,""
"11k_0p35.mtx",10974,10974,0.36,428650,1,"Static+SIMD, chunk=8",0.424,380.34,1584.8,0.003,99.71,0,""
"11k_0p35.mtx",10974,10974,0.36,428650,1,"Static+SIMD, chunk=16",0.419,384.63,1602.6,0.003,99.72,0,""
"11k_0p35.mtx",10974,10974,0.36,428650,1,"Static+SIMD, chunk=32",0.417,386.95,1612.3,0.003,99.72,0,""
"11k_0p35.mtx",10974,10974,0.36,428650,1,"Dynamic+SIMD, chunk=8",0.453,356.37,1484.9,0.003,99.69,0,""
"11k_0p35.mtx",10974,10974,0.36,428650,1,"Dynamic+SIMD, chunk=16",0.435,370.85,1545.2,0.003,99.70,0,""
"11k_0p35.mtx",10974,10974,0.36,428650,1,"Dynamic+SIMD, chunk=32",0.426,378.78,1578.3,0.003,99.71,0,""
"11k_0p35.mtx",10974,10974,0.36,428650,1,"Guided+SIMD, chunk=8",0.413,390.23,1625.9,0.003,99.72,0,""
"11k_0p35.mtx",10974,10974,0.36,428650,1,"Guided+SIMD, chunk=16",0.413,390.53,1627.2,0.003,99.72,0,""
"11k_0p35.mtx",10974,10974,0.36,428650,1,"Guided+SIMD, chunk=32",0.413,390.64,1627.6,0.003,99.72,0,""
"11k_0p35.mtx",10974,10974,0.36,428650,1,"Static+SIMD+Affinity,",0.423,381.50,1589.6,0.004,99.71,0,""
"11k_0p35.mtx",10974,10974,0.36,428650,1,"Static+SIMD+Affinity,",0.420,383.69,1598.7,0.003,99.71,0,""
"11k_0p35.mtx",10974,10974,0.36,428650,1,"Guided+SIMD+Affinity,",0.414,389.35,1622.3,0.003,99.72,0,""
"11k_0p35.mtx",10974,10974,0.36,428650,1,"Guided+SIMD+Register,",0.409,394.04,1641.8,0.003,99.72,0,""
"11k_0p35.mtx",10974,10974,0.36,428650,1,"Guided+SIMD+Register,",0.408,395.22,1646.8,0.003,99.72,0,""
"11k_0p35.mtx",10974,10974,0.36,428650,1,"Static+SIMD+Register,",0.410,393.29,1638.7,0.003,99.72,0,""
"11k_0p35.mtx",10974,10974,0.36,428650,1,"Static+SIMD+Register,",0.411,392.17,1634.0,0.003,99.72,0,""
"11k_0p35.mtx",10974,10974,0.36,428650,1,"Task-based+SIMD",0.568,283.86,1182.8,0.003,99.61,0,""
"11k_0p35.mtx",10974,10974,0.36,428650,1,"Guided+SIMD+Align+Affin,",0.414,389.62,1623.4,0.003,99.72,0,""
"11k_0p35.mtx",10974,10974,0.36,428650,1,"Static+SIMD+Align+Affin,",0.419,385.36,1605.7,0.003,99.72,0,""
"11k_0p35.mtx",10974,10974,0.36,428650,2,"Static (default)",73.593,2.11,8.8,0.022,0.00,0,""
"11k_0p35.mtx",10974,10974,0.36,428650,2,"Static, chunk=8",73.601,2.11,8.8,0.014,,0,""
"11k_0p35.mtx",10974,10974,0.36,428650,2,"Static, chunk=32",73.785,2.11,8.8,0.013,,0,""
"11k_0p35.mtx",10974,10974,0.36,428650,2,"Dynamic, chunk=8",73.658,2.11,8.8,0.016,,0,""
"11k_0p35.mtx",10974,10974,0.36,428650,2,"Dynamic, chunk=16",73.626,2.11,8.8,0.015,,0,""
"11k_0p35.mtx",10974,10974,0.36,428650,2,"Dynamic, chunk=32",73.802,2.11,8.8,0.015,,0,""
"11k_0p35.mtx",10974,10974,0.36,428650,2,"Dynamic, chunk=64",73.812,2.11,8.8,0.013,,0,""
"11k_0p35.mtx",10974,10974,0.36,428650,2,"Guided, chunk=8",73.589,2.12,8.8,0.014,0.01,0,""
"11k_0p35.mtx",10974,10974,0.36,428650,2,"Guided, chunk=16",73.589,2.11,8.8,0.011,0.00,0,""
"11k_0p35.mtx",10974,10974,0.36,428650,2,"Guided, chunk=32",73.582,2.12,8.8,0.014,0.01,0,""
"11k_0p35.mtx",10974,10974,0.36,428650,2,"Auto (runtime)",73.582,2.12,8.8,0.019,0.01,0,""
"11k_0p35.mtx",10974,10974,0.36,428650,2,"Static+SIMD, chunk=8",0.226,688.30,2867.9,0.003,99.69,0,""
"11k_0p35.mtx",10974,10974,0.36,428650,2,"Static+SIMD, chunk=16",0.219,712.03,2966.8,0.002,99.70,0,""
"11k_0p35.mtx",10974,10974,0.36,428650,2,"Static+SIMD, chunk=32",0.215,723.29,3013.7,0.002,99.71,0,""
"11k_0p35.mtx",10974,10974,0.36,428650,2,"Dynamic+SIMD, chunk=8",0.277,561.30,2338.8,0.003,99.62,0,""
"11k_0p35.mtx",10974,10974,0.36,428650,2,"Dynamic+SIMD, chunk=16",0.243,641.37,2672.4,0.002,99.67,0,""
"11k_0p35.mtx",10974,10974,0.36,428650,2,"Dynamic+SIMD, chunk=32",0.226,687.51,2864.6,0.002,99.69,0,""
"11k_0p35.mtx",10974,10974,0.36,428650,2,"Guided+SIMD, chunk=8",0.208,748.50,3118.8,0.002,99.72,0,""
"11k_0p35.mtx",10974,10974,0.36,428650,2,"Guided+SIMD, chunk=16",0.208,747.99,3116.6,0.002,99.72,0,""
"11k_0p35.mtx",10974,10974,0.36,428650,2,"Guided+SIMD, chunk=32",0.208,749.58,3123.2,0.002,99.72,0,""
"11k_0p35.mtx",10974,10974,0.36,428650,2,"Static+SIMD+Affinity,",0.220,709.02,2954.3,0.001,99.70,0,""
"11k_0p35.mtx",10974,10974,0.36,428650,2,"Static+SIMD+Affinity,",0.217,716.78,2986.6,0.002,99.70,0,""
"11k_0p35.mtx",10974,10974,0.36,428650,2,"Guided+SIMD+Affinity,",0.209,745.90,3107.9,0.002,99.72,0,""
"11k_0p35.mtx",10974,10974,0.36,428650,2,"Guided+SIMD+Register,",0.206,755.38,3147.4,0.002,99.72,0,""
"11k_0p35.mtx",10974,10974,0.36,428650,2,"Guided+SIMD+Register,",0.206,756.51,3152.1,0.002,99.72,0,""
"11k_0p35.mtx",10974,10974,0.36,428650,2,"Static+SIMD+Register,",0.213,731.74,3048.9,0.002,99.71,0,""
"11k_0p35.mtx",10974,10974,0.36,428650,2,"Static+SIMD+Register,",0.216,721.46,3006.1,0.002,99.71,0,""
"11k_0p35.mtx",10974,10974,0.36,428650,2,"Task-based+SIMD",6.366,24.45,101.9,0.188,91.35,0,""
"11k_0p35.mtx",10974,10974,0.36,428650,2,"Guided+SIMD+Align+Affin,",0.208,748.05,3116.9,0.002,99.72,0,""
"11k_0p35.mtx",10974,10974,0.36,428650,2,"Static+SIMD+Align+Affin,",0.216,721.06,3004.4,0.002,99.71,0,""
"11k_0p35.mtx",10974,10974,0.36,428650,4,"Static (default)",36.841,4.23,17.6,0.008,0.00,0,""
"11k_0p35.mtx",10974,10974,0.36,428650,4,"Static, chunk=8",36.826,4.23,17.6,0.007,0.04,0,""
"11k_0p35.mtx",10974,10974,0.36,428650,4,"Static, chunk=32",36.929,4.22,17.6,0.011,,0,""
"11k_0p35.mtx",10974,10974,0.36,428650,4,"Dynamic, chunk=8",36.899,4.22,17.6,0.041,,0,""
"11k_0p35.mtx",10974,10974,0.36,428650,4,"Dynamic, chunk=16",36.923,4.22,17.6,0.010,,0,""
"11k_0p35.mtx",10974,10974,0.36,428650,4,"Dynamic, chunk=32",36.937,4.21,17.6,0.007,,0,""
"11k_0p35.mtx",10974,10974,0.36,428650,4,"Dynamic, chunk=64",36.933,4.21,17.6,0.007,,0,""
"11k_0p35.mtx",10974,10974,0.36,428650,4,"Guided, chunk=8",36.868,4.22,17.6,0.010,,0,""
"11k_0p35.mtx",10974,10974,0.36,428650,4,"Guided, chunk=16",36.854,4.22,17.6,0.010,,0,""
"11k_0p35.mtx",10974,10974,0.36,428650,4,"Guided, chunk=32",36.879,4.22,17.6,0.008,,0,""
"11k_0p35.mtx",10974,10974,0.36,428650,4,"Auto (runtime)",36.827,4.23,17.6,0.010,0.04,0,""
"11k_0p35.mtx",10974,10974,0.36,428650,4,"Static+SIMD, chunk=8",0.120,1293.98,5391.6,0.001,99.67,0,""
"11k_0p35.mtx",10974,10974,0.36,428650,4,"Static+SIMD, chunk=16",0.114,1361.33,5672.2,0.001,99.69,0,""
"11k_0p35.mtx",10974,10974,0.36,428650,4,"Static+SIMD, chunk=32",0.112,1390.29,5792.9,0.001,99.70,0,""
"11k_0p35.mtx",10974,10974,0.36,428650,4,"Dynamic+SIMD, chunk=8",0.251,621.04,2587.7,0.003,99.32,0,""
"11k_0p35.mtx",10974,10974,0.36,428650,4,"Dynamic+SIMD, chunk=16",0.168,928.09,3867.0,0.002,99.54,0,""
"11k_0p35.mtx",10974,10974,0.36,428650,4,"Dynamic+SIMD, chunk=32",0.137,1136.31,4734.6,0.001,99.63,0,""
"11k_0p35.mtx",10974,10974,0.36,428650,4,"Guided+SIMD, chunk=8",0.111,1402.07,5841.9,0.001,99.70,0,""
"11k_0p35.mtx",10974,10974,0.36,428650,4,"Guided+SIMD, chunk=16",0.110,1411.29,5880.4,0.001,99.70,0,""
"11k_0p35.mtx",10974,10974,0.36,428650,4,"Guided+SIMD, chunk=32",0.110,1416.39,5901.6,0.001,99.70,0,""
"11k_0p35.mtx",10974,10974,0.36,428650,4,"Static+SIMD+Affinity,",0.115,1351.37,5630.7,0.001,99.69,0,""
"11k_0p35.mtx",10974,10974,0.36,428650,4,"Static+SIMD+Affinity,",0.113,1377.25,5738.5,0.001,99.69,0,""
"11k_0p35.mtx",10974,10974,0.36,428650,4,"Guided+SIMD+Affinity,",0.111,1406.87,5862.0,0.001,99.70,0,""
"11k_0p35.mtx",10974,10974,0.36,428650,4,"Guided+SIMD+Register,",0.110,1420.06,5916.9,0.001,99.70,0,""
"11k_0p35.mtx",10974,10974,0.36,428650,4,"Guided+SIMD+Register,",0.110,1421.15,5921.5,0.001,99.70,0,""
"11k_0p35.mtx",10974,10974,0.36,428650,4,"Static+SIMD+Register,",0.110,1409.97,5874.9,0.001,99.70,0,""
"11k_0p35.mtx",10974,10974,0.36,428650,4,"Static+SIMD+Register,",0.113,1380.58,5752.4,0.001,99.69,0,""
"11k_0p35.mtx",10974,10974,0.36,428650,4,"Task-based+SIMD",43.172,3.61,15.0,1.591,,0,""
"11k_0p35.mtx",10974,10974,0.36,428650,4,"Guided+SIMD+Align+Affin,",0.111,1404.55,5852.3,0.001,99.70,0,""
"11k_0p35.mtx",10974,10974,0.36,428650,4,"Static+SIMD+Align+Affin,",0.112,1385.90,5774.6,0.001,99.70,0,""
"11k_0p35.mtx",10974,10974,0.36,428650,8,"Static (default)",18.425,8.44,35.1,0.009,0.00,0,""
"11k_0p35.mtx",10974,10974,0.36,428650,8,"Static, chunk=8",18.547,8.38,34.9,0.131,,0,""
"11k_0p35.mtx",10974,10974,0.36,428650,8,"Static, chunk=32",18.562,8.37,34.9,0.099,,0,""
"11k_0p35.mtx",10974,10974,0.36,428650,8,"Dynamic, chunk=8",18.528,8.39,35.0,0.009,,0,""
"11k_0p35.mtx",10974,10974,0.36,428650,8,"Dynamic, chunk=16",18.495,8.40,35.0,0.006,,0,""
"11k_0p35.mtx",10974,10974,0.36,428650,8,"Dynamic, chunk=32",18.511,8.40,35.0,0.035,,0,""
"11k_0p35.mtx",10974,10974,0.36,428650,8,"Dynamic, chunk=64",18.910,8.22,34.2,0.005,,0,""
"11k_0p35.mtx",10974,10974,0.36,428650,8,"Guided, chunk=8",18.451,8.42,35.1,0.010,,0,""
"11k_0p35.mtx",10974,10974,0.36,428650,8,"Guided, chunk=16",18.509,8.40,35.0,0.007,,0,""
"11k_0p35.mtx",10974,10974,0.36,428650,8,"Guided, chunk=32",18.604,8.35,34.8,0.020,,0,""
"11k_0p35.mtx",10974,10974,0.36,428650,8,"Auto (runtime)",18.759,8.29,34.5,0.265,,0,""
"11k_0p35.mtx",10974,10974,0.36,428650,8,"Static+SIMD, chunk=8",0.069,2238.82,9328.4,0.004,99.62,0,""
"11k_0p35.mtx",10974,10974,0.36,428650,8,"Static+SIMD, chunk=16",0.076,2038.93,8495.5,0.006,99.59,0,""
"11k_0p35.mtx",10974,10974,0.36,428650,8,"Static+SIMD, chunk=32",0.086,1801.96,7508.2,0.007,99.53,0,""
"11k_0p35.mtx",10974,10974,0.36,428650,8,"Dynamic+SIMD, chunk=8",0.169,918.69,3827.9,0.002,99.08,0,""
"11k_0p35.mtx",10974,10974,0.36,428650,8,"Dynamic+SIMD, chunk=16",0.091,1710.93,7128.9,0.002,99.51,0,""
"11k_0p35.mtx",10974,10974,0.36,428650,8,"Dynamic+SIMD, chunk=32",0.072,2149.52,8956.3,0.001,99.61,0,""
"11k_0p35.mtx",10974,10974,0.36,428650,8,"Guided+SIMD, chunk=8",0.064,2439.39,10164.1,0.001,99.65,0,""
"11k_0p35.mtx",10974,10974,0.36,428650,8,"Guided+SIMD, chunk=16",0.063,2473.41,10305.9,0.002,99.66,0,""
"11k_0p35.mtx",10974,10974,0.36,428650,8,"Guided+SIMD, chunk=32",0.061,2566.48,10693.7,0.001,99.67,0,""
"11k_0p35.mtx",10974,10974,0.36,428650,8,"Static+SIMD+Affinity,",0.078,2003.89,8349.5,0.006,99.58,0,""
"11k_0p35.mtx",10974,10974,0.36,428650,8,"Static+SIMD+Affinity,",0.076,2034.21,8475.9,0.006,99.59,0,""
"11k_0p35.mtx",10974,10974,0.36,428650,8,"Guided+SIMD+Affinity,",0.061,2547.16,10613.2,0.001,99.67,0,""
"11k_0p35.mtx",10974,10974,0.36,428650,8,"Guided+SIMD+Register,",0.060,2569.79,10707.5,0.001,99.67,0,""
"11k_0p35.mtx",10974,10974,0.36,428650,8,"Guided+SIMD+Register,",0.062,2505.33,10438.9,0.001,99.66,0,""
"11k_0p35.mtx",10974,10974,0.36,428650,8,"Static+SIMD+Register,",0.076,2056.06,8566.9,0.006,99.59,0,""
"11k_0p35.mtx",10974,10974,0.36,428650,8,"Static+SIMD+Register,",0.078,1983.62,8265.1,0.007,99.57,0,""
"11k_0p35.mtx",10974,10974,0.36,428650,8,"Task-based+SIMD",37.610,4.13,17.2,8.359,,0,""
"11k_0p35.mtx",10974,10974,0.36,428650,8,"Guided+SIMD+Align+Affin,",0.056,2759.96,11499.8,0.000,99.69,0,""
"11k_0p35.mtx",10974,10974,0.36,428650,8,"Static+SIMD+Align+Affin,",0.062,2502.33,10426.4,0.002,99.66,0,""
"11k_0p35.mtx",10974,10974,0.36,428650,12,"Static (default)",12.671,12.29,51.2,0.006,0.00,0,""
"11k_0p35.mtx",10974,10974,0.36,428650,12,"Static, chunk=8",12.609,12.35,51.4,0.194,0.49,0,""
"11k_0p35.mtx",10974,10974,0.36,428650,12,"Static, chunk=32",13.048,11.93,49.7,0.026,,0,""
"11k_0p35.mtx",10974,10974,0.36,428650,12,"Dynamic, chunk=8",12.603,12.35,51.5,0.009,0.53,0,""
"11k_0p35.mtx",10974,10974,0.36,428650,12,"Dynamic, chunk=16",12.597,12.36,51.5,0.020,0.58,0,""
"11k_0p35.mtx",10974,10974,0.36,428650,12,"Dynamic, chunk=32",12.789,12.17,50.7,0.028,,0,""
"11k_0p35.mtx",10974,10974,0.36,428650,12,"Dynamic, chunk=64",12.899,12.07,50.3,0.006,,0,""
"11k_0p35.mtx",10974,10974,0.36,428650,12,"Guided, chunk=8",12.581,12.37,51.6,0.069,0.71,0,""
"11k_0p35.mtx",10974,10974,0.36,428650,12,"Guided, chunk=16",12.589,12.37,51.5,0.080,0.65,0,""
"11k_0p35.mtx",10974,10974,0.36,428650,12,"Guided, chunk=32",12.658,12.30,51.2,0.074,0.10,0,""
"11k_0p35.mtx",10974,10974,0.36,428650,12,"Auto (runtime)",12.775,12.19,50.8,0.051,,0,""
"11k_0p35.mtx",10974,10974,0.36,428650,12,"Static+SIMD, chunk=8",0.077,2031.27,8463.6,0.010,99.40,0,""
"11k_0p35.mtx",10974,10974,0.36,428650,12,"Static+SIMD, chunk=16",0.071,2189.47,9122.8,0.008,99.44,0,""
"11k_0p35.mtx",10974,10974,0.36,428650,12,"Static+SIMD, chunk=32",0.057,2722.30,11342.9,0.006,99.55,0,""
"11k_0p35.mtx",10974,10974,0.36,428650,12,"Dynamic+SIMD, chunk=8",0.143,1085.43,4522.6,0.003,98.87,0,""
"11k_0p35.mtx",10974,10974,0.36,428650,12,"Dynamic+SIMD, chunk=16",0.076,2060.92,8587.2,0.002,99.40,0,""
"11k_0p35.mtx",10974,10974,0.36,428650,12,"Dynamic+SIMD, chunk=32",0.055,2832.21,11800.9,0.001,99.57,0,""
"11k_0p35.mtx",10974,10974,0.36,428650,12,"Guided+SIMD, chunk=8",0.054,2869.73,11957.2,0.001,99.57,0,""
"11k_0p35.mtx",10974,10974,0.36,428650,12,"Guided+SIMD, chunk=16",0.052,2987.35,12447.3,0.001,99.59,0,""
"11k_0p35.mtx",10974,10974,0.36,428650,12,"Guided+SIMD, chunk=32",0.048,3215.35,13397.3,0.001,99.62,0,""
"11k_0p35.mtx",10974,10974,0.36,428650,12,"Static+SIMD+Affinity,",0.079,1963.03,8179.3,0.010,99.37,0,""
"11k_0p35.mtx",10974,10974,0.36,428650,12,"Static+SIMD+Affinity,",0.058,2696.78,11236.6,0.005,99.54,0,""
"11k_0p35.mtx",10974,10974,0.36,428650,12,"Guided+SIMD+Affinity,",0.049,3199.87,13332.8,0.001,99.62,0,""
"11k_0p35.mtx",10974,10974,0.36,428650,12,"Guided+SIMD+Register,",0.048,3231.21,13463.4,0.001,99.62,0,""
"11k_0p35.mtx",10974,10974,0.36,428650,12,"Guided+SIMD+Register,",0.051,3023.56,12598.2,0.002,99.59,0,""
"11k_0p35.mtx",10974,10974,0.36,428650,12,"Static+SIMD+Register,",0.058,2686.28,11192.8,0.005,99.54,0,""
"11k_0p35.mtx",10974,10974,0.36,428650,12,"Static+SIMD+Register,",0.068,2289.06,9537.7,0.009,99.46,0,""
"11k_0p35.mtx",10974,10974,0.36,428650,12,"Task-based+SIMD",65.291,2.38,9.9,8.707,,0,""
"11k_0p35.mtx",10974,10974,0.36,428650,12,"Guided+SIMD+Align+Affin,",0.045,3439.39,14330.8,0.001,99.64,0,""
"11k_0p35.mtx",10974,10974,0.36,428650,12,"Static+SIMD+Align+Affin,",0.046,3383.24,14096.8,0.002,99.64,0,""
"11k_0p35.mtx",10974,10974,0.36,428650,16,"Static (default)",9.508,16.51,68.8,0.005,0.00,0,""
"11k_0p35.mtx",10974,10974,0.36,428650,16,"Static, chunk=8",9.709,16.17,67.4,0.112,,0,""
"11k_0p35.mtx",10974,10974,0.36,428650,16,"Static, chunk=32",10.006,15.69,65.4,0.021,,0,""
"11k_0p35.mtx",10974,10974,0.36,428650,16,"Dynamic, chunk=8",9.579,16.39,68.3,0.017,,0,""
"11k_0p35.mtx",10974,10974,0.36,428650,16,"Dynamic, chunk=16",9.573,16.40,68.3,0.022,,0,""
"11k_0p35.mtx",10974,10974,0.36,428650,16,"Dynamic, chunk=32",9.761,16.08,67.0,0.006,,0,""
"11k_0p35.mtx",10974,10974,0.36,428650,16,"Dynamic, chunk=64",9.794,16.03,66.8,0.034,,0,""
"11k_0p35.mtx",10974,10974,0.36,428650,16,"Guided, chunk=8",9.563,16.41,68.4,0.047,,0,""
"11k_0p35.mtx",10974,10974,0.36,428650,16,"Guided, chunk=16",9.601,16.35,68.1,0.034,,0,""
"11k_0p35.mtx",10974,10974,0.36,428650,16,"Guided, chunk=32",9.654,16.26,67.8,0.035,,0,""
"11k_0p35.mtx",10974,10974,0.36,428650,16,"Auto (runtime)",9.708,16.17,67.4,0.021,,0,""
"11k_0p35.mtx",10974,10974,0.36,428650,16,"Static+SIMD, chunk=8",0.091,1733.66,7223.6,0.015,99.05,0,""
"11k_0p35.mtx",10974,10974,0.36,428650,16,"Static+SIMD, chunk=16",0.086,1833.81,7640.9,0.013,99.10,0,""
"11k_0p35.mtx",10974,10974,0.36,428650,16,"Static+SIMD, chunk=32",0.051,3067.76,12782.3,0.004,99.46,0,""
"11k_0p35.mtx",10974,10974,0.36,428650,16,"Dynamic+SIMD, chunk=8",0.139,1125.31,4688.8,0.002,98.53,0,""
"11k_0p35.mtx",10974,10974,0.36,428650,16,"Dynamic+SIMD, chunk=16",0.080,1963.94,8183.1,0.002,99.16,0,""
"11k_0p35.mtx",10974,10974,0.36,428650,16,"Dynamic+SIMD, chunk=32",0.055,2869.99,11958.3,0.002,99.42,0,""
"11k_0p35.mtx",10974,10974,0.36,428650,16,"Guided+SIMD, chunk=8",0.057,2757.89,11491.2,0.001,99.40,0,""
"11k_0p35.mtx",10974,10974,0.36,428650,16,"Guided+SIMD, chunk=16",0.054,2932.32,12218.0,0.002,99.44,0,""
"11k_0p35.mtx",10974,10974,0.36,428650,16,"Guided+SIMD, chunk=32",0.050,3142.96,13095.7,0.002,99.47,0,""
"11k_0p35.mtx",10974,10974,0.36,428650,16,"Static+SIMD+Affinity,",0.102,1539.04,6412.7,0.013,98.93,0,""
"11k_0p35.mtx",10974,10974,0.36,428650,16,"Static+SIMD+Affinity,",0.054,2926.87,12195.3,0.005,99.44,0,""
"11k_0p35.mtx",10974,10974,0.36,428650,16,"Guided+SIMD+Affinity,",0.051,3101.34,12922.3,0.002,99.47,0,""
"11k_0p35.mtx",10974,10974,0.36,428650,16,"Guided+SIMD+Register,",0.050,3132.08,13050.3,0.002,99.47,0,""
"11k_0p35.mtx",10974,10974,0.36,428650,16,"Guided+SIMD+Register,",0.053,2943.80,12265.9,0.002,99.44,0,""
"11k_0p35.mtx",10974,10974,0.36,428650,16,"Static+SIMD+Register,",0.047,3362.42,14010.1,0.003,99.51,0,""
"11k_0p35.mtx",10974,10974,0.36,428650,16,"Static+SIMD+Register,",0.091,1721.78,7174.1,0.016,99.04,0,""
"11k_0p35.mtx",10974,10974,0.36,428650,16,"Task-based+SIMD",87.474,1.79,7.5,1.500,,0,""
"11k_0p35.mtx",10974,10974,0.36,428650,16,"Guided+SIMD+Align+Affin,",0.050,3117.19,12988.3,0.002,99.47,0,""
"11k_0p35.mtx",10974,10974,0.36,428650,16,"Static+SIMD+Align+Affin,",0.051,3084.03,12850.1,0.005,99.46,0,""
"11k_0p35.mtx",10974,10974,0.36,428650,18,"Static (default)",8.451,18.41,76.7,0.006,0.00,0,""
"11k_0p35.mtx",10974,10974,0.36,428650,18,"Static, chunk=8",8.833,17.61,73.4,0.124,,0,""
"11k_0p35.mtx",10974,10974,0.36,428650,18,"Static, chunk=32",8.773,17.73,73.9,0.023,,0,""
"11k_0p35.mtx",10974,10974,0.36,428650,18,"Dynamic, chunk=8",8.548,18.20,75.8,0.016,,0,""
"11k_0p35.mtx",10974,10974,0.36,428650,18,"Dynamic, chunk=16",8.606,18.08,75.3,0.004,,0,""
"11k_0p35.mtx",10974,10974,0.36,428650,18,"Dynamic, chunk=32",8.679,17.93,74.7,0.010,,0,""
"11k_0p35.mtx",10974,10974,0.36,428650,18,"Dynamic, chunk=64",8.874,17.53,73.1,0.003,,0,""
"11k_0p35.mtx",10974,10974,0.36,428650,18,"Guided, chunk=8",8.563,18.17,75.7,0.092,,0,""
"11k_0p35.mtx",10974,10974,0.36,428650,18,"Guided, chunk=16",8.619,18.05,75.2,0.049,,0,""
"11k_0p35.mtx",10974,10974,0.36,428650,18,"Guided, chunk=32",8.663,17.96,74.8,0.036,,0,""
"11k_0p35.mtx",10974,10974,0.36,428650,18,"Auto (runtime)",8.726,17.83,74.3,0.010,,0,""
"11k_0p35.mtx",10974,10974,0.36,428650,18,"Static+SIMD, chunk=8",0.087,1778.18,7409.1,0.014,98.96,0,""
"11k_0p35.mtx",10974,10974,0.36,428650,18,"Static+SIMD, chunk=16",0.072,2172.11,9050.5,0.010,99.15,0,""
"11k_0p35.mtx",10974,10974,0.36,428650,18,"Static+SIMD, chunk=32",0.044,3575.43,14897.6,0.002,99.49,0,""
"11k_0p35.mtx",10974,10974,0.36,428650,18,"Dynamic+SIMD, chunk=8",0.141,1104.89,4603.7,0.002,98.33,0,""
"11k_0p35.mtx",10974,10974,0.36,428650,18,"Dynamic+SIMD, chunk=16",0.079,1973.93,8224.7,0.003,99.07,0,""
"11k_0p35.mtx",10974,10974,0.36,428650,18,"Dynamic+SIMD, chunk=32",0.052,3014.57,12560.7,0.002,99.39,0,""
"11k_0p35.mtx",10974,10974,0.36,428650,18,"Guided+SIMD, chunk=8",0.057,2713.81,11307.5,0.002,99.32,0,""
"11k_0p35.mtx",10974,10974,0.36,428650,18,"Guided+SIMD, chunk=16",0.054,2856.43,11901.8,0.003,99.36,0,""
"11k_0p35.mtx",10974,10974,0.36,428650,18,"Guided+SIMD, chunk=32",0.050,3101.52,12923.0,0.002,99.41,0,""
"11k_0p35.mtx",10974,10974,0.36,428650,18,"Static+SIMD+Affinity,",0.073,2120.02,8833.4,0.010,99.13,0,""
"11k_0p35.mtx",10974,10974,0.36,428650,18,"Static+SIMD+Affinity,",0.049,3179.62,13248.4,0.005,99.42,0,""
"11k_0p35.mtx",10974,10974,0.36,428650,18,"Guided+SIMD+Affinity,",0.051,3069.52,12789.7,0.002,99.40,0,""
"11k_0p35.mtx",10974,10974,0.36,428650,18,"Guided+SIMD+Register,",0.050,3122.37,13009.9,0.002,99.41,0,""
"11k_0p35.mtx",10974,10974,0.36,428650,18,"Guided+SIMD+Register,",0.055,2845.44,11856.0,0.002,99.35,0,""
"11k_0p35.mtx",10974,10974,0.36,428650,18,"Static+SIMD+Register,",0.043,3601.50,15006.2,0.003,99.49,0,""
"11k_0p35.mtx",10974,10974,0.36,428650,18,"Static+SIMD+Register,",0.078,1998.50,8327.1,0.010,99.08,0,""
"11k_0p35.mtx",10974,10974,0.36,428650,18,"Task-based+SIMD",98.703,1.58,6.6,11.663,,0,""
"11k_0p35.mtx",10974,10974,0.36,428650,18,"Guided+SIMD+Align+Affin,",0.046,3416.24,14234.3,0.002,99.46,0,""
"11k_0p35.mtx",10974,10974,0.36,428650,18,"Static+SIMD+Align+Affin,",0.035,4399.98,18333.2,0.001,99.58,0,""
"11k_0p35.mtx",10974,10974,0.36,428650,20,"Static (default)",7.617,20.39,84.9,0.010,0.00,0,""
"11k_0p35.mtx",10974,10974,0.36,428650,20,"Static, chunk=8",7.905,19.64,81.8,0.153,,0,""
"11k_0p35.mtx",10974,10974,0.36,428650,20,"Static, chunk=32",7.977,19.46,81.1,0.003,,0,""
"11k_0p35.mtx",10974,10974,0.36,428650,20,"Dynamic, chunk=8",7.813,19.87,82.8,0.017,,0,""
"11k_0p35.mtx",10974,10974,0.36,428650,20,"Dynamic, chunk=16",7.778,19.96,83.2,0.006,,0,""
"11k_0p35.mtx",10974,10974,0.36,428650,20,"Dynamic, chunk=32",7.983,19.45,81.0,0.004,,0,""
"11k_0p35.mtx",10974,10974,0.36,428650,20,"Dynamic, chunk=64",7.986,19.44,81.0,0.004,,0,""
"11k_0p35.mtx",10974,10974,0.36,428650,20,"Guided, chunk=8",7.779,19.96,83.2,0.061,,0,""
"11k_0p35.mtx",10974,10974,0.36,428650,20,"Guided, chunk=16",7.835,19.82,82.6,0.040,,0,""
"11k_0p35.mtx",10974,10974,0.36,428650,20,"Guided, chunk=32",7.881,19.70,82.1,0.026,,0,""
"11k_0p35.mtx",10974,10974,0.36,428650,20,"Auto (runtime)",7.879,19.71,82.1,0.037,,0,""
"11k_0p35.mtx",10974,10974,0.36,428650,20,"Static+SIMD, chunk=8",0.073,2133.46,8889.4,0.012,99.04,0,""
"11k_0p35.mtx",10974,10974,0.36,428650,20,"Static+SIMD, chunk=16",0.066,2354.79,9811.6,0.008,99.13,0,""
"11k_0p35.mtx",10974,10974,0.36,428650,20,"Static+SIMD, chunk=32",0.035,4389.98,18291.6,0.002,99.54,0,""
"11k_0p35.mtx",10974,10974,0.36,428650,20,"Dynamic+SIMD, chunk=8",0.166,934.88,3895.3,0.004,97.82,0,""
"11k_0p35.mtx",10974,10974,0.36,428650,20,"Dynamic+SIMD, chunk=16",0.083,1866.16,7775.7,0.003,98.91,0,""
"11k_0p35.mtx",10974,10974,0.36,428650,20,"Dynamic+SIMD, chunk=32",0.049,3148.29,13117.9,0.003,99.35,0,""
"11k_0p35.mtx",10974,10974,0.36,428650,20,"Guided+SIMD, chunk=8",0.062,2495.71,10398.8,0.002,99.18,0,""
"11k_0p35.mtx",10974,10974,0.36,428650,20,"Guided+SIMD, chunk=16",0.058,2664.23,11101.0,0.003,99.23,0,""
"11k_0p35.mtx",10974,10974,0.36,428650,20,"Guided+SIMD, chunk=32",0.052,3005.57,12523.2,0.002,99.32,0,""
"11k_0p35.mtx",10974,10974,0.36,428650,20,"Static+SIMD+Affinity,",0.070,2222.02,9258.4,0.008,99.08,0,""
"11k_0p35.mtx",10974,10974,0.36,428650,20,"Static+SIMD+Affinity,",0.037,4207.28,17530.3,0.002,99.52,0,""
"11k_0p35.mtx",10974,10974,0.36,428650,20,"Guided+SIMD+Affinity,",0.052,2957.85,12324.4,0.002,99.31,0,""
"11k_0p35.mtx",10974,10974,0.36,428650,20,"Guided+SIMD+Register,",0.053,2949.21,12288.4,0.002,99.31,0,""
"11k_0p35.mtx",10974,10974,0.36,428650,20,"Guided+SIMD+Register,",0.057,2739.21,11413.4,0.002,99.26,0,""
"11k_0p35.mtx",10974,10974,0.36,428650,20,"Static+SIMD+Register,",0.041,3789.90,15791.3,0.003,99.46,0,""
"11k_0p35.mtx",10974,10974,0.36,428650,20,"Static+SIMD+Register,",0.070,2219.38,9247.4,0.009,99.08,0,""
"11k_0p35.mtx",10974,10974,0.36,428650,20,"Task-based+SIMD",108.897,1.43,5.9,21.557,,0,""
"11k_0p35.mtx",10974,10974,0.36,428650,20,"Guided+SIMD+Align+Affin,",0.047,3290.77,13711.6,0.001,99.38,0,""
"11k_0p35.mtx",10974,10974,0.36,428650,20,"Static+SIMD+Align+Affin,",0.036,4358.89,18162.1,0.002,99.53,0,""
"11k_0p35.mtx",10974,10974,0.36,428650,22,"Static (default)",7.240,21.22,88.4,0.106,0.00,0,""
"11k_0p35.mtx",10974,10974,0.36,428650,22,"Static, chunk=8",7.418,20.71,86.3,0.019,,0,""
"11k_0p35.mtx",10974,10974,0.36,428650,22,"Static, chunk=32",7.539,20.38,84.9,0.018,,0,""
"11k_0p35.mtx",10974,10974,0.36,428650,22,"Dynamic, chunk=8",7.116,21.59,89.9,0.008,1.71,0,""
"11k_0p35.mtx",10974,10974,0.36,428650,22,"Dynamic, chunk=16",7.108,21.61,90.1,0.003,1.83,0,""
"11k_0p35.mtx",10974,10974,0.36,428650,22,"Dynamic, chunk=32",7.239,21.22,88.4,0.021,0.02,0,""
"11k_0p35.mtx",10974,10974,0.36,428650,22,"Dynamic, chunk=64",7.438,20.65,86.1,0.023,,0,""
"11k_0p35.mtx",10974,10974,0.36,428650,22,"Guided, chunk=8",7.152,21.48,89.5,0.070,1.22,0,""
"11k_0p35.mtx",10974,10974,0.36,428650,22,"Guided, chunk=16",7.189,21.37,89.0,0.033,0.70,0,""
"11k_0p35.mtx",10974,10974,0.36,428650,22,"Guided, chunk=32",7.201,21.33,88.9,0.026,0.53,0,""
"11k_0p35.mtx",10974,10974,0.36,428650,22,"Auto (runtime)",7.255,21.17,88.2,0.030,,0,""
"11k_0p35.mtx",10974,10974,0.36,428650,22,"Static+SIMD, chunk=8",0.079,1936.28,8067.8,0.012,98.90,0,""
"11k_0p35.mtx",10974,10974,0.36,428650,22,"Static+SIMD, chunk=16",0.058,2633.90,10974.6,0.007,99.19,0,""
"11k_0p35.mtx",10974,10974,0.36,428650,22,"Static+SIMD, chunk=32",0.042,3680.18,15334.1,0.003,99.42,0,""
"11k_0p35.mtx",10974,10974,0.36,428650,22,"Dynamic+SIMD, chunk=8",0.153,1003.14,4179.7,0.004,97.88,0,""
"11k_0p35.mtx",10974,10974,0.36,428650,22,"Dynamic+SIMD, chunk=16",0.081,1891.50,7881.2,0.003,98.88,0,""
"11k_0p35.mtx",10974,10974,0.36,428650,22,"Dynamic+SIMD, chunk=32",0.047,3264.42,13601.7,0.002,99.35,0,""
"11k_0p35.mtx",10974,10974,0.36,428650,22,"Guided+SIMD, chunk=8",0.063,2443.59,10181.6,0.002,99.13,0,""
"11k_0p35.mtx",10974,10974,0.36,428650,22,"Guided+SIMD, chunk=16",0.057,2691.60,11215.0,0.003,99.21,0,""
"11k_0p35.mtx",10974,10974,0.36,428650,22,"Guided+SIMD, chunk=32",0.052,2969.71,12373.8,0.002,99.29,0,""
"11k_0p35.mtx",10974,10974,0.36,428650,22,"Static+SIMD+Affinity,",0.066,2334.53,9727.2,0.007,99.09,0,""
"11k_0p35.mtx",10974,10974,0.36,428650,22,"Static+SIMD+Affinity,",0.042,3659.42,15247.6,0.003,99.42,0,""
"11k_0p35.mtx",10974,10974,0.36,428650,22,"Guided+SIMD+Affinity,",0.051,2994.71,12477.9,0.002,99.29,0,""
"11k_0p35.mtx",10974,10974,0.36,428650,22,"Guided+SIMD+Register,",0.052,2961.65,12340.2,0.003,99.28,0,""
"11k_0p35.mtx",10974,10974,0.36,428650,22,"Guided+SIMD+Register,",0.057,2700.34,11251.4,0.002,99.21,0,""
"11k_0p35.mtx",10974,10974,0.36,428650,22,"Static+SIMD+Register,",0.043,3562.34,14843.1,0.003,99.40,0,""
"11k_0p35.mtx",10974,10974,0.36,428650,22,"Static+SIMD+Register,",0.060,2565.30,10688.7,0.008,99.17,0,""
"11k_0p35.mtx",10974,10974,0.36,428650,22,"Task-based+SIMD",124.370,1.24,5.1,22.787,,0,""
"11k_0p35.mtx",10974,10974,0.36,428650,22,"Guided+SIMD+Align+Affin,",0.049,3116.14,12983.9,0.002,99.32,0,""
"11k_0p35.mtx",10974,10974,0.36,428650,22,"Static+SIMD+Align+Affin,",0.039,3978.02,16575.1,0.003,99.47,0,""
"11k_0p35.mtx",10974,10974,0.36,428650,24,"Static (default)",6.786,23.44,97.7,0.011,0.00,0,""
"11k_0p35.mtx",10974,10974,0.36,428650,24,"Static, chunk=8",7.117,22.35,93.1,0.079,,0,""
"11k_0p35.mtx",10974,10974,0.36,428650,24,"Static, chunk=32",7.196,22.11,92.1,0.094,,0,""
"11k_0p35.mtx",10974,10974,0.36,428650,24,"Dynamic, chunk=8",6.644,23.95,99.8,0.005,2.09,0,""
"11k_0p35.mtx",10974,10974,0.36,428650,24,"Dynamic, chunk=16",6.666,23.87,99.4,0.008,1.77,0,""
"11k_0p35.mtx",10974,10974,0.36,428650,24,"Dynamic, chunk=32",6.763,23.52,98.0,0.020,0.34,0,""
"11k_0p35.mtx",10974,10974,0.36,428650,24,"Dynamic, chunk=64",7.106,22.39,93.3,0.005,,0,""
"11k_0p35.mtx",10974,10974,0.36,428650,24,"Guided, chunk=8",6.654,23.91,99.6,0.038,1.94,0,""
"11k_0p35.mtx",10974,10974,0.36,428650,24,"Guided, chunk=16",6.689,23.78,99.1,0.033,1.42,0,""
"11k_0p35.mtx",10974,10974,0.36,428650,24,"Guided, chunk=32",6.823,23.31,97.1,0.029,,0,""
"11k_0p35.mtx",10974,10974,0.36,428650,24,"Auto (runtime)",6.710,23.71,98.8,0.014,1.12,0,""
"11k_0p35.mtx",10974,10974,0.36,428650,24,"Static+SIMD, chunk=8",0.087,1832.63,7636.0,0.015,98.72,0,""
"11k_0p35.mtx",10974,10974,0.36,428650,24,"Static+SIMD, chunk=16",0.063,2524.36,10518.1,0.007,99.07,0,""
"11k_0p35.mtx",10974,10974,0.36,428650,24,"Static+SIMD, chunk=32",0.034,4622.11,19258.8,0.002,99.49,0,""
"11k_0p35.mtx",10974,10974,0.36,428650,24,"Dynamic+SIMD, chunk=8",0.133,1195.17,4979.9,0.002,98.04,0,""
"11k_0p35.mtx",10974,10974,0.36,428650,24,"Dynamic+SIMD, chunk=16",0.076,2106.69,8777.9,0.003,98.89,0,""
"11k_0p35.mtx",10974,10974,0.36,428650,24,"Dynamic+SIMD, chunk=32",0.049,3276.84,13653.5,0.002,99.28,0,""
"11k_0p35.mtx",10974,10974,0.36,428650,24,"Guided+SIMD, chunk=8",0.062,2561.43,10672.6,0.002,99.08,0,""
"11k_0p35.mtx",10974,10974,0.36,428650,24,"Guided+SIMD, chunk=16",0.056,2820.64,11752.7,0.003,99.17,0,""
"11k_0p35.mtx",10974,10974,0.36,428650,24,"Guided+SIMD, chunk=32",0.051,3125.10,13021.3,0.002,99.25,0,""
"11k_0p35.mtx",10974,10974,0.36,428650,24,"Static+SIMD+Affinity,",0.060,2634.92,10978.8,0.006,99.11,0,""
"11k_0p35.mtx",10974,10974,0.36,428650,24,"Static+SIMD+Affinity,",0.035,4569.50,19039.6,0.002,99.49,0,""
"11k_0p35.mtx",10974,10974,0.36,428650,24,"Guided+SIMD+Affinity,",0.053,3028.95,12620.6,0.002,99.23,0,""
"11k_0p35.mtx",10974,10974,0.36,428650,24,"Guided+SIMD+Register,",0.053,3030.14,12625.6,0.003,99.23,0,""
"11k_0p35.mtx",10974,10974,0.36,428650,24,"Guided+SIMD+Register,",0.057,2805.13,11688.0,0.003,99.16,0,""
"11k_0p35.mtx",10974,10974,0.36,428650,24,"Static+SIMD+Register,",0.039,4110.90,17128.7,0.003,99.43,0,""
"11k_0p35.mtx",10974,10974,0.36,428650,24,"Static+SIMD+Register,",0.061,2590.39,10793.3,0.007,99.09,0,""
"11k_0p35.mtx",10974,10974,0.36,428650,24,"Task-based+SIMD",135.401,1.17,4.9,4.590,,0,""
"11k_0p35.mtx",10974,10974,0.36,428650,24,"Guided+SIMD+Align+Affin,",0.052,3056.09,12733.7,0.003,99.23,0,""
"11k_0p35.mtx",10974,10974,0.36,428650,24,"Static+SIMD+Align+Affin,",0.035,4582.37,19093.2,0.002,99.49,0,""
"11k_0p38.mtx",10605,10605,0.38,424587,1,"Static (default)",137.393,1.11,4.6,0.031,0.00,0,""
"11k_0p38.mtx",10605,10605,0.38,424587,1,"Static, chunk=8",137.388,1.11,4.6,0.034,0.00,0,""
"11k_0p38.mtx",10605,10605,0.38,424587,1,"Static, chunk=32",137.377,1.11,4.6,0.026,0.01,0,""
"11k_0p38.mtx",10605,10605,0.38,424587,1,"Dynamic, chunk=8",137.432,1.11,4.6,0.025,,0,""
"11k_0p38.mtx",10605,10605,0.38,424587,1,"Dynamic, chunk=16",137.416,1.11,4.6,0.030,,0,""
"11k_0p38.mtx",10605,10605,0.38,424587,1,"Dynamic, chunk=32",137.402,1.11,4.6,0.036,,0,""
"11k_0p38.mtx",10605,10605,0.38,424587,1,"Dynamic, chunk=64",137.386,1.11,4.6,0.032,0.01,0,""
"11k_0p38.mtx",10605,10605,0.38,424587,1,"Guided, chunk=8",137.386,1.11,4.6,0.025,0.01,0,""
"11k_0p38.mtx",10605,10605,0.38,424587,1,"Guided, chunk=16",137.355,1.11,4.6,0.031,0.03,0,""
"11k_0p38.mtx",10605,10605,0.38,424587,1,"Guided, chunk=32",137.371,1.11,4.6,0.022,0.02,0,""
"11k_0p38.mtx",10605,10605,0.38,424587,1,"Auto (runtime)",137.364,1.11,4.6,0.043,0.02,0,""
"11k_0p38.mtx",10605,10605,0.38,424587,1,"Static+SIMD, chunk=8",0.440,346.90,1445.4,0.003,99.68,0,""
"11k_0p38.mtx",10605,10605,0.38,424587,1,"Static+SIMD, chunk=16",0.436,349.88,1457.9,0.003,99.68,0,""
"11k_0p38.mtx",10605,10605,0.38,424587,1,"Static+SIMD, chunk=32",0.433,352.01,1466.7,0.003,99.68,0,""
"11k_0p38.mtx",10605,10605,0.38,424587,1,"Dynamic+SIMD, chunk=8",0.468,326.06,1358.6,0.003,99.66,0,""
"11k_0p38.mtx",10605,10605,0.38,424587,1,"Dynamic+SIMD, chunk=16",0.452,337.39,1405.8,0.003,99.67,0,""
"11k_0p38.mtx",10605,10605,0.38,424587,1,"Dynamic+SIMD, chunk=32",0.444,343.51,1431.3,0.003,99.68,0,""
"11k_0p38.mtx",10605,10605,0.38,424587,1,"Guided+SIMD, chunk=8",0.430,354.75,1478.1,0.003,99.69,0,""
"11k_0p38.mtx",10605,10605,0.38,424587,1,"Guided+SIMD, chunk=16",0.430,354.75,1478.1,0.003,99.69,0,""
"11k_0p38.mtx",10605,10605,0.38,424587,1,"Guided+SIMD, chunk=32",0.430,354.79,1478.3,0.003,99.69,0,""
"11k_0p38.mtx",10605,10605,0.38,424587,1,"Static+SIMD+Affinity,",0.434,351.20,1463.4,0.003,99.68,0,""
"11k_0p38.mtx",10605,10605,0.38,424587,1,"Static+SIMD+Affinity,",0.433,352.50,1468.8,0.003,99.69,0,""
"11k_0p38.mtx",10605,10605,0.38,424587,1,"Guided+SIMD+Affinity,",0.432,353.21,1471.7,0.002,99.69,0,""
"11k_0p38.mtx",10605,10605,0.38,424587,1,"Guided+SIMD+Register,",0.428,356.54,1485.6,0.003,99.69,0,""
"11k_0p38.mtx",10605,10605,0.38,424587,1,"Guided+SIMD+Register,",0.428,356.40,1485.0,0.003,99.69,0,""
"11k_0p38.mtx",10605,10605,0.38,424587,1,"Static+SIMD+Register,",0.430,354.97,1479.0,0.003,99.69,0,""
"11k_0p38.mtx",10605,10605,0.38,424587,1,"Static+SIMD+Register,",0.431,353.88,1474.5,0.003,99.69,0,""
"11k_0p38.mtx",10605,10605,0.38,424587,1,"Task-based+SIMD",0.575,265.06,1104.4,0.003,99.58,0,""
"11k_0p38.mtx",10605,10605,0.38,424587,1,"Guided+SIMD+Align+Affin,",0.430,354.79,1478.3,0.003,99.69,0,""
"11k_0p38.mtx",10605,10605,0.38,424587,1,"Static+SIMD+Align+Affin,",0.433,352.39,1468.3,0.003,99.69,0,""
"11k_0p38.mtx",10605,10605,0.38,424587,2,"Static (default)",68.721,2.12,8.8,0.022,0.00,0,""
"11k_0p38.mtx",10605,10605,0.38,424587,2,"Static, chunk=8",68.719,2.12,8.8,0.024,0.00,0,""
"11k_0p38.mtx",10605,10605,0.38,424587,2,"Static, chunk=32",68.817,2.11,8.8,0.019,,0,""
"11k_0p38.mtx",10605,10605,0.38,424587,2,"Dynamic, chunk=8",68.782,2.11,8.8,0.022,,0,""
"11k_0p38.mtx",10605,10605,0.38,424587,2,"Dynamic, chunk=16",68.815,2.11,8.8,0.022,,0,""
"11k_0p38.mtx",10605,10605,0.38,424587,2,"Dynamic, chunk=32",68.845,2.11,8.8,0.016,,0,""
"11k_0p38.mtx",10605,10605,0.38,424587,2,"Dynamic, chunk=64",68.814,2.11,8.8,0.025,,0,""
"11k_0p38.mtx",10605,10605,0.38,424587,2,"Guided, chunk=8",68.696,2.12,8.8,0.023,0.04,0,""
"11k_0p38.mtx",10605,10605,0.38,424587,2,"Guided, chunk=16",68.686,2.12,8.8,0.028,0.05,0,""
"11k_0p38.mtx",10605,10605,0.38,424587,2,"Guided, chunk=32",68.715,2.12,8.8,0.014,0.01,0,""
"11k_0p38.mtx",10605,10605,0.38,424587,2,"Auto (runtime)",68.707,2.12,8.8,0.021,0.02,0,""
"11k_0p38.mtx",10605,10605,0.38,424587,2,"Static+SIMD, chunk=8",0.234,621.60,2590.0,0.002,99.66,0,""
"11k_0p38.mtx",10605,10605,0.38,424587,2,"Static+SIMD, chunk=16",0.224,647.68,2698.7,0.002,99.67,0,""
"11k_0p38.mtx",10605,10605,0.38,424587,2,"Static+SIMD, chunk=32",0.222,653.97,2724.9,0.002,99.68,0,""
"11k_0p38.mtx",10605,10605,0.38,424587,2,"Dynamic+SIMD, chunk=8",0.282,515.19,2146.6,0.002,99.59,0,""
"11k_0p38.mtx",10605,10605,0.38,424587,2,"Dynamic+SIMD, chunk=16",0.248,586.32,2443.0,0.002,99.64,0,""
"11k_0p38.mtx",10605,10605,0.38,424587,2,"Dynamic+SIMD, chunk=32",0.234,620.63,2586.0,0.002,99.66,0,""
"11k_0p38.mtx",10605,10605,0.38,424587,2,"Guided+SIMD, chunk=8",0.216,671.62,2798.4,0.002,99.69,0,""
"11k_0p38.mtx",10605,10605,0.38,424587,2,"Guided+SIMD, chunk=16",0.216,671.98,2799.9,0.002,99.69,0,""
"11k_0p38.mtx",10605,10605,0.38,424587,2,"Guided+SIMD, chunk=32",0.216,671.77,2799.0,0.002,99.69,0,""
"11k_0p38.mtx",10605,10605,0.38,424587,2,"Static+SIMD+Affinity,",0.223,650.87,2712.0,0.002,99.68,0,""
"11k_0p38.mtx",10605,10605,0.38,424587,2,"Static+SIMD+Affinity,",0.222,655.12,2729.7,0.002,99.68,0,""
"11k_0p38.mtx",10605,10605,0.38,424587,2,"Guided+SIMD+Affinity,",0.218,667.91,2783.0,0.002,99.68,0,""
"11k_0p38.mtx",10605,10605,0.38,424587,2,"Guided+SIMD+Register,",0.216,674.39,2809.9,0.002,99.69,0,""
"11k_0p38.mtx",10605,10605,0.38,424587,2,"Guided+SIMD+Register,",0.216,674.31,2809.6,0.002,99.69,0,""
"11k_0p38.mtx",10605,10605,0.38,424587,2,"Static+SIMD+Register,",0.221,657.96,2741.5,0.002,99.68,0,""
"11k_0p38.mtx",10605,10605,0.38,424587,2,"Static+SIMD+Register,",0.222,655.31,2730.5,0.002,99.68,0,""
"11k_0p38.mtx",10605,10605,0.38,424587,2,"Task-based+SIMD",4.609,31.54,131.4,0.202,93.29,0,""
"11k_0p38.mtx",10605,10605,0.38,424587,2,"Guided+SIMD+Align+Affin,",0.217,670.87,2795.3,0.002,99.68,0,""
"11k_0p38.mtx",10605,10605,0.38,424587,2,"Static+SIMD+Align+Affin,",0.222,655.38,2730.8,0.002,99.68,0,""
"11k_0p38.mtx",10605,10605,0.38,424587,4,"Static (default)",34.363,4.23,17.6,0.011,0.00,0,""
"11k_0p38.mtx",10605,10605,0.38,424587,4,"Static, chunk=8",34.414,4.22,17.6,0.006,,0,""
"11k_0p38.mtx",10605,10605,0.38,424587,4,"Static, chunk=32",34.414,4.22,17.6,0.010,,0,""
"11k_0p38.mtx",10605,10605,0.38,424587,4,"Dynamic, chunk=8",34.447,4.22,17.6,0.009,,0,""
"11k_0p38.mtx",10605,10605,0.38,424587,4,"Dynamic, chunk=16",34.426,4.22,17.6,0.006,,0,""
"11k_0p38.mtx",10605,10605,0.38,424587,4,"Dynamic, chunk=32",34.414,4.22,17.6,0.012,,0,""
"11k_0p38.mtx",10605,10605,0.38,424587,4,"Dynamic, chunk=64",34.823,4.17,17.4,0.008,,0,""
"11k_0p38.mtx",10605,10605,0.38,424587,4,"Guided, chunk=8",34.373,4.22,17.6,0.013,,0,""
"11k_0p38.mtx",10605,10605,0.38,424587,4,"Guided, chunk=16",34.386,4.22,17.6,0.005,,0,""
"11k_0p38.mtx",10605,10605,0.38,424587,4,"Guided, chunk=32",34.423,4.22,17.6,0.010,,0,""
"11k_0p38.mtx",10605,10605,0.38,424587,4,"Auto (runtime)",34.352,4.23,17.6,0.009,0.03,0,""
"11k_0p38.mtx",10605,10605,0.38,424587,4,"Static+SIMD, chunk=8",0.121,1200.21,5000.9,0.002,99.65,0,""
"11k_0p38.mtx",10605,10605,0.38,424587,4,"Static+SIMD, chunk=16",0.115,1257.28,5238.7,0.000,99.66,0,""
"11k_0p38.mtx",10605,10605,0.38,424587,4,"Static+SIMD, chunk=32",0.115,1259.32,5247.2,0.001,99.66,0,""
"11k_0p38.mtx",10605,10605,0.38,424587,4,"Dynamic+SIMD, chunk=8",0.158,921.73,3840.6,0.001,99.54,0,""
"11k_0p38.mtx",10605,10605,0.38,424587,4,"Dynamic+SIMD, chunk=16",0.132,1096.21,4567.5,0.001,99.61,0,""
"11k_0p38.mtx",10605,10605,0.38,424587,4,"Dynamic+SIMD, chunk=32",0.121,1199.32,4997.2,0.001,99.65,0,""
"11k_0p38.mtx",10605,10605,0.38,424587,4,"Guided+SIMD, chunk=8",0.110,1318.66,5494.4,0.000,99.68,0,""
"11k_0p38.mtx",10605,10605,0.38,424587,4,"Guided+SIMD, chunk=16",0.110,1317.48,5489.5,0.001,99.68,0,""
"11k_0p38.mtx",10605,10605,0.38,424587,4,"Guided+SIMD, chunk=32",0.110,1321.90,5507.9,0.000,99.68,0,""
"11k_0p38.mtx",10605,10605,0.38,424587,4,"Static+SIMD+Affinity,",0.115,1260.33,5251.4,0.001,99.66,0,""
"11k_0p38.mtx",10605,10605,0.38,424587,4,"Static+SIMD+Affinity,",0.115,1263.60,5265.0,0.001,99.67,0,""
"11k_0p38.mtx",10605,10605,0.38,424587,4,"Guided+SIMD+Affinity,",0.110,1315.16,5479.9,0.000,99.68,0,""
"11k_0p38.mtx",10605,10605,0.38,424587,4,"Guided+SIMD+Register,",0.110,1324.38,5518.3,0.001,99.68,0,""
"11k_0p38.mtx",10605,10605,0.38,424587,4,"Guided+SIMD+Register,",0.110,1326.08,5525.3,0.000,99.68,0,""
"11k_0p38.mtx",10605,10605,0.38,424587,4,"Static+SIMD+Register,",0.114,1269.04,5287.7,0.001,99.67,0,""
"11k_0p38.mtx",10605,10605,0.38,424587,4,"Static+SIMD+Register,",0.115,1264.61,5269.2,0.001,99.67,0,""
"11k_0p38.mtx",10605,10605,0.38,424587,4,"Task-based+SIMD",14.632,9.92,41.4,0.104,57.42,0,""
"11k_0p38.mtx",10605,10605,0.38,424587,4,"Guided+SIMD+Align+Affin,",0.110,1317.75,5490.6,0.001,99.68,0,""
"11k_0p38.mtx",10605,10605,0.38,424587,4,"Static+SIMD+Align+Affin,",0.115,1264.25,5267.7,0.001,99.67,0,""
"11k_0p38.mtx",10605,10605,0.38,424587,8,"Static (default)",17.193,8.46,35.2,0.009,0.00,0,""
"11k_0p38.mtx",10605,10605,0.38,424587,8,"Static, chunk=8",17.228,8.44,35.2,0.012,,0,""
"11k_0p38.mtx",10605,10605,0.38,424587,8,"Static, chunk=32",17.787,8.17,34.1,0.053,,0,""
"11k_0p38.mtx",10605,10605,0.38,424587,8,"Dynamic, chunk=8",17.334,8.39,34.9,0.043,,0,""
"11k_0p38.mtx",10605,10605,0.38,424587,8,"Dynamic, chunk=16",17.404,8.35,34.8,0.010,,0,""
"11k_0p38.mtx",10605,10605,0.38,424587,8,"Dynamic, chunk=32",17.431,8.34,34.7,0.005,,0,""
"11k_0p38.mtx",10605,10605,0.38,424587,8,"Dynamic, chunk=64",17.418,8.35,34.8,0.006,,0,""
"11k_0p38.mtx",10605,10605,0.38,424587,8,"Guided, chunk=8",17.305,8.40,35.0,0.148,,0,""
"11k_0p38.mtx",10605,10605,0.38,424587,8,"Guided, chunk=16",17.274,8.42,35.1,0.031,,0,""
"11k_0p38.mtx",10605,10605,0.38,424587,8,"Guided, chunk=32",17.358,8.37,34.9,0.008,,0,""
"11k_0p38.mtx",10605,10605,0.38,424587,8,"Auto (runtime)",17.425,8.34,34.8,0.159,,0,""
"11k_0p38.mtx",10605,10605,0.38,424587,8,"Static+SIMD, chunk=8",0.067,2176.99,9070.8,0.001,99.61,0,""
"11k_0p38.mtx",10605,10605,0.38,424587,8,"Static+SIMD, chunk=16",0.064,2283.02,9512.6,0.001,99.63,0,""
"11k_0p38.mtx",10605,10605,0.38,424587,8,"Static+SIMD, chunk=32",0.062,2351.64,9798.5,0.001,99.64,0,""
"11k_0p38.mtx",10605,10605,0.38,424587,8,"Dynamic+SIMD, chunk=8",0.130,1119.89,4666.2,0.002,99.24,0,""
"11k_0p38.mtx",10605,10605,0.38,424587,8,"Dynamic+SIMD, chunk=16",0.090,1609.29,6705.4,0.001,99.47,0,""
"11k_0p38.mtx",10605,10605,0.38,424587,8,"Dynamic+SIMD, chunk=32",0.074,1963.55,8181.4,0.001,99.57,0,""
"11k_0p38.mtx",10605,10605,0.38,424587,8,"Guided+SIMD, chunk=8",0.063,2313.31,9638.8,0.001,99.63,0,""
"11k_0p38.mtx",10605,10605,0.38,424587,8,"Guided+SIMD, chunk=16",0.062,2354.87,9812.0,0.001,99.64,0,""
"11k_0p38.mtx",10605,10605,0.38,424587,8,"Guided+SIMD, chunk=32",0.062,2358.63,9827.6,0.001,99.64,0,""
"11k_0p38.mtx",10605,10605,0.38,424587,8,"Static+SIMD+Affinity,",0.064,2288.31,9534.6,0.001,99.63,0,""
"11k_0p38.mtx",10605,10605,0.38,424587,8,"Static+SIMD+Affinity,",0.062,2362.22,9842.6,0.001,99.64,0,""
"11k_0p38.mtx",10605,10605,0.38,424587,8,"Guided+SIMD+Affinity,",0.062,2344.65,9769.4,0.001,99.64,0,""
"11k_0p38.mtx",10605,10605,0.38,424587,8,"Guided+SIMD+Register,",0.062,2363.10,9846.2,0.001,99.64,0,""
"11k_0p38.mtx",10605,10605,0.38,424587,8,"Guided+SIMD+Register,",0.062,2341.28,9755.3,0.001,99.64,0,""
"11k_0p38.mtx",10605,10605,0.38,424587,8,"Static+SIMD+Register,",0.061,2380.00,9916.7,0.001,99.64,0,""
"11k_0p38.mtx",10605,10605,0.38,424587,8,"Static+SIMD+Register,",0.063,2293.72,9557.2,0.001,99.63,0,""
"11k_0p38.mtx",10605,10605,0.38,424587,8,"Task-based+SIMD",38.354,3.79,15.8,0.711,,0,""
"11k_0p38.mtx",10605,10605,0.38,424587,8,"Guided+SIMD+Align+Affin,",0.062,2356.08,9817.0,0.001,99.64,0,""
"11k_0p38.mtx",10605,10605,0.38,424587,8,"Static+SIMD+Align+Affin,",0.061,2370.00,9875.0,0.001,99.64,0,""
"11k_0p38.mtx",10605,10605,0.38,424587,12,"Static (default)",11.829,12.29,51.2,0.006,0.00,0,""
"11k_0p38.mtx",10605,10605,0.38,424587,12,"Static, chunk=8",11.872,12.24,51.0,0.157,,0,""
"11k_0p38.mtx",10605,10605,0.38,424587,12,"Static, chunk=32",12.276,11.84,49.3,0.026,,0,""
"11k_0p38.mtx",10605,10605,0.38,424587,12,"Dynamic, chunk=8",11.768,12.35,51.5,0.008,0.52,0,""
"11k_0p38.mtx",10605,10605,0.38,424587,12,"Dynamic, chunk=16",11.817,12.30,51.2,0.019,0.10,0,""
"11k_0p38.mtx",10605,10605,0.38,424587,12,"Dynamic, chunk=32",11.824,12.29,51.2,0.035,0.04,0,""
"11k_0p38.mtx",10605,10605,0.38,424587,12,"Dynamic, chunk=64",11.931,12.18,50.8,0.029,,0,""
"11k_0p38.mtx",10605,10605,0.38,424587,12,"Guided, chunk=8",11.781,12.34,51.4,0.182,0.40,0,""
"11k_0p38.mtx",10605,10605,0.38,424587,12,"Guided, chunk=16",11.778,12.34,51.4,0.173,0.43,0,""
"11k_0p38.mtx",10605,10605,0.38,424587,12,"Guided, chunk=32",11.907,12.21,50.9,0.146,,0,""
"11k_0p38.mtx",10605,10605,0.38,424587,12,"Auto (runtime)",12.065,12.05,50.2,0.040,,0,""
"11k_0p38.mtx",10605,10605,0.38,424587,12,"Static+SIMD, chunk=8",0.054,2704.77,11269.9,0.002,99.55,0,""
"11k_0p38.mtx",10605,10605,0.38,424587,12,"Static+SIMD, chunk=16",0.048,3006.02,12525.1,0.001,99.59,0,""
"11k_0p38.mtx",10605,10605,0.38,424587,12,"Static+SIMD, chunk=32",0.047,3071.92,12799.7,0.001,99.60,0,""
"11k_0p38.mtx",10605,10605,0.38,424587,12,"Dynamic+SIMD, chunk=8",0.134,1080.57,4502.4,0.003,98.86,0,""
"11k_0p38.mtx",10605,10605,0.38,424587,12,"Dynamic+SIMD, chunk=16",0.079,1830.20,7625.8,0.002,99.33,0,""
"11k_0p38.mtx",10605,10605,0.38,424587,12,"Dynamic+SIMD, chunk=32",0.061,2381.17,9921.5,0.001,99.48,0,""
"11k_0p38.mtx",10605,10605,0.38,424587,12,"Guided+SIMD, chunk=8",0.052,2786.85,11611.9,0.002,99.56,0,""
"11k_0p38.mtx",10605,10605,0.38,424587,12,"Guided+SIMD, chunk=16",0.052,2819.27,11747.0,0.002,99.56,0,""
"11k_0p38.mtx",10605,10605,0.38,424587,12,"Guided+SIMD, chunk=32",0.050,2908.33,12118.0,0.001,99.58,0,""
"11k_0p38.mtx",10605,10605,0.38,424587,12,"Static+SIMD+Affinity,",0.049,2964.81,12353.4,0.001,99.59,0,""
"11k_0p38.mtx",10605,10605,0.38,424587,12,"Static+SIMD+Affinity,",0.047,3085.56,12856.5,0.001,99.60,0,""
"11k_0p38.mtx",10605,10605,0.38,424587,12,"Guided+SIMD+Affinity,",0.050,2911.55,12131.4,0.001,99.58,0,""
"11k_0p38.mtx",10605,10605,0.38,424587,12,"Guided+SIMD+Register,",0.050,2912.25,12134.4,0.001,99.58,0,""
"11k_0p38.mtx",10605,10605,0.38,424587,12,"Guided+SIMD+Register,",0.051,2844.48,11852.0,0.001,99.57,0,""
"11k_0p38.mtx",10605,10605,0.38,424587,12,"Static+SIMD+Register,",0.047,3117.72,12990.5,0.001,99.61,0,""
"11k_0p38.mtx",10605,10605,0.38,424587,12,"Static+SIMD+Register,",0.048,3009.16,12538.2,0.001,99.59,0,""
"11k_0p38.mtx",10605,10605,0.38,424587,12,"Task-based+SIMD",63.097,2.30,9.6,4.496,,0,""
"11k_0p38.mtx",10605,10605,0.38,424587,12,"Guided+SIMD+Align+Affin,",0.047,3123.61,13015.1,0.001,99.61,0,""
"11k_0p38.mtx",10605,10605,0.38,424587,12,"Static+SIMD+Align+Affin,",0.046,3141.98,13091.6,0.001,99.61,0,""
"11k_0p38.mtx",10605,10605,0.38,424587,16,"Static (default)",8.878,16.54,68.9,0.005,0.00,0,""
"11k_0p38.mtx",10605,10605,0.38,424587,16,"Static, chunk=8",8.966,16.38,68.2,0.164,,0,""
"11k_0p38.mtx",10605,10605,0.38,424587,16,"Static, chunk=32",9.339,15.72,65.5,0.037,,0,""
"11k_0p38.mtx",10605,10605,0.38,424587,16,"Dynamic, chunk=8",8.940,16.42,68.4,0.044,,0,""
"11k_0p38.mtx",10605,10605,0.38,424587,16,"Dynamic, chunk=16",8.935,16.43,68.5,0.005,,0,""
"11k_0p38.mtx",10605,10605,0.38,424587,16,"Dynamic, chunk=32",9.089,16.15,67.3,0.026,,0,""
"11k_0p38.mtx",10605,10605,0.38,424587,16,"Dynamic, chunk=64",9.136,16.07,67.0,0.005,,0,""
"11k_0p38.mtx",10605,10605,0.38,424587,16,"Guided, chunk=8",8.895,16.51,68.8,0.048,,0,""
"11k_0p38.mtx",10605,10605,0.38,424587,16,"Guided, chunk=16",8.990,16.33,68.1,0.094,,0,""
"11k_0p38.mtx",10605,10605,0.38,424587,16,"Guided, chunk=32",8.971,16.37,68.2,0.062,,0,""
"11k_0p38.mtx",10605,10605,0.38,424587,16,"Auto (runtime)",9.144,16.06,66.9,0.014,,0,""
"11k_0p38.mtx",10605,10605,0.38,424587,16,"Static+SIMD, chunk=8",0.047,3118.37,12993.2,0.002,99.47,0,""
"11k_0p38.mtx",10605,10605,0.38,424587,16,"Static+SIMD, chunk=16",0.042,3490.94,14545.6,0.001,99.53,0,""
"11k_0p38.mtx",10605,10605,0.38,424587,16,"Static+SIMD, chunk=32",0.039,3779.51,15748.0,0.001,99.56,0,""
"11k_0p38.mtx",10605,10605,0.38,424587,16,"Dynamic+SIMD, chunk=8",0.141,1039.51,4331.3,0.002,98.41,0,""
"11k_0p38.mtx",10605,10605,0.38,424587,16,"Dynamic+SIMD, chunk=16",0.076,1926.92,8028.8,0.002,99.14,0,""
"11k_0p38.mtx",10605,10605,0.38,424587,16,"Dynamic+SIMD, chunk=32",0.056,2620.23,10917.6,0.002,99.37,0,""
"11k_0p38.mtx",10605,10605,0.38,424587,16,"Guided+SIMD, chunk=8",0.052,2835.13,11813.1,0.002,99.42,0,""
"11k_0p38.mtx",10605,10605,0.38,424587,16,"Guided+SIMD, chunk=16",0.050,2950.40,12293.4,0.002,99.44,0,""
"11k_0p38.mtx",10605,10605,0.38,424587,16,"Guided+SIMD, chunk=32",0.047,3151.73,13132.2,0.002,99.48,0,""
"11k_0p38.mtx",10605,10605,0.38,424587,16,"Static+SIMD+Affinity,",0.042,3536.58,14735.7,0.001,99.53,0,""
"11k_0p38.mtx",10605,10605,0.38,424587,16,"Static+SIMD+Affinity,",0.040,3667.76,15282.3,0.002,99.55,0,""
"11k_0p38.mtx",10605,10605,0.38,424587,16,"Guided+SIMD+Affinity,",0.047,3143.18,13096.6,0.002,99.47,0,""
"11k_0p38.mtx",10605,10605,0.38,424587,16,"Guided+SIMD+Register,",0.047,3117.53,12989.7,0.002,99.47,0,""
"11k_0p38.mtx",10605,10605,0.38,424587,16,"Guided+SIMD+Register,",0.049,2993.09,12471.2,0.002,99.45,0,""
"11k_0p38.mtx",10605,10605,0.38,424587,16,"Static+SIMD+Register,",0.039,3742.45,15593.5,0.002,99.56,0,""
"11k_0p38.mtx",10605,10605,0.38,424587,16,"Static+SIMD+Register,",0.042,3495.75,14565.6,0.001,99.53,0,""
"11k_0p38.mtx",10605,10605,0.38,424587,16,"Task-based+SIMD",90.255,1.63,6.8,7.991,,0,""
"11k_0p38.mtx",10605,10605,0.38,424587,16,"Guided+SIMD+Align+Affin,",0.044,3348.30,13951.3,0.002,99.51,0,""
"11k_0p38.mtx",10605,10605,0.38,424587,16,"Static+SIMD+Align+Affin,",0.038,3853.12,16054.7,0.002,99.57,0,""
"11k_0p38.mtx",10605,10605,0.38,424587,18,"Static (default)",7.899,18.42,76.7,0.008,0.00,0,""
"11k_0p38.mtx",10605,10605,0.38,424587,18,"Static, chunk=8",7.922,18.36,76.5,0.004,,0,""
"11k_0p38.mtx",10605,10605,0.38,424587,18,"Static, chunk=32",8.383,17.35,72.3,0.145,,0,""
"11k_0p38.mtx",10605,10605,0.38,424587,18,"Dynamic, chunk=8",8.058,18.05,75.2,0.005,,0,""
"11k_0p38.mtx",10605,10605,0.38,424587,18,"Dynamic, chunk=16",8.147,17.86,74.4,0.006,,0,""
"11k_0p38.mtx",10605,10605,0.38,424587,18,"Dynamic, chunk=32",8.147,17.85,74.4,0.004,,0,""
"11k_0p38.mtx",10605,10605,0.38,424587,18,"Dynamic, chunk=64",8.569,16.98,70.7,0.004,,0,""
"11k_0p38.mtx",10605,10605,0.38,424587,18,"Guided, chunk=8",8.017,18.15,75.6,0.035,,0,""
"11k_0p38.mtx",10605,10605,0.38,424587,18,"Guided, chunk=16",8.069,18.03,75.1,0.044,,0,""
"11k_0p38.mtx",10605,10605,0.38,424587,18,"Guided, chunk=32",8.094,17.97,74.9,0.028,,0,""
"11k_0p38.mtx",10605,10605,0.38,424587,18,"Auto (runtime)",8.137,17.88,74.5,0.014,,0,""
"11k_0p38.mtx",10605,10605,0.38,424587,18,"Static+SIMD, chunk=8",0.041,3583.11,14929.6,0.002,99.49,0,""
"11k_0p38.mtx",10605,10605,0.38,424587,18,"Static+SIMD, chunk=16",0.037,3912.14,16300.6,0.001,99.53,0,""
"11k_0p38.mtx",10605,10605,0.38,424587,18,"Static+SIMD, chunk=32",0.035,4191.81,17465.9,0.001,99.56,0,""
"11k_0p38.mtx",10605,10605,0.38,424587,18,"Dynamic+SIMD, chunk=8",0.128,1140.35,4751.5,0.003,98.39,0,""
"11k_0p38.mtx",10605,10605,0.38,424587,18,"Dynamic+SIMD, chunk=16",0.069,2106.55,8777.3,0.002,99.13,0,""
"11k_0p38.mtx",10605,10605,0.38,424587,18,"Dynamic+SIMD, chunk=32",0.050,2931.41,12214.2,0.001,99.37,0,""
"11k_0p38.mtx",10605,10605,0.38,424587,18,"Guided+SIMD, chunk=8",0.050,2937.25,12238.6,0.002,99.37,0,""
"11k_0p38.mtx",10605,10605,0.38,424587,18,"Guided+SIMD, chunk=16",0.047,3109.82,12957.6,0.002,99.41,0,""
"11k_0p38.mtx",10605,10605,0.38,424587,18,"Guided+SIMD, chunk=32",0.043,3384.43,14101.8,0.001,99.46,0,""
"11k_0p38.mtx",10605,10605,0.38,424587,18,"Static+SIMD+Affinity,",0.037,3901.57,16256.5,0.001,99.53,0,""
"11k_0p38.mtx",10605,10605,0.38,424587,18,"Static+SIMD+Affinity,",0.035,4211.57,17548.2,0.001,99.56,0,""
"11k_0p38.mtx",10605,10605,0.38,424587,18,"Guided+SIMD+Affinity,",0.043,3403.30,14180.4,0.002,99.46,0,""
"11k_0p38.mtx",10605,10605,0.38,424587,18,"Guided+SIMD+Register,",0.044,3307.40,13780.8,0.002,99.44,0,""
"11k_0p38.mtx",10605,10605,0.38,424587,18,"Guided+SIMD+Register,",0.047,3122.22,13009.2,0.002,99.41,0,""
"11k_0p38.mtx",10605,10605,0.38,424587,18,"Static+SIMD+Register,",0.035,4198.53,17493.9,0.001,99.56,0,""
"11k_0p38.mtx",10605,10605,0.38,424587,18,"Static+SIMD+Register,",0.037,3919.17,16329.9,0.001,99.53,0,""
"11k_0p38.mtx",10605,10605,0.38,424587,18,"Task-based+SIMD",78.685,1.85,7.7,15.565,,0,""
"11k_0p38.mtx",10605,10605,0.38,424587,18,"Guided+SIMD+Align+Affin,",0.040,3647.02,15195.9,0.001,99.50,0,""
"11k_0p38.mtx",10605,10605,0.38,424587,18,"Static+SIMD+Align+Affin,",0.034,4310.97,17962.4,0.001,99.57,0,""
"11k_0p38.mtx",10605,10605,0.38,424587,20,"Static (default)",7.123,21.10,87.9,0.006,0.00,0,""
"11k_0p38.mtx",10605,10605,0.38,424587,20,"Static, chunk=8",7.655,19.63,81.8,0.056,,0,""
"11k_0p38.mtx",10605,10605,0.38,424587,20,"Static, chunk=32",7.646,19.65,81.9,0.022,,0,""
"11k_0p38.mtx",10605,10605,0.38,424587,20,"Dynamic, chunk=8",7.308,20.56,85.7,0.016,,0,""
"11k_0p38.mtx",10605,10605,0.38,424587,20,"Dynamic, chunk=16",7.300,20.59,85.8,0.006,,0,""
"11k_0p38.mtx",10605,10605,0.38,424587,20,"Dynamic, chunk=32",7.435,20.21,84.2,0.023,,0,""
"11k_0p38.mtx",10605,10605,0.38,424587,20,"Dynamic, chunk=64",7.716,19.48,81.2,0.004,,0,""
"11k_0p38.mtx",10605,10605,0.38,424587,20,"Guided, chunk=8",7.263,20.69,86.2,0.022,,0,""
"11k_0p38.mtx",10605,10605,0.38,424587,20,"Guided, chunk=16",7.328,20.51,85.5,0.024,,0,""
"11k_0p38.mtx",10605,10605,0.38,424587,20,"Guided, chunk=32",7.405,20.29,84.6,0.020,,0,""
"11k_0p38.mtx",10605,10605,0.38,424587,20,"Auto (runtime)",7.340,20.48,85.3,0.005,,0,""
"11k_0p38.mtx",10605,10605,0.38,424587,20,"Static+SIMD, chunk=8",0.045,3320.06,13833.6,0.002,99.36,0,""
"11k_0p38.mtx",10605,10605,0.38,424587,20,"Static+SIMD, chunk=16",0.039,3814.15,15892.3,0.002,99.45,0,""
"11k_0p38.mtx",10605,10605,0.38,424587,20,"Static+SIMD, chunk=32",0.037,4086.72,17028.0,0.001,99.48,0,""
"11k_0p38.mtx",10605,10605,0.38,424587,20,"Dynamic+SIMD, chunk=8",0.127,1185.01,4937.5,0.002,98.22,0,""
"11k_0p38.mtx",10605,10605,0.38,424587,20,"Dynamic+SIMD, chunk=16",0.072,2090.15,8709.0,0.002,98.99,0,""
"11k_0p38.mtx",10605,10605,0.38,424587,20,"Dynamic+SIMD, chunk=32",0.052,2914.19,12142.5,0.002,99.28,0,""
"11k_0p38.mtx",10605,10605,0.38,424587,20,"Guided+SIMD, chunk=8",0.055,2731.54,11381.4,0.002,99.23,0,""
"11k_0p38.mtx",10605,10605,0.38,424587,20,"Guided+SIMD, chunk=16",0.052,2916.30,12151.3,0.003,99.28,0,""
"11k_0p38.mtx",10605,10605,0.38,424587,20,"Guided+SIMD, chunk=32",0.048,3111.26,12963.6,0.002,99.32,0,""
"11k_0p38.mtx",10605,10605,0.38,424587,20,"Static+SIMD+Affinity,",0.039,3885.29,16188.7,0.001,99.46,0,""
"11k_0p38.mtx",10605,10605,0.38,424587,20,"Static+SIMD+Affinity,",0.037,4075.00,16979.2,0.001,99.48,0,""
"11k_0p38.mtx",10605,10605,0.38,424587,20,"Guided+SIMD+Affinity,",0.047,3172.80,13220.0,0.002,99.34,0,""
"11k_0p38.mtx",10605,10605,0.38,424587,20,"Guided+SIMD+Register,",0.048,3153.42,13139.3,0.002,99.33,0,""
"11k_0p38.mtx",10605,10605,0.38,424587,20,"Guided+SIMD+Register,",0.051,2953.48,12306.2,0.002,99.29,0,""
"11k_0p38.mtx",10605,10605,0.38,424587,20,"Static+SIMD+Register,",0.037,4079.21,16996.7,0.002,99.48,0,""
"11k_0p38.mtx",10605,10605,0.38,424587,20,"Static+SIMD+Register,",0.039,3865.54,16106.4,0.001,99.45,0,""
"11k_0p38.mtx",10605,10605,0.38,424587,20,"Task-based+SIMD",102.759,1.46,6.1,4.013,,0,""
"11k_0p38.mtx",10605,10605,0.38,424587,20,"Guided+SIMD+Align+Affin,",0.049,3037.65,12656.9,0.003,99.31,0,""
"11k_0p38.mtx",10605,10605,0.38,424587,20,"Static+SIMD+Align+Affin,",0.038,3954.56,16477.3,0.002,99.47,0,""
"11k_0p38.mtx",10605,10605,0.38,424587,22,"Static (default)",6.485,22.38,93.3,0.012,0.00,0,""
"11k_0p38.mtx",10605,10605,0.38,424587,22,"Static, chunk=8",6.769,21.44,89.3,0.017,,0,""
"11k_0p38.mtx",10605,10605,0.38,424587,22,"Static, chunk=32",7.003,20.73,86.4,0.166,,0,""
"11k_0p38.mtx",10605,10605,0.38,424587,22,"Dynamic, chunk=8",6.736,21.55,89.8,0.011,,0,""
"11k_0p38.mtx",10605,10605,0.38,424587,22,"Dynamic, chunk=16",6.662,21.79,90.8,0.007,,0,""
"11k_0p38.mtx",10605,10605,0.38,424587,22,"Dynamic, chunk=32",6.863,21.15,88.1,0.005,,0,""
"11k_0p38.mtx",10605,10605,0.38,424587,22,"Dynamic, chunk=64",6.982,20.79,86.6,0.046,,0,""
"11k_0p38.mtx",10605,10605,0.38,424587,22,"Guided, chunk=8",6.695,21.68,90.3,0.040,,0,""
"11k_0p38.mtx",10605,10605,0.38,424587,22,"Guided, chunk=16",6.741,21.53,89.7,0.038,,0,""
"11k_0p38.mtx",10605,10605,0.38,424587,22,"Guided, chunk=32",6.869,21.13,88.0,0.023,,0,""
"11k_0p38.mtx",10605,10605,0.38,424587,22,"Auto (runtime)",6.825,21.27,88.6,0.022,,0,""
"11k_0p38.mtx",10605,10605,0.38,424587,22,"Static+SIMD, chunk=8",0.042,3419.16,14246.5,0.003,99.35,0,""
"11k_0p38.mtx",10605,10605,0.38,424587,22,"Static+SIMD, chunk=16",0.036,4024.12,16767.2,0.001,99.44,0,""
"11k_0p38.mtx",10605,10605,0.38,424587,22,"Static+SIMD, chunk=32",0.034,4216.35,17568.1,0.001,99.47,0,""
"11k_0p38.mtx",10605,10605,0.38,424587,22,"Dynamic+SIMD, chunk=8",0.138,1053.31,4388.8,0.004,97.88,0,""
"11k_0p38.mtx",10605,10605,0.38,424587,22,"Dynamic+SIMD, chunk=16",0.078,1871.19,7796.6,0.003,98.80,0,""
"11k_0p38.mtx",10605,10605,0.38,424587,22,"Dynamic+SIMD, chunk=32",0.053,2757.60,11490.0,0.003,99.19,0,""
"11k_0p38.mtx",10605,10605,0.38,424587,22,"Guided+SIMD, chunk=8",0.057,2560.58,10669.1,0.002,99.13,0,""
"11k_0p38.mtx",10605,10605,0.38,424587,22,"Guided+SIMD, chunk=16",0.053,2751.65,11465.2,0.002,99.19,0,""
"11k_0p38.mtx",10605,10605,0.38,424587,22,"Guided+SIMD, chunk=32",0.048,2998.09,12492.1,0.003,99.25,0,""
"11k_0p38.mtx",10605,10605,0.38,424587,22,"Static+SIMD+Affinity,",0.039,3715.28,15480.3,0.003,99.40,0,""
"11k_0p38.mtx",10605,10605,0.38,424587,22,"Static+SIMD+Affinity,",0.034,4261.35,17755.6,0.001,99.47,0,""
"11k_0p38.mtx",10605,10605,0.38,424587,22,"Guided+SIMD+Affinity,",0.048,2996.00,12483.3,0.002,99.25,0,""
"11k_0p38.mtx",10605,10605,0.38,424587,22,"Guided+SIMD+Register,",0.047,3084.83,12853.5,0.002,99.27,0,""
"11k_0p38.mtx",10605,10605,0.38,424587,22,"Guided+SIMD+Register,",0.053,2723.64,11348.5,0.002,99.18,0,""
"11k_0p38.mtx",10605,10605,0.38,424587,22,"Static+SIMD+Register,",0.036,4066.45,16943.5,0.002,99.45,0,""
"11k_0p38.mtx",10605,10605,0.38,424587,22,"Static+SIMD+Register,",0.036,4058.21,16909.2,0.001,99.45,0,""
"11k_0p38.mtx",10605,10605,0.38,424587,22,"Task-based+SIMD",109.789,1.32,5.5,26.482,,0,""
"11k_0p38.mtx",10605,10605,0.38,424587,22,"Guided+SIMD+Align+Affin,",0.045,3223.23,13430.1,0.003,99.31,0,""
"11k_0p38.mtx",10605,10605,0.38,424587,22,"Static+SIMD+Align+Affin,",0.032,4495.53,18731.4,0.001,99.50,0,""
"11k_0p38.mtx",10605,10605,0.38,424587,24,"Static (default)",6.322,23.18,96.6,0.008,0.00,0,""
"11k_0p38.mtx",10605,10605,0.38,424587,24,"Static, chunk=8",6.404,22.89,95.4,0.004,,0,""
"11k_0p38.mtx",10605,10605,0.38,424587,24,"Static, chunk=32",6.396,22.92,95.5,0.016,,0,""
"11k_0p38.mtx",10605,10605,0.38,424587,24,"Dynamic, chunk=8",6.100,24.03,100.1,0.035,3.52,0,""
"11k_0p38.mtx",10605,10605,0.38,424587,24,"Dynamic, chunk=16",6.102,24.02,100.1,0.012,3.49,0,""
"11k_0p38.mtx",10605,10605,0.38,424587,24,"Dynamic, chunk=32",6.147,23.84,99.4,0.067,2.77,0,""
"11k_0p38.mtx",10605,10605,0.38,424587,24,"Dynamic, chunk=64",6.344,23.11,96.3,0.018,,0,""
"11k_0p38.mtx",10605,10605,0.38,424587,24,"Guided, chunk=8",6.208,23.61,98.4,0.032,1.81,0,""
"11k_0p38.mtx",10605,10605,0.38,424587,24,"Guided, chunk=16",6.227,23.54,98.1,0.038,1.51,0,""
"11k_0p38.mtx",10605,10605,0.38,424587,24,"Guided, chunk=32",6.375,22.99,95.8,0.018,,0,""
"11k_0p38.mtx",10605,10605,0.38,424587,24,"Auto (runtime)",6.246,23.47,97.8,0.022,1.20,0,""
"11k_0p38.mtx",10605,10605,0.38,424587,24,"Static+SIMD, chunk=8",0.043,3405.47,14189.4,0.002,99.32,0,""
"11k_0p38.mtx",10605,10605,0.38,424587,24,"Static+SIMD, chunk=16",0.042,3531.75,14715.6,0.003,99.34,0,""
"11k_0p38.mtx",10605,10605,0.38,424587,24,"Static+SIMD, chunk=32",0.039,3797.58,15823.3,0.002,99.39,0,""
"11k_0p38.mtx",10605,10605,0.38,424587,24,"Dynamic+SIMD, chunk=8",0.129,1135.79,4732.5,0.003,97.96,0,""
"11k_0p38.mtx",10605,10605,0.38,424587,24,"Dynamic+SIMD, chunk=16",0.073,2008.68,8369.5,0.002,98.85,0,""
"11k_0p38.mtx",10605,10605,0.38,424587,24,"Dynamic+SIMD, chunk=32",0.050,2906.44,12110.2,0.002,99.20,0,""
"11k_0p38.mtx",10605,10605,0.38,424587,24,"Guided+SIMD, chunk=8",0.057,2582.00,10758.3,0.003,99.10,0,""
"11k_0p38.mtx",10605,10605,0.38,424587,24,"Guided+SIMD, chunk=16",0.053,2775.39,11564.1,0.002,99.16,0,""
"11k_0p38.mtx",10605,10605,0.38,424587,24,"Guided+SIMD, chunk=32",0.048,3039.24,12663.5,0.002,99.24,0,""
"11k_0p38.mtx",10605,10605,0.38,424587,24,"Static+SIMD+Affinity,",0.040,3709.06,15454.4,0.003,99.37,0,""
"11k_0p38.mtx",10605,10605,0.38,424587,24,"Static+SIMD+Affinity,",0.032,4544.85,18936.9,0.001,99.49,0,""
"11k_0p38.mtx",10605,10605,0.38,424587,24,"Guided+SIMD+Affinity,",0.049,2973.08,12387.8,0.002,99.22,0,""
"11k_0p38.mtx",10605,10605,0.38,424587,24,"Guided+SIMD+Register,",0.049,3004.47,12518.6,0.003,99.23,0,""
"11k_0p38.mtx",10605,10605,0.38,424587,24,"Guided+SIMD+Register,",0.053,2790.75,11628.1,0.002,99.17,0,""
"11k_0p38.mtx",10605,10605,0.38,424587,24,"Static+SIMD+Register,",0.033,4467.74,18615.6,0.001,99.48,0,""
"11k_0p38.mtx",10605,10605,0.38,424587,24,"Static+SIMD+Register,",0.038,3843.89,16016.2,0.002,99.40,0,""
"11k_0p38.mtx",10605,10605,0.38,424587,24,"Task-based+SIMD",121.078,1.21,5.0,8.176,,0,""
"11k_0p38.mtx",10605,10605,0.38,424587,24,"Guided+SIMD+Align+Affin,",0.050,2944.36,12268.2,0.002,99.21,0,""
"11k_0p38.mtx",10605,10605,0.38,424587,24,"Static+SIMD+Align+Affin,",0.033,4398.10,18325.4,0.001,99.47,0,""
"15k_0p41.mtx",15449,15449,0.81,1930655,1,"Static (default)",291.480,1.06,4.4,0.063,0.00,0,""
"15k_0p41.mtx",15449,15449,0.81,1930655,1,"Static, chunk=8",291.465,1.06,4.4,0.051,0.01,0,""
"15k_0p41.mtx",15449,15449,0.81,1930655,1,"Static, chunk=32",291.457,1.06,4.4,0.053,0.01,0,""
"15k_0p41.mtx",15449,15449,0.81,1930655,1,"Dynamic, chunk=8",291.551,1.06,4.4,0.048,,0,""
"15k_0p41.mtx",15449,15449,0.81,1930655,1,"Dynamic, chunk=16",291.499,1.06,4.4,0.065,,0,""
"15k_0p41.mtx",15449,15449,0.81,1930655,1,"Dynamic, chunk=32",291.448,1.06,4.4,0.082,0.01,0,""
"15k_0p41.mtx",15449,15449,0.81,1930655,1,"Dynamic, chunk=64",291.469,1.06,4.4,0.061,0.00,0,""
"15k_0p41.mtx",15449,15449,0.81,1930655,1,"Guided, chunk=8",291.453,1.06,4.4,0.086,0.01,0,""
"15k_0p41.mtx",15449,15449,0.81,1930655,1,"Guided, chunk=16",291.431,1.06,4.4,0.090,0.02,0,""
"15k_0p41.mtx",15449,15449,0.81,1930655,1,"Guided, chunk=32",291.448,1.06,4.4,0.077,0.01,0,""
"15k_0p41.mtx",15449,15449,0.81,1930655,1,"Auto (runtime)",291.431,1.06,4.4,0.091,0.02,0,""
"15k_0p41.mtx",15449,15449,0.81,1930655,1,"Static+SIMD, chunk=8",2.181,141.79,590.8,0.003,99.25,0,""
"15k_0p41.mtx",15449,15449,0.81,1930655,1,"Static+SIMD, chunk=16",2.166,142.79,595.0,0.002,99.26,0,""
"15k_0p41.mtx",15449,15449,0.81,1930655,1,"Static+SIMD, chunk=32",2.159,143.22,596.8,0.002,99.26,0,""
"15k_0p41.mtx",15449,15449,0.81,1930655,1,"Dynamic+SIMD, chunk=8",2.221,139.23,580.1,0.002,99.24,0,""
"15k_0p41.mtx",15449,15449,0.81,1930655,1,"Dynamic+SIMD, chunk=16",2.192,141.09,587.9,0.002,99.25,0,""
"15k_0p41.mtx",15449,15449,0.81,1930655,1,"Dynamic+SIMD, chunk=32",2.180,141.86,591.1,0.002,99.25,0,""
"15k_0p41.mtx",15449,15449,0.81,1930655,1,"Guided+SIMD, chunk=8",2.153,143.67,598.6,0.002,99.26,0,""
"15k_0p41.mtx",15449,15449,0.81,1930655,1,"Guided+SIMD, chunk=16",2.153,143.67,598.6,0.002,99.26,0,""
"15k_0p41.mtx",15449,15449,0.81,1930655,1,"Guided+SIMD, chunk=32",2.153,143.68,598.7,0.002,99.26,0,""
"15k_0p41.mtx",15449,15449,0.81,1930655,1,"Static+SIMD+Affinity,",2.153,143.66,598.6,0.002,99.26,0,""
"15k_0p41.mtx",15449,15449,0.81,1930655,1,"Static+SIMD+Affinity,",2.150,143.88,599.5,0.001,99.26,0,""
"15k_0p41.mtx",15449,15449,0.81,1930655,1,"Guided+SIMD+Affinity,",2.166,142.82,595.1,0.001,99.26,0,""
"15k_0p41.mtx",15449,15449,0.81,1930655,1,"Guided+SIMD+Register,",2.155,143.52,598.0,0.002,99.26,0,""
"15k_0p41.mtx",15449,15449,0.81,1930655,1,"Guided+SIMD+Register,",2.155,143.51,598.0,0.002,99.26,0,""
"15k_0p41.mtx",15449,15449,0.81,1930655,1,"Static+SIMD+Register,",2.157,143.41,597.5,0.002,99.26,0,""
"15k_0p41.mtx",15449,15449,0.81,1930655,1,"Static+SIMD+Register,",2.160,143.19,596.6,0.001,99.26,0,""
"15k_0p41.mtx",15449,15449,0.81,1930655,1,"Task-based+SIMD",2.391,129.35,539.0,0.003,99.18,0,""
"15k_0p41.mtx",15449,15449,0.81,1930655,1,"Guided+SIMD+Align+Affin,",2.155,143.54,598.1,0.003,99.26,0,""
"15k_0p41.mtx",15449,15449,0.81,1930655,1,"Static+SIMD+Align+Affin,",2.150,143.83,599.3,0.001,99.26,0,""
"15k_0p41.mtx",15449,15449,0.81,1930655,2,"Static (default)",145.771,2.12,8.8,0.060,0.00,0,""
"15k_0p41.mtx",15449,15449,0.81,1930655,2,"Static, chunk=8",145.838,2.12,8.8,0.027,,0,""
"15k_0p41.mtx",15449,15449,0.81,1930655,2,"Static, chunk=32",145.995,2.12,8.8,0.030,,0,""
"15k_0p41.mtx",15449,15449,0.81,1930655,2,"Dynamic, chunk=8",145.966,2.12,8.8,0.030,,0,""
"15k_0p41.mtx",15449,15449,0.81,1930655,2,"Dynamic, chunk=16",145.854,2.12,8.8,0.064,,0,""
"15k_0p41.mtx",15449,15449,0.81,1930655,2,"Dynamic, chunk=32",145.998,2.12,8.8,0.045,,0,""
"15k_0p41.mtx",15449,15449,0.81,1930655,2,"Dynamic, chunk=64",146.099,2.12,8.8,0.047,,0,""
"15k_0p41.mtx",15449,15449,0.81,1930655,2,"Guided, chunk=8",145.734,2.12,8.8,0.044,0.03,0,""
"15k_0p41.mtx",15449,15449,0.81,1930655,2,"Guided, chunk=16",145.725,2.12,8.8,0.053,0.03,0,""
"15k_0p41.mtx",15449,15449,0.81,1930655,2,"Guided, chunk=32",145.729,2.12,8.8,0.048,0.03,0,""
"15k_0p41.mtx",15449,15449,0.81,1930655,2,"Auto (runtime)",145.748,2.12,8.8,0.048,0.02,0,""
"15k_0p41.mtx",15449,15449,0.81,1930655,2,"Static+SIMD, chunk=8",1.118,276.46,1151.9,0.001,99.23,0,""
"15k_0p41.mtx",15449,15449,0.81,1930655,2,"Static+SIMD, chunk=16",1.098,281.40,1172.5,0.001,99.25,0,""
"15k_0p41.mtx",15449,15449,0.81,1930655,2,"Static+SIMD, chunk=32",1.093,282.84,1178.5,0.001,99.25,0,""
"15k_0p41.mtx",15449,15449,0.81,1930655,2,"Dynamic+SIMD, chunk=8",1.216,254.12,1058.8,0.002,99.17,0,""
"15k_0p41.mtx",15449,15449,0.81,1930655,2,"Dynamic+SIMD, chunk=16",1.150,268.85,1120.2,0.001,99.21,0,""
"15k_0p41.mtx",15449,15449,0.81,1930655,2,"Dynamic+SIMD, chunk=32",1.119,276.12,1150.5,0.001,99.23,0,""
"15k_0p41.mtx",15449,15449,0.81,1930655,2,"Guided+SIMD, chunk=8",1.077,286.96,1195.7,0.001,99.26,0,""
"15k_0p41.mtx",15449,15449,0.81,1930655,2,"Guided+SIMD, chunk=16",1.078,286.83,1195.1,0.001,99.26,0,""
"15k_0p41.mtx",15449,15449,0.81,1930655,2,"Guided+SIMD, chunk=32",1.077,286.90,1195.4,0.001,99.26,0,""
"15k_0p41.mtx",15449,15449,0.81,1930655,2,"Static+SIMD+Affinity,",1.092,283.06,1179.4,0.001,99.25,0,""
"15k_0p41.mtx",15449,15449,0.81,1930655,2,"Static+SIMD+Affinity,",1.088,284.16,1184.0,0.001,99.25,0,""
"15k_0p41.mtx",15449,15449,0.81,1930655,2,"Guided+SIMD+Affinity,",1.085,284.90,1187.1,0.001,99.26,0,""
"15k_0p41.mtx",15449,15449,0.81,1930655,2,"Guided+SIMD+Register,",1.079,286.37,1193.2,0.001,99.26,0,""
"15k_0p41.mtx",15449,15449,0.81,1930655,2,"Guided+SIMD+Register,",1.079,286.42,1193.4,0.001,99.26,0,""
"15k_0p41.mtx",15449,15449,0.81,1930655,2,"Static+SIMD+Register,",1.092,283.17,1179.9,0.001,99.25,0,""
"15k_0p41.mtx",15449,15449,0.81,1930655,2,"Static+SIMD+Register,",1.096,282.12,1175.5,0.001,99.25,0,""
"15k_0p41.mtx",15449,15449,0.81,1930655,2,"Task-based+SIMD",8.592,35.97,149.9,0.110,94.11,0,""
"15k_0p41.mtx",15449,15449,0.81,1930655,2,"Guided+SIMD+Align+Affin,",1.078,286.74,1194.8,0.001,99.26,0,""
"15k_0p41.mtx",15449,15449,0.81,1930655,2,"Static+SIMD+Align+Affin,",1.087,284.36,1184.8,0.001,99.25,0,""
"15k_0p41.mtx",15449,15449,0.81,1930655,4,"Static (default)",72.905,4.24,17.7,0.022,0.00,0,""
"15k_0p41.mtx",15449,15449,0.81,1930655,4,"Static, chunk=8",73.075,4.23,17.6,0.173,,0,""
"15k_0p41.mtx",15449,15449,0.81,1930655,4,"Static, chunk=32",73.223,4.22,17.6,0.028,,0,""
"15k_0p41.mtx",15449,15449,0.81,1930655,4,"Dynamic, chunk=8",72.978,4.24,17.7,0.033,,0,""
"15k_0p41.mtx",15449,15449,0.81,1930655,4,"Dynamic, chunk=16",73.079,4.23,17.6,0.036,,0,""
"15k_0p41.mtx",15449,15449,0.81,1930655,4,"Dynamic, chunk=32",73.063,4.23,17.6,0.027,,0,""
"15k_0p41.mtx",15449,15449,0.81,1930655,4,"Dynamic, chunk=64",73.661,4.20,17.5,0.029,,0,""
"15k_0p41.mtx",15449,15449,0.81,1930655,4,"Guided, chunk=8",72.898,4.24,17.7,0.036,0.01,0,""
"15k_0p41.mtx",15449,15449,0.81,1930655,4,"Guided, chunk=16",72.896,4.24,17.7,0.024,0.01,0,""
"15k_0p41.mtx",15449,15449,0.81,1930655,4,"Guided, chunk=32",72.941,4.24,17.7,0.027,,0,""
"15k_0p41.mtx",15449,15449,0.81,1930655,4,"Auto (runtime)",72.878,4.24,17.7,0.032,0.04,0,""
"15k_0p41.mtx",15449,15449,0.81,1930655,4,"Static+SIMD, chunk=8",0.562,550.67,2294.5,0.003,99.23,0,""
"15k_0p41.mtx",15449,15449,0.81,1930655,4,"Static+SIMD, chunk=16",0.559,553.53,2306.4,0.003,99.23,0,""
"15k_0p41.mtx",15449,15449,0.81,1930655,4,"Static+SIMD, chunk=32",0.548,563.92,2349.7,0.003,99.25,0,""
"15k_0p41.mtx",15449,15449,0.81,1930655,4,"Dynamic+SIMD, chunk=8",0.626,494.08,2058.7,0.003,99.14,0,""
"15k_0p41.mtx",15449,15449,0.81,1930655,4,"Dynamic+SIMD, chunk=16",0.584,529.81,2207.5,0.003,99.20,0,""
"15k_0p41.mtx",15449,15449,0.81,1930655,4,"Dynamic+SIMD, chunk=32",0.566,546.45,2276.9,0.003,99.22,0,""
"15k_0p41.mtx",15449,15449,0.81,1930655,4,"Guided+SIMD, chunk=8",0.541,571.58,2381.6,0.003,99.26,0,""
"15k_0p41.mtx",15449,15449,0.81,1930655,4,"Guided+SIMD, chunk=16",0.541,571.40,2380.8,0.003,99.26,0,""
"15k_0p41.mtx",15449,15449,0.81,1930655,4,"Guided+SIMD, chunk=32",0.542,570.01,2375.0,0.003,99.26,0,""
"15k_0p41.mtx",15449,15449,0.81,1930655,4,"Static+SIMD+Affinity,",0.555,556.64,2319.3,0.003,99.24,0,""
"15k_0p41.mtx",15449,15449,0.81,1930655,4,"Static+SIMD+Affinity,",0.546,566.46,2360.3,0.003,99.25,0,""
"15k_0p41.mtx",15449,15449,0.81,1930655,4,"Guided+SIMD+Affinity,",0.546,566.16,2359.0,0.003,99.25,0,""
"15k_0p41.mtx",15449,15449,0.81,1930655,4,"Guided+SIMD+Register,",0.543,569.42,2372.6,0.003,99.26,0,""
"15k_0p41.mtx",15449,15449,0.81,1930655,4,"Guided+SIMD+Register,",0.542,570.39,2376.6,0.003,99.26,0,""
"15k_0p41.mtx",15449,15449,0.81,1930655,4,"Static+SIMD+Register,",0.548,564.35,2351.5,0.003,99.25,0,""
"15k_0p41.mtx",15449,15449,0.81,1930655,4,"Static+SIMD+Register,",0.557,554.73,2311.4,0.003,99.24,0,""
"15k_0p41.mtx",15449,15449,0.81,1930655,4,"Task-based+SIMD",19.277,16.04,66.8,0.134,73.56,0,""
"15k_0p41.mtx",15449,15449,0.81,1930655,4,"Guided+SIMD+Align+Affin,",0.543,569.91,2374.6,0.003,99.26,0,""
"15k_0p41.mtx",15449,15449,0.81,1930655,4,"Static+SIMD+Align+Affin,",0.545,567.38,2364.1,0.002,99.25,0,""
"15k_0p41.mtx",15449,15449,0.81,1930655,8,"Static (default)",36.489,8.47,35.3,0.042,0.00,0,""
"15k_0p41.mtx",15449,15449,0.81,1930655,8,"Static, chunk=8",36.786,8.40,35.0,0.319,,0,""
"15k_0p41.mtx",15449,15449,0.81,1930655,8,"Static, chunk=32",37.128,8.32,34.7,0.194,,0,""
"15k_0p41.mtx",15449,15449,0.81,1930655,8,"Dynamic, chunk=8",36.625,8.43,35.1,0.014,,0,""
"15k_0p41.mtx",15449,15449,0.81,1930655,8,"Dynamic, chunk=16",36.578,8.45,35.2,0.012,,0,""
"15k_0p41.mtx",15449,15449,0.81,1930655,8,"Dynamic, chunk=32",36.864,8.38,34.9,0.010,,0,""
"15k_0p41.mtx",15449,15449,0.81,1930655,8,"Dynamic, chunk=64",37.461,8.25,34.4,0.011,,0,""
"15k_0p41.mtx",15449,15449,0.81,1930655,8,"Guided, chunk=8",36.532,8.46,35.2,0.013,,0,""
"15k_0p41.mtx",15449,15449,0.81,1930655,8,"Guided, chunk=16",36.542,8.45,35.2,0.014,,0,""
"15k_0p41.mtx",15449,15449,0.81,1930655,8,"Guided, chunk=32",36.633,8.43,35.1,0.012,,0,""
"15k_0p41.mtx",15449,15449,0.81,1930655,8,"Auto (runtime)",36.502,8.46,35.3,0.036,,0,""
"15k_0p41.mtx",15449,15449,0.81,1930655,8,"Static+SIMD, chunk=8",0.294,1052.06,4383.6,0.003,99.20,0,""
"15k_0p41.mtx",15449,15449,0.81,1930655,8,"Static+SIMD, chunk=16",0.285,1085.61,4523.4,0.003,99.22,0,""
"15k_0p41.mtx",15449,15449,0.81,1930655,8,"Static+SIMD, chunk=32",0.283,1091.01,4545.9,0.002,99.22,0,""
"15k_0p41.mtx",15449,15449,0.81,1930655,8,"Dynamic+SIMD, chunk=8",0.363,852.07,3550.3,0.003,99.01,0,""
"15k_0p41.mtx",15449,15449,0.81,1930655,8,"Dynamic+SIMD, chunk=16",0.310,996.07,4150.3,0.003,99.15,0,""
"15k_0p41.mtx",15449,15449,0.81,1930655,8,"Dynamic+SIMD, chunk=32",0.295,1047.14,4363.1,0.003,99.19,0,""
"15k_0p41.mtx",15449,15449,0.81,1930655,8,"Guided+SIMD, chunk=8",0.279,1106.58,4610.8,0.002,99.23,0,""
"15k_0p41.mtx",15449,15449,0.81,1930655,8,"Guided+SIMD, chunk=16",0.279,1108.44,4618.5,0.003,99.24,0,""
"15k_0p41.mtx",15449,15449,0.81,1930655,8,"Guided+SIMD, chunk=32",0.279,1105.92,4608.0,0.002,99.23,0,""
"15k_0p41.mtx",15449,15449,0.81,1930655,8,"Static+SIMD+Affinity,",0.283,1091.68,4548.7,0.003,99.22,0,""
"15k_0p41.mtx",15449,15449,0.81,1930655,8,"Static+SIMD+Affinity,",0.282,1095.48,4564.5,0.003,99.23,0,""
"15k_0p41.mtx",15449,15449,0.81,1930655,8,"Guided+SIMD+Affinity,",0.282,1096.18,4567.4,0.002,99.23,0,""
"15k_0p41.mtx",15449,15449,0.81,1930655,8,"Guided+SIMD+Register,",0.279,1106.55,4610.6,0.002,99.23,0,""
"15k_0p41.mtx",15449,15449,0.81,1930655,8,"Guided+SIMD+Register,",0.279,1107.54,4614.7,0.003,99.24,0,""
"15k_0p41.mtx",15449,15449,0.81,1930655,8,"Static+SIMD+Register,",0.282,1095.71,4565.4,0.002,99.23,0,""
"15k_0p41.mtx",15449,15449,0.81,1930655,8,"Static+SIMD+Register,",0.283,1090.60,4544.1,0.002,99.22,0,""
"15k_0p41.mtx",15449,15449,0.81,1930655,8,"Task-based+SIMD",63.765,4.84,20.2,4.650,,0,""
"15k_0p41.mtx",15449,15449,0.81,1930655,8,"Guided+SIMD+Align+Affin,",0.279,1106.36,4609.8,0.002,99.23,0,""
"15k_0p41.mtx",15449,15449,0.81,1930655,8,"Static+SIMD+Align+Affin,",0.281,1099.60,4581.7,0.002,99.23,0,""
"15k_0p41.mtx",15449,15449,0.81,1930655,12,"Static (default)",24.767,12.48,52.0,0.348,0.00,0,""
"15k_0p41.mtx",15449,15449,0.81,1930655,12,"Static, chunk=8",25.147,12.29,51.2,0.210,,0,""
"15k_0p41.mtx",15449,15449,0.81,1930655,12,"Static, chunk=32",25.315,12.21,50.9,0.028,,0,""
"15k_0p41.mtx",15449,15449,0.81,1930655,12,"Dynamic, chunk=8",24.735,12.50,52.1,0.024,0.13,0,""
"15k_0p41.mtx",15449,15449,0.81,1930655,12,"Dynamic, chunk=16",24.510,12.61,52.5,0.025,1.04,0,""
"15k_0p41.mtx",15449,15449,0.81,1930655,12,"Dynamic, chunk=32",24.791,12.47,52.0,0.008,,0,""
"15k_0p41.mtx",15449,15449,0.81,1930655,12,"Dynamic, chunk=64",25.386,12.18,50.7,0.008,,0,""
"15k_0p41.mtx",15449,15449,0.81,1930655,12,"Guided, chunk=8",24.369,12.68,52.9,0.007,1.61,0,""
"15k_0p41.mtx",15449,15449,0.81,1930655,12,"Guided, chunk=16",24.411,12.66,52.8,0.010,1.44,0,""
"15k_0p41.mtx",15449,15449,0.81,1930655,12,"Guided, chunk=32",24.620,12.56,52.3,0.007,0.59,0,""
"15k_0p41.mtx",15449,15449,0.81,1930655,12,"Auto (runtime)",24.344,12.70,52.9,0.024,1.71,0,""
"15k_0p41.mtx",15449,15449,0.81,1930655,12,"Static+SIMD, chunk=8",0.196,1576.12,6567.2,0.002,99.21,0,""
"15k_0p41.mtx",15449,15449,0.81,1930655,12,"Static+SIMD, chunk=16",0.194,1589.41,6622.5,0.002,99.21,0,""
"15k_0p41.mtx",15449,15449,0.81,1930655,12,"Static+SIMD, chunk=32",0.191,1621.57,6756.6,0.002,99.23,0,""
"15k_0p41.mtx",15449,15449,0.81,1930655,12,"Dynamic+SIMD, chunk=8",0.248,1244.66,5186.1,0.003,99.00,0,""
"15k_0p41.mtx",15449,15449,0.81,1930655,12,"Dynamic+SIMD, chunk=16",0.210,1471.02,6129.3,0.002,99.15,0,""
"15k_0p41.mtx",15449,15449,0.81,1930655,12,"Dynamic+SIMD, chunk=32",0.199,1554.03,6475.1,0.002,99.20,0,""
"15k_0p41.mtx",15449,15449,0.81,1930655,12,"Guided+SIMD, chunk=8",0.190,1625.25,6771.9,0.002,99.23,0,""
"15k_0p41.mtx",15449,15449,0.81,1930655,12,"Guided+SIMD, chunk=16",0.189,1631.83,6799.3,0.002,99.24,0,""
"15k_0p41.mtx",15449,15449,0.81,1930655,12,"Guided+SIMD, chunk=32",0.190,1625.28,6772.0,0.002,99.23,0,""
"15k_0p41.mtx",15449,15449,0.81,1930655,12,"Static+SIMD+Affinity,",0.194,1595.80,6649.2,0.002,99.22,0,""
"15k_0p41.mtx",15449,15449,0.81,1930655,12,"Static+SIMD+Affinity,",0.190,1629.48,6789.5,0.002,99.23,0,""
"15k_0p41.mtx",15449,15449,0.81,1930655,12,"Guided+SIMD+Affinity,",0.192,1611.49,6714.6,0.002,99.23,0,""
"15k_0p41.mtx",15449,15449,0.81,1930655,12,"Guided+SIMD+Register,",0.191,1622.57,6760.7,0.002,99.23,0,""
"15k_0p41.mtx",15449,15449,0.81,1930655,12,"Guided+SIMD+Register,",0.190,1626.98,6779.1,0.002,99.23,0,""
"15k_0p41.mtx",15449,15449,0.81,1930655,12,"Static+SIMD+Register,",0.190,1629.87,6791.1,0.002,99.23,0,""
"15k_0p41.mtx",15449,15449,0.81,1930655,12,"Static+SIMD+Register,",0.194,1596.03,6650.1,0.002,99.22,0,""
"15k_0p41.mtx",15449,15449,0.81,1930655,12,"Task-based+SIMD",65.207,4.74,19.8,12.417,,0,""
"15k_0p41.mtx",15449,15449,0.81,1930655,12,"Guided+SIMD+Align+Affin,",0.187,1649.20,6871.7,0.002,99.24,0,""
"15k_0p41.mtx",15449,15449,0.81,1930655,12,"Static+SIMD+Align+Affin,",0.187,1650.30,6876.3,0.002,99.24,0,""
"15k_0p41.mtx",15449,15449,0.81,1930655,16,"Static (default)",18.829,16.62,69.3,0.008,0.00,0,""
"15k_0p41.mtx",15449,15449,0.81,1930655,16,"Static, chunk=8",19.269,16.24,67.7,0.300,,0,""
"15k_0p41.mtx",15449,15449,0.81,1930655,16,"Static, chunk=32",19.542,16.02,66.7,0.035,,0,""
"15k_0p41.mtx",15449,15449,0.81,1930655,16,"Dynamic, chunk=8",19.011,16.47,68.6,0.030,,0,""
"15k_0p41.mtx",15449,15449,0.81,1930655,16,"Dynamic, chunk=16",18.888,16.57,69.0,0.029,,0,""
"15k_0p41.mtx",15449,15449,0.81,1930655,16,"Dynamic, chunk=32",19.119,16.37,68.2,0.025,,0,""
"15k_0p41.mtx",15449,15449,0.81,1930655,16,"Dynamic, chunk=64",19.500,16.05,66.9,0.023,,0,""
"15k_0p41.mtx",15449,15449,0.81,1930655,16,"Guided, chunk=8",18.835,16.62,69.2,0.096,,0,""
"15k_0p41.mtx",15449,15449,0.81,1930655,16,"Guided, chunk=16",18.903,16.56,69.0,0.152,,0,""
"15k_0p41.mtx",15449,15449,0.81,1930655,16,"Guided, chunk=32",19.064,16.42,68.4,0.094,,0,""
"15k_0p41.mtx",15449,15449,0.81,1930655,16,"Auto (runtime)",19.125,16.37,68.2,0.036,,0,""
"15k_0p41.mtx",15449,15449,0.81,1930655,16,"Static+SIMD, chunk=8",0.162,1926.81,8028.4,0.004,99.14,0,""
"15k_0p41.mtx",15449,15449,0.81,1930655,16,"Static+SIMD, chunk=16",0.159,1970.01,8208.4,0.003,99.16,0,""
"15k_0p41.mtx",15449,15449,0.81,1930655,16,"Static+SIMD, chunk=32",0.154,2029.23,8455.1,0.004,99.18,0,""
"15k_0p41.mtx",15449,15449,0.81,1930655,16,"Dynamic+SIMD, chunk=8",0.289,1082.91,4512.1,0.004,98.46,0,""
"15k_0p41.mtx",15449,15449,0.81,1930655,16,"Dynamic+SIMD, chunk=16",0.187,1671.14,6963.1,0.003,99.01,0,""
"15k_0p41.mtx",15449,15449,0.81,1930655,16,"Dynamic+SIMD, chunk=32",0.167,1878.34,7826.4,0.003,99.11,0,""
"15k_0p41.mtx",15449,15449,0.81,1930655,16,"Guided+SIMD, chunk=8",0.159,1973.77,8224.0,0.003,99.16,0,""
"15k_0p41.mtx",15449,15449,0.81,1930655,16,"Guided+SIMD, chunk=16",0.157,1989.98,8291.6,0.003,99.16,0,""
"15k_0p41.mtx",15449,15449,0.81,1930655,16,"Guided+SIMD, chunk=32",0.157,1992.95,8304.0,0.004,99.17,0,""
"15k_0p41.mtx",15449,15449,0.81,1930655,16,"Static+SIMD+Affinity,",0.158,1984.36,8268.2,0.003,99.16,0,""
"15k_0p41.mtx",15449,15449,0.81,1930655,16,"Static+SIMD+Affinity,",0.154,2039.04,8496.0,0.003,99.18,0,""
"15k_0p41.mtx",15449,15449,0.81,1930655,16,"Guided+SIMD+Affinity,",0.159,1973.88,8224.5,0.003,99.16,0,""
"15k_0p41.mtx",15449,15449,0.81,1930655,16,"Guided+SIMD+Register,",0.157,1998.02,8325.1,0.003,99.17,0,""
"15k_0p41.mtx",15449,15449,0.81,1930655,16,"Guided+SIMD+Register,",0.157,1996.75,8319.8,0.003,99.17,0,""
"15k_0p41.mtx",15449,15449,0.81,1930655,16,"Static+SIMD+Register,",0.153,2051.50,8547.9,0.003,99.19,0,""
"15k_0p41.mtx",15449,15449,0.81,1930655,16,"Static+SIMD+Register,",0.158,1978.93,8245.6,0.004,99.16,0,""
"15k_0p41.mtx",15449,15449,0.81,1930655,16,"Task-based+SIMD",151.672,2.06,8.6,11.655,,0,""
"15k_0p41.mtx",15449,15449,0.81,1930655,16,"Guided+SIMD+Align+Affin,",0.156,2008.01,8366.7,0.002,99.17,0,""
"15k_0p41.mtx",15449,15449,0.81,1930655,16,"Static+SIMD+Align+Affin,",0.151,2077.00,8654.2,0.002,99.20,0,""
"15k_0p41.mtx",15449,15449,0.81,1930655,18,"Static (default)",16.894,18.29,76.2,0.233,0.00,0,""
"15k_0p41.mtx",15449,15449,0.81,1930655,18,"Static, chunk=8",17.401,17.76,74.0,0.032,,0,""
"15k_0p41.mtx",15449,15449,0.81,1930655,18,"Static, chunk=32",17.464,17.69,73.7,0.027,,0,""
"15k_0p41.mtx",15449,15449,0.81,1930655,18,"Dynamic, chunk=8",17.046,18.13,75.5,0.009,,0,""
"15k_0p41.mtx",15449,15449,0.81,1930655,18,"Dynamic, chunk=16",16.979,18.20,75.8,0.031,,0,""
"15k_0p41.mtx",15449,15449,0.81,1930655,18,"Dynamic, chunk=32",17.079,18.09,75.4,0.064,,0,""
"15k_0p41.mtx",15449,15449,0.81,1930655,18,"Dynamic, chunk=64",17.494,17.66,73.6,0.025,,0,""
"15k_0p41.mtx",15449,15449,0.81,1930655,18,"Guided, chunk=8",16.902,18.28,76.2,0.108,,0,""
"15k_0p41.mtx",15449,15449,0.81,1930655,18,"Guided, chunk=16",16.870,18.32,76.3,0.033,0.14,0,""
"15k_0p41.mtx",15449,15449,0.81,1930655,18,"Guided, chunk=32",16.930,18.25,76.0,0.022,,0,""
"15k_0p41.mtx",15449,15449,0.81,1930655,18,"Auto (runtime)",16.745,18.45,76.9,0.022,0.88,0,""
"15k_0p41.mtx",15449,15449,0.81,1930655,18,"Static+SIMD, chunk=8",0.141,2184.41,9101.7,0.001,99.16,0,""
"15k_0p41.mtx",15449,15449,0.81,1930655,18,"Static+SIMD, chunk=16",0.139,2228.33,9284.7,0.001,99.18,0,""
"15k_0p41.mtx",15449,15449,0.81,1930655,18,"Static+SIMD, chunk=32",0.138,2234.93,9312.2,0.002,99.18,0,""
"15k_0p41.mtx",15449,15449,0.81,1930655,18,"Dynamic+SIMD, chunk=8",0.203,1521.58,6339.9,0.002,98.80,0,""
"15k_0p41.mtx",15449,15449,0.81,1930655,18,"Dynamic+SIMD, chunk=16",0.153,2024.39,8434.9,0.002,99.10,0,""
"15k_0p41.mtx",15449,15449,0.81,1930655,18,"Dynamic+SIMD, chunk=32",0.143,2159.81,8999.2,0.002,99.15,0,""
"15k_0p41.mtx",15449,15449,0.81,1930655,18,"Guided+SIMD, chunk=8",0.139,2227.97,9283.2,0.002,99.18,0,""
"15k_0p41.mtx",15449,15449,0.81,1930655,18,"Guided+SIMD, chunk=16",0.136,2266.83,9445.1,0.002,99.19,0,""
"15k_0p41.mtx",15449,15449,0.81,1930655,18,"Guided+SIMD, chunk=32",0.137,2247.19,9363.3,0.002,99.19,0,""
"15k_0p41.mtx",15449,15449,0.81,1930655,18,"Static+SIMD+Affinity,",0.138,2239.15,9329.8,0.001,99.18,0,""
"15k_0p41.mtx",15449,15449,0.81,1930655,18,"Static+SIMD+Affinity,",0.137,2254.23,9392.6,0.002,99.19,0,""
"15k_0p41.mtx",15449,15449,0.81,1930655,18,"Guided+SIMD+Affinity,",0.138,2237.44,9322.7,0.002,99.18,0,""
"15k_0p41.mtx",15449,15449,0.81,1930655,18,"Guided+SIMD+Register,",0.137,2248.48,9368.7,0.002,99.19,0,""
"15k_0p41.mtx",15449,15449,0.81,1930655,18,"Guided+SIMD+Register,",0.137,2262.78,9428.2,0.002,99.19,0,""
"15k_0p41.mtx",15449,15449,0.81,1930655,18,"Static+SIMD+Register,",0.137,2256.89,9403.7,0.001,99.19,0,""
"15k_0p41.mtx",15449,15449,0.81,1930655,18,"Static+SIMD+Register,",0.138,2242.56,9344.0,0.001,99.18,0,""
"15k_0p41.mtx",15449,15449,0.81,1930655,18,"Task-based+SIMD",101.159,3.05,12.7,34.656,,0,""
"15k_0p41.mtx",15449,15449,0.81,1930655,18,"Guided+SIMD+Align+Affin,",0.137,2250.53,9377.2,0.002,99.19,0,""
"15k_0p41.mtx",15449,15449,0.81,1930655,18,"Static+SIMD+Align+Affin,",0.138,2239.86,9332.8,0.001,99.18,0,""
"15k_0p41.mtx",15449,15449,0.81,1930655,20,"Static (default)",15.171,21.57,89.9,0.178,0.00,0,""
"15k_0p41.mtx",15449,15449,0.81,1930655,20,"Static, chunk=8",15.750,20.77,86.6,0.037,,0,""
"15k_0p41.mtx",15449,15449,0.81,1930655,20,"Static, chunk=32",16.040,20.40,85.0,0.023,,0,""
"15k_0p41.mtx",15449,15449,0.81,1930655,20,"Dynamic, chunk=8",15.465,21.16,88.1,0.053,,0,""
"15k_0p41.mtx",15449,15449,0.81,1930655,20,"Dynamic, chunk=16",15.517,21.08,87.9,0.037,,0,""
"15k_0p41.mtx",15449,15449,0.81,1930655,20,"Dynamic, chunk=32",15.616,20.95,87.3,0.008,,0,""
"15k_0p41.mtx",15449,15449,0.81,1930655,20,"Dynamic, chunk=64",16.229,20.16,84.0,0.007,,0,""
"15k_0p41.mtx",15449,15449,0.81,1930655,20,"Guided, chunk=8",15.410,21.23,88.5,0.060,,0,""
"15k_0p41.mtx",15449,15449,0.81,1930655,20,"Guided, chunk=16",15.453,21.17,88.2,0.041,,0,""
"15k_0p41.mtx",15449,15449,0.81,1930655,20,"Guided, chunk=32",15.525,21.07,87.8,0.039,,0,""
"15k_0p41.mtx",15449,15449,0.81,1930655,20,"Auto (runtime)",15.546,21.05,87.7,0.023,,0,""
"15k_0p41.mtx",15449,15449,0.81,1930655,20,"Static+SIMD, chunk=8",0.136,2399.59,9998.3,0.003,99.10,0,""
"15k_0p41.mtx",15449,15449,0.81,1930655,20,"Static+SIMD, chunk=16",0.131,2506.43,10443.5,0.002,99.14,0,""
"15k_0p41.mtx",15449,15449,0.81,1930655,20,"Static+SIMD, chunk=32",0.129,2545.42,10605.9,0.002,99.15,0,""
"15k_0p41.mtx",15449,15449,0.81,1930655,20,"Dynamic+SIMD, chunk=8",0.289,1130.69,4711.2,0.006,98.09,0,""
"15k_0p41.mtx",15449,15449,0.81,1930655,20,"Dynamic+SIMD, chunk=16",0.171,1917.57,7989.9,0.003,98.88,0,""
"15k_0p41.mtx",15449,15449,0.81,1930655,20,"Dynamic+SIMD, chunk=32",0.141,2319.94,9666.4,0.002,99.07,0,""
"15k_0p41.mtx",15449,15449,0.81,1930655,20,"Guided+SIMD, chunk=8",0.139,2348.29,9784.5,0.004,99.08,0,""
"15k_0p41.mtx",15449,15449,0.81,1930655,20,"Guided+SIMD, chunk=16",0.135,2424.16,10100.7,0.003,99.11,0,""
"15k_0p41.mtx",15449,15449,0.81,1930655,20,"Guided+SIMD, chunk=32",0.135,2428.87,10120.3,0.003,99.11,0,""
"15k_0p41.mtx",15449,15449,0.81,1930655,20,"Static+SIMD+Affinity,",0.133,2462.20,10259.2,0.003,99.12,0,""
"15k_0p41.mtx",15449,15449,0.81,1930655,20,"Static+SIMD+Affinity,",0.129,2543.59,10598.3,0.002,99.15,0,""
"15k_0p41.mtx",15449,15449,0.81,1930655,20,"Guided+SIMD+Affinity,",0.136,2404.96,10020.7,0.003,99.10,0,""
"15k_0p41.mtx",15449,15449,0.81,1930655,20,"Guided+SIMD+Register,",0.133,2452.23,10217.6,0.003,99.12,0,""
"15k_0p41.mtx",15449,15449,0.81,1930655,20,"Guided+SIMD+Register,",0.135,2428.98,10120.7,0.003,99.11,0,""
"15k_0p41.mtx",15449,15449,0.81,1930655,20,"Static+SIMD+Register,",0.127,2567.71,10698.8,0.002,99.16,0,""
"15k_0p41.mtx",15449,15449,0.81,1930655,20,"Static+SIMD+Register,",0.131,2491.80,10382.5,0.003,99.13,0,""
"15k_0p41.mtx",15449,15449,0.81,1930655,20,"Task-based+SIMD",140.990,2.32,9.7,30.253,,0,""
"15k_0p41.mtx",15449,15449,0.81,1930655,20,"Guided+SIMD+Align+Affin,",0.131,2504.51,10435.5,0.003,99.14,0,""
"15k_0p41.mtx",15449,15449,0.81,1930655,20,"Static+SIMD+Align+Affin,",0.126,2595.45,10814.4,0.001,99.17,0,""
"15k_0p41.mtx",15449,15449,0.81,1930655,22,"Static (default)",13.891,22.39,93.3,0.194,0.00,0,""
"15k_0p41.mtx",15449,15449,0.81,1930655,22,"Static, chunk=8",14.457,21.52,89.7,0.103,,0,""
"15k_0p41.mtx",15449,15449,0.81,1930655,22,"Static, chunk=32",14.500,21.45,89.4,0.092,,0,""
"15k_0p41.mtx",15449,15449,0.81,1930655,22,"Dynamic, chunk=8",14.187,21.93,91.4,0.037,,0,""
"15k_0p41.mtx",15449,15449,0.81,1930655,22,"Dynamic, chunk=16",14.151,21.98,91.6,0.027,,0,""
"15k_0p41.mtx",15449,15449,0.81,1930655,22,"Dynamic, chunk=32",14.377,21.64,90.2,0.014,,0,""
"15k_0p41.mtx",15449,15449,0.81,1930655,22,"Dynamic, chunk=64",14.171,21.95,91.5,0.018,,0,""
"15k_0p41.mtx",15449,15449,0.81,1930655,22,"Guided, chunk=8",14.134,22.01,91.7,0.030,,0,""
"15k_0p41.mtx",15449,15449,0.81,1930655,22,"Guided, chunk=16",14.189,21.92,91.4,0.022,,0,""
"15k_0p41.mtx",15449,15449,0.81,1930655,22,"Guided, chunk=32",14.250,21.83,91.0,0.035,,0,""
"15k_0p41.mtx",15449,15449,0.81,1930655,22,"Auto (runtime)",14.141,22.00,91.7,0.021,,0,""
"15k_0p41.mtx",15449,15449,0.81,1930655,22,"Static+SIMD, chunk=8",0.128,2426.11,10108.8,0.004,99.08,0,""
"15k_0p41.mtx",15449,15449,0.81,1930655,22,"Static+SIMD, chunk=16",0.123,2523.79,10515.8,0.004,99.11,0,""
"15k_0p41.mtx",15449,15449,0.81,1930655,22,"Static+SIMD, chunk=32",0.122,2549.32,10622.2,0.003,99.12,0,""
"15k_0p41.mtx",15449,15449,0.81,1930655,22,"Dynamic+SIMD, chunk=8",0.294,1057.28,4405.3,0.005,97.88,0,""
"15k_0p41.mtx",15449,15449,0.81,1930655,22,"Dynamic+SIMD, chunk=16",0.161,1933.20,8055.0,0.003,98.84,0,""
"15k_0p41.mtx",15449,15449,0.81,1930655,22,"Dynamic+SIMD, chunk=32",0.134,2329.06,9704.4,0.005,99.04,0,""
"15k_0p41.mtx",15449,15449,0.81,1930655,22,"Guided+SIMD, chunk=8",0.131,2376.13,9900.6,0.003,99.06,0,""
"15k_0p41.mtx",15449,15449,0.81,1930655,22,"Guided+SIMD, chunk=16",0.127,2442.59,10177.5,0.003,99.08,0,""
"15k_0p41.mtx",15449,15449,0.81,1930655,22,"Guided+SIMD, chunk=32",0.126,2465.57,10273.2,0.003,99.09,0,""
"15k_0p41.mtx",15449,15449,0.81,1930655,22,"Static+SIMD+Affinity,",0.121,2568.52,10702.2,0.002,99.13,0,""
"15k_0p41.mtx",15449,15449,0.81,1930655,22,"Static+SIMD+Affinity,",0.123,2529.39,10539.1,0.003,99.11,0,""
"15k_0p41.mtx",15449,15449,0.81,1930655,22,"Guided+SIMD+Affinity,",0.127,2443.06,10179.4,0.004,99.08,0,""
"15k_0p41.mtx",15449,15449,0.81,1930655,22,"Guided+SIMD+Register,",0.125,2478.92,10328.8,0.003,99.10,0,""
"15k_0p41.mtx",15449,15449,0.81,1930655,22,"Guided+SIMD+Register,",0.128,2432.28,10134.5,0.004,99.08,0,""
"15k_0p41.mtx",15449,15449,0.81,1930655,22,"Static+SIMD+Register,",0.122,2544.77,10603.2,0.004,99.12,0,""
"15k_0p41.mtx",15449,15449,0.81,1930655,22,"Static+SIMD+Register,",0.124,2517.71,10490.5,0.005,99.11,0,""
"15k_0p41.mtx",15449,15449,0.81,1930655,22,"Task-based+SIMD",242.428,1.28,5.3,28.743,,0,""
"15k_0p41.mtx",15449,15449,0.81,1930655,22,"Guided+SIMD+Align+Affin,",0.127,2451.58,10214.9,0.003,99.09,0,""
"15k_0p41.mtx",15449,15449,0.81,1930655,22,"Static+SIMD+Align+Affin,",0.121,2579.78,10749.1,0.001,99.13,0,""
"15k_0p41.mtx",15449,15449,0.81,1930655,24,"Static (default)",12.608,24.50,102.1,0.013,0.00,0,""
"15k_0p41.mtx",15449,15449,0.81,1930655,24,"Static, chunk=8",13.402,23.05,96.0,0.324,,0,""
"15k_0p41.mtx",15449,15449,0.81,1930655,24,"Static, chunk=32",13.943,22.15,92.3,0.028,,0,""
"15k_0p41.mtx",15449,15449,0.81,1930655,24,"Dynamic, chunk=8",13.225,23.35,97.3,0.027,,0,""
"15k_0p41.mtx",15449,15449,0.81,1930655,24,"Dynamic, chunk=16",13.158,23.47,97.8,0.022,,0,""
"15k_0p41.mtx",15449,15449,0.81,1930655,24,"Dynamic, chunk=32",13.152,23.49,97.9,0.019,,0,""
"15k_0p41.mtx",15449,15449,0.81,1930655,24,"Dynamic, chunk=64",13.744,22.47,93.6,0.007,,0,""
"15k_0p41.mtx",15449,15449,0.81,1930655,24,"Guided, chunk=8",13.082,23.61,98.4,0.056,,0,""
"15k_0p41.mtx",15449,15449,0.81,1930655,24,"Guided, chunk=16",13.135,23.52,98.0,0.064,,0,""
"15k_0p41.mtx",15449,15449,0.81,1930655,24,"Guided, chunk=32",13.149,23.49,97.9,0.039,,0,""
"15k_0p41.mtx",15449,15449,0.81,1930655,24,"Auto (runtime)",13.301,23.22,96.8,0.034,,0,""
"15k_0p41.mtx",15449,15449,0.81,1930655,24,"Static+SIMD, chunk=8",0.116,2653.30,11055.4,0.004,99.08,0,""
"15k_0p41.mtx",15449,15449,0.81,1930655,24,"Static+SIMD, chunk=16",0.109,2830.95,11795.6,0.003,99.13,0,""
"15k_0p41.mtx",15449,15449,0.81,1930655,24,"Static+SIMD, chunk=32",0.110,2798.25,11659.4,0.002,99.12,0,""
"15k_0p41.mtx",15449,15449,0.81,1930655,24,"Dynamic+SIMD, chunk=8",0.286,1079.03,4496.0,0.006,97.73,0,""
"15k_0p41.mtx",15449,15449,0.81,1930655,24,"Dynamic+SIMD, chunk=16",0.142,2169.45,9039.4,0.004,98.87,0,""
"15k_0p41.mtx",15449,15449,0.81,1930655,24,"Dynamic+SIMD, chunk=32",0.121,2560.96,10670.7,0.004,99.04,0,""
"15k_0p41.mtx",15449,15449,0.81,1930655,24,"Guided+SIMD, chunk=8",0.121,2548.76,10619.8,0.004,99.04,0,""
"15k_0p41.mtx",15449,15449,0.81,1930655,24,"Guided+SIMD, chunk=16",0.117,2643.88,11016.2,0.004,99.07,0,""
"15k_0p41.mtx",15449,15449,0.81,1930655,24,"Guided+SIMD, chunk=32",0.114,2704.94,11270.6,0.004,99.09,0,""
"15k_0p41.mtx",15449,15449,0.81,1930655,24,"Static+SIMD+Affinity,",0.108,2871.49,11964.5,0.002,99.15,0,""
"15k_0p41.mtx",15449,15449,0.81,1930655,24,"Static+SIMD+Affinity,",0.110,2817.98,11741.6,0.001,99.13,0,""
"15k_0p41.mtx",15449,15449,0.81,1930655,24,"Guided+SIMD+Affinity,",0.115,2674.35,11143.1,0.003,99.08,0,""
"15k_0p41.mtx",15449,15449,0.81,1930655,24,"Guided+SIMD+Register,",0.115,2693.35,11222.3,0.003,99.09,0,""
"15k_0p41.mtx",15449,15449,0.81,1930655,24,"Guided+SIMD+Register,",0.116,2654.76,11061.5,0.003,99.08,0,""
"15k_0p41.mtx",15449,15449,0.81,1930655,24,"Static+SIMD+Register,",0.109,2831.48,11797.8,0.001,99.13,0,""
"15k_0p41.mtx",15449,15449,0.81,1930655,24,"Static+SIMD+Register,",0.107,2876.59,11985.8,0.003,99.15,0,""
"15k_0p41.mtx",15449,15449,0.81,1930655,24,"Task-based+SIMD",196.376,1.57,6.6,51.942,,0,""
"15k_0p41.mtx",15449,15449,0.81,1930655,24,"Guided+SIMD+Align+Affin,",0.113,2734.51,11393.8,0.003,99.10,0,""
"15k_0p41.mtx",15449,15449,0.81,1930655,24,"Static+SIMD+Align+Affin,",0.109,2827.10,11779.6,0.002,99.13,0,""
"2k_0p22.mtx",1624,1624,0.23,6050,1,"Static (default)",3.207,1.00,4.2,0.003,0.00,0,""
"2k_0p22.mtx",1624,1624,0.23,6050,1,"Static, chunk=8",3.205,1.00,4.2,0.002,0.05,0,""
"2k_0p22.mtx",1624,1624,0.23,6050,1,"Static, chunk=32",3.204,1.00,4.2,0.002,0.09,0,""
"2k_0p22.mtx",1624,1624,0.23,6050,1,"Dynamic, chunk=8",3.258,0.98,4.1,0.050,,0,""
"2k_0p22.mtx",1624,1624,0.23,6050,1,"Dynamic, chunk=16",3.310,0.97,4.0,0.008,,0,""
"2k_0p22.mtx",1624,1624,0.23,6050,1,"Dynamic, chunk=32",3.307,0.97,4.0,0.004,,0,""
"2k_0p22.mtx",1624,1624,0.23,6050,1,"Dynamic, chunk=64",3.306,0.97,4.0,0.004,,0,""
"2k_0p22.mtx",1624,1624,0.23,6050,1,"Guided, chunk=8",3.305,0.97,4.0,0.003,,0,""
"2k_0p22.mtx",1624,1624,0.23,6050,1,"Guided, chunk=16",3.306,0.97,4.0,0.008,,0,""
"2k_0p22.mtx",1624,1624,0.23,6050,1,"Guided, chunk=32",3.306,0.97,4.0,0.007,,0,""
"2k_0p22.mtx",1624,1624,0.23,6050,1,"Auto (runtime)",3.220,0.99,4.1,0.035,,0,""
"2k_0p22.mtx",1624,1624,0.23,6050,1,"Static+SIMD, chunk=8",0.012,272.15,1134.0,0.001,99.63,0,""
"2k_0p22.mtx",1624,1624,0.23,6050,1,"Static+SIMD, chunk=16",0.012,266.87,1112.0,0.001,99.63,0,""
"2k_0p22.mtx",1624,1624,0.23,6050,1,"Static+SIMD, chunk=32",0.012,276.10,1150.4,0.001,99.64,0,""
"2k_0p22.mtx",1624,1624,0.23,6050,1,"Dynamic+SIMD, chunk=8",0.015,209.67,873.6,0.001,99.52,0,""
"2k_0p22.mtx",1624,1624,0.23,6050,1,"Dynamic+SIMD, chunk=16",0.013,238.00,991.6,0.001,99.58,0,""
"2k_0p22.mtx",1624,1624,0.23,6050,1,"Dynamic+SIMD, chunk=32",0.012,263.77,1099.1,0.001,99.62,0,""
"2k_0p22.mtx",1624,1624,0.23,6050,1,"Guided+SIMD, chunk=8",0.012,260.22,1084.2,0.001,99.62,0,""
"2k_0p22.mtx",1624,1624,0.23,6050,1,"Guided+SIMD, chunk=16",0.011,280.96,1170.6,0.000,99.64,0,""
"2k_0p22.mtx",1624,1624,0.23,6050,1,"Guided+SIMD, chunk=32",0.011,285.57,1189.9,0.000,99.65,0,""
"2k_0p22.mtx",1624,1624,0.23,6050,1,"Static+SIMD+Affinity,",0.012,277.86,1157.8,0.001,99.64,0,""
"2k_0p22.mtx",1624,1624,0.23,6050,1,"Static+SIMD+Affinity,",0.011,285.88,1191.1,0.001,99.65,0,""
"2k_0p22.mtx",1624,1624,0.23,6050,1,"Guided+SIMD+Affinity,",0.012,262.77,1094.9,0.001,99.62,0,""
"2k_0p22.mtx",1624,1624,0.23,6050,1,"Guided+SIMD+Register,",0.012,266.85,1111.9,0.001,99.63,0,""
"2k_0p22.mtx",1624,1624,0.23,6050,1,"Guided+SIMD+Register,",0.011,298.81,1245.1,0.000,99.67,0,""
"2k_0p22.mtx",1624,1624,0.23,6050,1,"Static+SIMD+Register,",0.011,291.99,1216.6,0.001,99.66,0,""
"2k_0p22.mtx",1624,1624,0.23,6050,1,"Static+SIMD+Register,",0.011,293.55,1223.1,0.001,99.66,0,""
"2k_0p22.mtx",1624,1624,0.23,6050,1,"Task-based+SIMD",0.041,78.17,325.7,0.001,98.72,0,""
"2k_0p22.mtx",1624,1624,0.23,6050,1,"Guided+SIMD+Align+Affin,",0.012,276.83,1153.5,0.001,99.64,0,""
"2k_0p22.mtx",1624,1624,0.23,6050,1,"Static+SIMD+Align+Affin,",0.011,283.67,1181.9,0.001,99.65,0,""
"2k_0p22.mtx",1624,1624,0.23,6050,2,"Static (default)",1.606,1.99,8.3,0.003,0.00,0,""
"2k_0p22.mtx",1624,1624,0.23,6050,2,"Static, chunk=8",1.629,1.96,8.2,0.008,,0,""
"2k_0p22.mtx",1624,1624,0.23,6050,2,"Static, chunk=32",1.637,1.95,8.1,0.007,,0,""
"2k_0p22.mtx",1624,1624,0.23,6050,2,"Dynamic, chunk=8",1.636,1.95,8.1,0.004,,0,""
"2k_0p22.mtx",1624,1624,0.23,6050,2,"Dynamic, chunk=16",1.626,1.96,8.2,0.006,,0,""
"2k_0p22.mtx",1624,1624,0.23,6050,2,"Dynamic, chunk=32",1.636,1.95,8.1,0.005,,0,""
"2k_0p22.mtx",1624,1624,0.23,6050,2,"Dynamic, chunk=64",1.654,1.93,8.0,0.008,,0,""
"2k_0p22.mtx",1624,1624,0.23,6050,2,"Guided, chunk=8",1.606,1.99,8.3,0.002,,0,""
"2k_0p22.mtx",1624,1624,0.23,6050,2,"Guided, chunk=16",1.606,1.99,8.3,0.003,,0,""
"2k_0p22.mtx",1624,1624,0.23,6050,2,"Guided, chunk=32",1.606,1.99,8.3,0.003,,0,""
"2k_0p22.mtx",1624,1624,0.23,6050,2,"Auto (runtime)",1.604,1.99,8.3,0.003,0.11,0,""
"2k_0p22.mtx",1624,1624,0.23,6050,2,"Static+SIMD, chunk=8",0.007,475.03,1979.3,0.000,99.58,0,""
"2k_0p22.mtx",1624,1624,0.23,6050,2,"Static+SIMD, chunk=16",0.007,474.37,1976.5,0.001,99.58,0,""
"2k_0p22.mtx",1624,1624,0.23,6050,2,"Static+SIMD, chunk=32",0.007,475.31,1980.5,0.001,99.58,0,""
"2k_0p22.mtx",1624,1624,0.23,6050,2,"Dynamic+SIMD, chunk=8",0.022,148.21,617.5,0.000,98.66,0,""
"2k_0p22.mtx",1624,1624,0.23,6050,2,"Dynamic+SIMD, chunk=16",0.015,216.21,900.9,0.000,99.08,0,""
"2k_0p22.mtx",1624,1624,0.23,6050,2,"Dynamic+SIMD, chunk=32",0.011,283.21,1180.0,0.000,99.30,0,""
"2k_0p22.mtx",1624,1624,0.23,6050,2,"Guided+SIMD, chunk=8",0.008,402.11,1675.5,0.001,99.51,0,""
"2k_0p22.mtx",1624,1624,0.23,6050,2,"Guided+SIMD, chunk=16",0.007,434.23,1809.3,0.001,99.54,0,""
"2k_0p22.mtx",1624,1624,0.23,6050,2,"Guided+SIMD, chunk=32",0.007,432.70,1802.9,0.001,99.54,0,""
"2k_0p22.mtx",1624,1624,0.23,6050,2,"Static+SIMD+Affinity,",0.007,478.39,1993.3,0.001,99.58,0,""
"2k_0p22.mtx",1624,1624,0.23,6050,2,"Static+SIMD+Affinity,",0.006,494.81,2061.7,0.000,99.60,0,""
"2k_0p22.mtx",1624,1624,0.23,6050,2,"Guided+SIMD+Affinity,",0.008,400.06,1666.9,0.001,99.50,0,""
"2k_0p22.mtx",1624,1624,0.23,6050,2,"Guided+SIMD+Register,",0.008,390.91,1628.8,0.001,99.49,0,""
"2k_0p22.mtx",1624,1624,0.23,6050,2,"Guided+SIMD+Register,",0.007,426.17,1775.7,0.000,99.53,0,""
"2k_0p22.mtx",1624,1624,0.23,6050,2,"Static+SIMD+Register,",0.006,550.50,2293.7,0.000,99.64,0,""
"2k_0p22.mtx",1624,1624,0.23,6050,2,"Static+SIMD+Register,",0.006,509.43,2122.6,0.001,99.61,0,""
"2k_0p22.mtx",1624,1624,0.23,6050,2,"Task-based+SIMD",1.032,3.09,12.9,0.162,35.70,0,""
"2k_0p22.mtx",1624,1624,0.23,6050,2,"Guided+SIMD+Align+Affin,",0.007,437.79,1824.1,0.001,99.55,0,""
"2k_0p22.mtx",1624,1624,0.23,6050,2,"Static+SIMD+Align+Affin,",0.006,494.12,2058.8,0.000,99.60,0,""
"2k_0p22.mtx",1624,1624,0.23,6050,4,"Static (default)",0.805,3.97,16.5,0.003,0.00,0,""
"2k_0p22.mtx",1624,1624,0.23,6050,4,"Static, chunk=8",0.863,3.70,15.4,0.081,,0,""
"2k_0p22.mtx",1624,1624,0.23,6050,4,"Static, chunk=32",0.824,3.87,16.1,0.003,,0,""
"2k_0p22.mtx",1624,1624,0.23,6050,4,"Dynamic, chunk=8",1.116,2.86,11.9,0.093,,0,""
"2k_0p22.mtx",1624,1624,0.23,6050,4,"Dynamic, chunk=16",0.859,3.72,15.5,0.004,,0,""
"2k_0p22.mtx",1624,1624,0.23,6050,4,"Dynamic, chunk=32",0.855,3.74,15.6,0.006,,0,""
"2k_0p22.mtx",1624,1624,0.23,6050,4,"Dynamic, chunk=64",0.909,3.51,14.6,0.007,,0,""
"2k_0p22.mtx",1624,1624,0.23,6050,4,"Guided, chunk=8",0.926,3.45,14.4,0.049,,0,""
"2k_0p22.mtx",1624,1624,0.23,6050,4,"Guided, chunk=16",0.903,3.54,14.7,0.068,,0,""
"2k_0p22.mtx",1624,1624,0.23,6050,4,"Guided, chunk=32",0.957,3.34,13.9,0.050,,0,""
"2k_0p22.mtx",1624,1624,0.23,6050,4,"Auto (runtime)",0.927,3.45,14.4,0.003,,0,""
"2k_0p22.mtx",1624,1624,0.23,6050,4,"Static+SIMD, chunk=8",0.008,424.79,1769.9,0.000,99.07,0,""
"2k_0p22.mtx",1624,1624,0.23,6050,4,"Static+SIMD, chunk=16",0.007,454.94,1895.6,0.000,99.13,0,""
"2k_0p22.mtx",1624,1624,0.23,6050,4,"Static+SIMD, chunk=32",0.006,509.21,2121.7,0.000,99.22,0,""
"2k_0p22.mtx",1624,1624,0.23,6050,4,"Dynamic+SIMD, chunk=8",0.018,178.61,744.2,0.000,97.78,0,""
"2k_0p22.mtx",1624,1624,0.23,6050,4,"Dynamic+SIMD, chunk=16",0.011,280.66,1169.4,0.000,98.59,0,""
"2k_0p22.mtx",1624,1624,0.23,6050,4,"Dynamic+SIMD, chunk=32",0.009,367.33,1530.6,0.000,98.92,0,""
"2k_0p22.mtx",1624,1624,0.23,6050,4,"Guided+SIMD, chunk=8",0.007,435.90,1816.3,0.000,99.09,0,""
"2k_0p22.mtx",1624,1624,0.23,6050,4,"Guided+SIMD, chunk=16",0.007,481.36,2005.7,0.000,99.18,0,""
"2k_0p22.mtx",1624,1624,0.23,6050,4,"Guided+SIMD, chunk=32",0.006,516.42,2151.7,0.000,99.23,0,""
"2k_0p22.mtx",1624,1624,0.23,6050,4,"Static+SIMD+Affinity,",0.006,509.68,2123.7,0.000,99.22,0,""
"2k_0p22.mtx",1624,1624,0.23,6050,4,"Static+SIMD+Affinity,",0.006,538.18,2242.4,0.000,99.26,0,""
"2k_0p22.mtx",1624,1624,0.23,6050,4,"Guided+SIMD+Affinity,",0.007,485.76,2024.0,0.000,99.18,0,""
"2k_0p22.mtx",1624,1624,0.23,6050,4,"Guided+SIMD+Register,",0.006,503.07,2096.1,0.000,99.21,0,""
"2k_0p22.mtx",1624,1624,0.23,6050,4,"Guided+SIMD+Register,",0.006,512.19,2134.1,0.000,99.23,0,""
"2k_0p22.mtx",1624,1624,0.23,6050,4,"Static+SIMD+Register,",0.005,612.43,2551.8,0.000,99.35,0,""
"2k_0p22.mtx",1624,1624,0.23,6050,4,"Static+SIMD+Register,",0.006,565.01,2354.2,0.000,99.30,0,""
"2k_0p22.mtx",1624,1624,0.23,6050,4,"Task-based+SIMD",2.122,1.51,6.3,0.017,,0,""
"2k_0p22.mtx",1624,1624,0.23,6050,4,"Guided+SIMD+Align+Affin,",0.006,512.60,2135.8,0.000,99.23,0,""
"2k_0p22.mtx",1624,1624,0.23,6050,4,"Static+SIMD+Align+Affin,",0.006,551.00,2295.8,0.000,99.28,0,""
"2k_0p22.mtx",1624,1624,0.23,6050,8,"Static (default)",0.464,6.89,28.7,0.016,0.00,0,""
"2k_0p22.mtx",1624,1624,0.23,6050,8,"Static, chunk=8",1.339,2.38,9.9,0.465,,0,""
"2k_0p22.mtx",1624,1624,0.23,6050,8,"Static, chunk=32",0.754,4.23,17.6,0.514,,0,""
"2k_0p22.mtx",1624,1624,0.23,6050,8,"Dynamic, chunk=8",0.784,4.07,17.0,0.442,,0,""
"2k_0p22.mtx",1624,1624,0.23,6050,8,"Dynamic, chunk=16",0.442,7.22,30.1,0.004,4.69,0,""
"2k_0p22.mtx",1624,1624,0.23,6050,8,"Dynamic, chunk=32",1.690,1.89,7.9,0.591,,0,""
"2k_0p22.mtx",1624,1624,0.23,6050,8,"Dynamic, chunk=64",1.451,2.20,9.2,0.127,,0,""
"2k_0p22.mtx",1624,1624,0.23,6050,8,"Guided, chunk=8",1.109,2.88,12.0,0.147,,0,""
"2k_0p22.mtx",1624,1624,0.23,6050,8,"Guided, chunk=16",1.028,3.10,12.9,0.095,,0,""
"2k_0p22.mtx",1624,1624,0.23,6050,8,"Guided, chunk=32",1.101,2.90,12.1,0.146,,0,""
"2k_0p22.mtx",1624,1624,0.23,6050,8,"Auto (runtime)",1.038,3.08,12.8,0.300,,0,""
"2k_0p22.mtx",1624,1624,0.23,6050,8,"Static+SIMD, chunk=8",0.022,147.69,615.4,0.002,95.34,0,""
"2k_0p22.mtx",1624,1624,0.23,6050,8,"Static+SIMD, chunk=16",0.018,180.29,751.2,0.002,96.18,0,""
"2k_0p22.mtx",1624,1624,0.23,6050,8,"Static+SIMD, chunk=32",0.016,197.73,823.9,0.002,96.52,0,""
"2k_0p22.mtx",1624,1624,0.23,6050,8,"Dynamic+SIMD, chunk=8",0.047,68.07,283.6,0.002,89.88,0,""
"2k_0p22.mtx",1624,1624,0.23,6050,8,"Dynamic+SIMD, chunk=16",0.031,101.75,424.0,0.002,93.23,0,""
"2k_0p22.mtx",1624,1624,0.23,6050,8,"Dynamic+SIMD, chunk=32",0.024,132.34,551.4,0.001,94.80,0,""
"2k_0p22.mtx",1624,1624,0.23,6050,8,"Guided+SIMD, chunk=8",0.022,142.97,595.7,0.001,95.18,0,""
"2k_0p22.mtx",1624,1624,0.23,6050,8,"Guided+SIMD, chunk=16",0.021,154.26,642.7,0.001,95.54,0,""
"2k_0p22.mtx",1624,1624,0.23,6050,8,"Guided+SIMD, chunk=32",0.020,162.75,678.1,0.001,95.77,0,""
"2k_0p22.mtx",1624,1624,0.23,6050,8,"Static+SIMD+Affinity,",0.018,181.57,756.6,0.002,96.21,0,""
"2k_0p22.mtx",1624,1624,0.23,6050,8,"Static+SIMD+Affinity,",0.017,188.21,784.2,0.002,96.34,0,""
"2k_0p22.mtx",1624,1624,0.23,6050,8,"Guided+SIMD+Affinity,",0.018,174.37,726.5,0.002,96.05,0,""
"2k_0p22.mtx",1624,1624,0.23,6050,8,"Guided+SIMD+Register,",0.017,190.84,795.2,0.001,96.39,0,""
"2k_0p22.mtx",1624,1624,0.23,6050,8,"Guided+SIMD+Register,",0.018,180.68,752.8,0.001,96.19,0,""
"2k_0p22.mtx",1624,1624,0.23,6050,8,"Static+SIMD+Register,",0.013,253.38,1055.8,0.001,97.28,0,""
"2k_0p22.mtx",1624,1624,0.23,6050,8,"Static+SIMD+Register,",0.015,219.87,916.1,0.001,96.87,0,""
"2k_0p22.mtx",1624,1624,0.23,6050,8,"Task-based+SIMD",8.010,0.40,1.7,0.067,,0,""
"2k_0p22.mtx",1624,1624,0.23,6050,8,"Guided+SIMD+Align+Affin,",0.019,169.97,708.2,0.002,95.95,0,""
"2k_0p22.mtx",1624,1624,0.23,6050,8,"Static+SIMD+Align+Affin,",0.017,183.34,763.9,0.002,96.24,0,""
"2k_0p22.mtx",1624,1624,0.23,6050,12,"Static (default)",0.334,9.56,39.8,0.019,0.00,0,""
"2k_0p22.mtx",1624,1624,0.23,6050,12,"Static, chunk=8",1.279,2.50,10.4,0.771,,0,""
"2k_0p22.mtx",1624,1624,0.23,6050,12,"Static, chunk=32",1.922,1.66,6.9,0.187,,0,""
"2k_0p22.mtx",1624,1624,0.23,6050,12,"Dynamic, chunk=8",2.777,1.15,4.8,0.547,,0,""
"2k_0p22.mtx",1624,1624,0.23,6050,12,"Dynamic, chunk=16",2.100,1.52,6.3,0.372,,0,""
"2k_0p22.mtx",1624,1624,0.23,6050,12,"Dynamic, chunk=32",2.044,1.56,6.5,0.435,,0,""
"2k_0p22.mtx",1624,1624,0.23,6050,12,"Dynamic, chunk=64",1.510,2.12,8.8,0.150,,0,""
"2k_0p22.mtx",1624,1624,0.23,6050,12,"Guided, chunk=8",0.902,3.54,14.7,0.092,,0,""
"2k_0p22.mtx",1624,1624,0.23,6050,12,"Guided, chunk=16",0.930,3.43,14.3,0.082,,0,""
"2k_0p22.mtx",1624,1624,0.23,6050,12,"Guided, chunk=32",0.885,3.61,15.0,0.058,,0,""
"2k_0p22.mtx",1624,1624,0.23,6050,12,"Auto (runtime)",0.987,3.23,13.5,0.025,,0,""
"2k_0p22.mtx",1624,1624,0.23,6050,12,"Static+SIMD, chunk=8",0.023,136.64,569.3,0.002,93.00,0,""
"2k_0p22.mtx",1624,1624,0.23,6050,12,"Static+SIMD, chunk=16",0.019,164.63,685.9,0.002,94.19,0,""
"2k_0p22.mtx",1624,1624,0.23,6050,12,"Static+SIMD, chunk=32",0.018,181.25,755.2,0.002,94.72,0,""
"2k_0p22.mtx",1624,1624,0.23,6050,12,"Dynamic+SIMD, chunk=8",0.046,68.99,287.5,0.002,86.14,0,""
"2k_0p22.mtx",1624,1624,0.23,6050,12,"Dynamic+SIMD, chunk=16",0.032,100.49,418.7,0.002,90.48,0,""
"2k_0p22.mtx",1624,1624,0.23,6050,12,"Dynamic+SIMD, chunk=32",0.024,132.91,553.8,0.002,92.80,0,""
"2k_0p22.mtx",1624,1624,0.23,6050,12,"Guided+SIMD, chunk=8",0.025,129.34,538.9,0.002,92.61,0,""
"2k_0p22.mtx",1624,1624,0.23,6050,12,"Guided+SIMD, chunk=16",0.022,143.23,596.8,0.001,93.32,0,""
"2k_0p22.mtx",1624,1624,0.23,6050,12,"Guided+SIMD, chunk=32",0.021,152.24,634.3,0.002,93.72,0,""
"2k_0p22.mtx",1624,1624,0.23,6050,12,"Static+SIMD+Affinity,",0.018,178.13,742.2,0.001,94.63,0,""
"2k_0p22.mtx",1624,1624,0.23,6050,12,"Static+SIMD+Affinity,",0.017,190.19,792.5,0.001,94.97,0,""
"2k_0p22.mtx",1624,1624,0.23,6050,12,"Guided+SIMD+Affinity,",0.022,145.46,606.1,0.002,93.43,0,""
"2k_0p22.mtx",1624,1624,0.23,6050,12,"Guided+SIMD+Register,",0.020,156.34,651.4,0.001,93.88,0,""
"2k_0p22.mtx",1624,1624,0.23,6050,12,"Guided+SIMD+Register,",0.021,148.81,620.0,0.001,93.57,0,""
"2k_0p22.mtx",1624,1624,0.23,6050,12,"Static+SIMD+Register,",0.012,263.87,1099.4,0.001,96.38,0,""
"2k_0p22.mtx",1624,1624,0.23,6050,12,"Static+SIMD+Register,",0.014,223.66,931.9,0.001,95.72,0,""
"2k_0p22.mtx",1624,1624,0.23,6050,12,"Task-based+SIMD",12.484,0.26,1.1,0.601,,0,""
"2k_0p22.mtx",1624,1624,0.23,6050,12,"Guided+SIMD+Align+Affin,",0.023,137.97,574.9,0.003,93.07,0,""
"2k_0p22.mtx",1624,1624,0.23,6050,12,"Static+SIMD+Align+Affin,",0.018,176.67,736.1,0.001,94.59,0,""
"2k_0p22.mtx",1624,1624,0.23,6050,16,"Static (default)",0.297,10.74,44.7,0.034,0.00,0,""
"2k_0p22.mtx",1624,1624,0.23,6050,16,"Static, chunk=8",1.947,1.64,6.8,0.244,,0,""
"2k_0p22.mtx",1624,1624,0.23,6050,16,"Static, chunk=32",1.640,1.95,8.1,0.282,,0,""
"2k_0p22.mtx",1624,1624,0.23,6050,16,"Dynamic, chunk=8",3.893,0.82,3.4,0.449,,0,""
"2k_0p22.mtx",1624,1624,0.23,6050,16,"Dynamic, chunk=16",3.194,1.00,4.2,0.129,,0,""
"2k_0p22.mtx",1624,1624,0.23,6050,16,"Dynamic, chunk=32",2.593,1.23,5.1,0.104,,0,""
"2k_0p22.mtx",1624,1624,0.23,6050,16,"Dynamic, chunk=64",1.690,1.89,7.9,0.210,,0,""
"2k_0p22.mtx",1624,1624,0.23,6050,16,"Guided, chunk=8",2.237,1.43,5.9,0.186,,0,""
"2k_0p22.mtx",1624,1624,0.23,6050,16,"Guided, chunk=16",2.449,1.30,5.4,0.233,,0,""
"2k_0p22.mtx",1624,1624,0.23,6050,16,"Guided, chunk=32",2.941,1.09,4.5,0.254,,0,""
"2k_0p22.mtx",1624,1624,0.23,6050,16,"Auto (runtime)",2.196,1.45,6.1,0.447,,0,""
"2k_0p22.mtx",1624,1624,0.23,6050,16,"Static+SIMD, chunk=8",0.032,99.00,412.5,0.002,89.16,0,""
"2k_0p22.mtx",1624,1624,0.23,6050,16,"Static+SIMD, chunk=16",0.027,119.82,499.3,0.003,91.04,0,""
"2k_0p22.mtx",1624,1624,0.23,6050,16,"Static+SIMD, chunk=32",0.023,141.30,588.7,0.001,92.40,0,""
"2k_0p22.mtx",1624,1624,0.23,6050,16,"Dynamic+SIMD, chunk=8",0.054,58.98,245.7,0.002,81.80,0,""
"2k_0p22.mtx",1624,1624,0.23,6050,16,"Dynamic+SIMD, chunk=16",0.042,75.63,315.1,0.002,85.80,0,""
"2k_0p22.mtx",1624,1624,0.23,6050,16,"Dynamic+SIMD, chunk=32",0.033,97.38,405.7,0.002,88.97,0,""
"2k_0p22.mtx",1624,1624,0.23,6050,16,"Guided+SIMD, chunk=8",0.038,83.35,347.3,0.003,87.12,0,""
"2k_0p22.mtx",1624,1624,0.23,6050,16,"Guided+SIMD, chunk=16",0.035,92.24,384.3,0.002,88.36,0,""
"2k_0p22.mtx",1624,1624,0.23,6050,16,"Guided+SIMD, chunk=32",0.031,102.78,428.2,0.002,89.55,0,""
"2k_0p22.mtx",1624,1624,0.23,6050,16,"Static+SIMD+Affinity,",0.027,116.36,484.8,0.002,90.77,0,""
"2k_0p22.mtx",1624,1624,0.23,6050,16,"Static+SIMD+Affinity,",0.021,149.26,621.9,0.001,92.81,0,""
"2k_0p22.mtx",1624,1624,0.23,6050,16,"Guided+SIMD+Affinity,",0.031,103.00,429.2,0.002,89.58,0,""
"2k_0p22.mtx",1624,1624,0.23,6050,16,"Guided+SIMD+Register,",0.026,121.40,505.8,0.001,91.16,0,""
"2k_0p22.mtx",1624,1624,0.23,6050,16,"Guided+SIMD+Register,",0.028,112.95,470.6,0.002,90.49,0,""
"2k_0p22.mtx",1624,1624,0.23,6050,16,"Static+SIMD+Register,",0.016,201.11,837.9,0.001,94.66,0,""
"2k_0p22.mtx",1624,1624,0.23,6050,16,"Static+SIMD+Register,",0.020,162.81,678.4,0.001,93.41,0,""
"2k_0p22.mtx",1624,1624,0.23,6050,16,"Task-based+SIMD",16.097,0.20,0.8,1.003,,0,""
"2k_0p22.mtx",1624,1624,0.23,6050,16,"Guided+SIMD+Align+Affin,",0.027,117.16,488.2,0.004,90.84,0,""
"2k_0p22.mtx",1624,1624,0.23,6050,16,"Static+SIMD+Align+Affin,",0.019,165.79,690.8,0.001,93.52,0,""
"2k_0p22.mtx",1624,1624,0.23,6050,18,"Static (default)",0.257,12.42,51.7,0.048,0.00,0,""
"2k_0p22.mtx",1624,1624,0.23,6050,18,"Static, chunk=8",1.556,2.05,8.6,0.590,,0,""
"2k_0p22.mtx",1624,1624,0.23,6050,18,"Static, chunk=32",1.588,2.01,8.4,0.239,,0,""
"2k_0p22.mtx",1624,1624,0.23,6050,18,"Dynamic, chunk=8",1.573,2.03,8.5,0.455,,0,""
"2k_0p22.mtx",1624,1624,0.23,6050,18,"Dynamic, chunk=16",1.710,1.87,7.8,0.083,,0,""
"2k_0p22.mtx",1624,1624,0.23,6050,18,"Dynamic, chunk=32",1.519,2.10,8.8,0.069,,0,""
"2k_0p22.mtx",1624,1624,0.23,6050,18,"Dynamic, chunk=64",1.178,2.71,11.3,0.172,,0,""
"2k_0p22.mtx",1624,1624,0.23,6050,18,"Guided, chunk=8",1.396,2.29,9.5,0.114,,0,""
"2k_0p22.mtx",1624,1624,0.23,6050,18,"Guided, chunk=16",1.042,3.07,12.8,0.079,,0,""
"2k_0p22.mtx",1624,1624,0.23,6050,18,"Guided, chunk=32",1.055,3.03,12.6,0.053,,0,""
"2k_0p22.mtx",1624,1624,0.23,6050,18,"Auto (runtime)",1.105,2.89,12.0,0.090,,0,""
"2k_0p22.mtx",1624,1624,0.23,6050,18,"Static+SIMD, chunk=8",0.026,124.75,519.8,0.002,90.05,0,""
"2k_0p22.mtx",1624,1624,0.23,6050,18,"Static+SIMD, chunk=16",0.021,155.45,647.7,0.001,92.01,0,""
"2k_0p22.mtx",1624,1624,0.23,6050,18,"Static+SIMD, chunk=32",0.018,180.63,752.6,0.001,93.13,0,""
"2k_0p22.mtx",1624,1624,0.23,6050,18,"Dynamic+SIMD, chunk=8",0.055,58.37,243.2,0.002,78.73,0,""
"2k_0p22.mtx",1624,1624,0.23,6050,18,"Dynamic+SIMD, chunk=16",0.039,81.63,340.1,0.002,84.79,0,""
"2k_0p22.mtx",1624,1624,0.23,6050,18,"Dynamic+SIMD, chunk=32",0.029,108.73,453.0,0.002,88.58,0,""
"2k_0p22.mtx",1624,1624,0.23,6050,18,"Guided+SIMD, chunk=8",0.035,92.56,385.7,0.002,86.59,0,""
"2k_0p22.mtx",1624,1624,0.23,6050,18,"Guided+SIMD, chunk=16",0.032,100.20,417.5,0.002,87.61,0,""
"2k_0p22.mtx",1624,1624,0.23,6050,18,"Guided+SIMD, chunk=32",0.029,110.13,458.9,0.002,88.73,0,""
"2k_0p22.mtx",1624,1624,0.23,6050,18,"Static+SIMD+Affinity,",0.022,143.71,598.8,0.002,91.36,0,""
"2k_0p22.mtx",1624,1624,0.23,6050,18,"Static+SIMD+Affinity,",0.019,170.43,710.1,0.002,92.72,0,""
"2k_0p22.mtx",1624,1624,0.23,6050,18,"Guided+SIMD+Affinity,",0.029,109.18,454.9,0.002,88.63,0,""
"2k_0p22.mtx",1624,1624,0.23,6050,18,"Guided+SIMD+Register,",0.027,117.13,488.1,0.002,89.40,0,""
"2k_0p22.mtx",1624,1624,0.23,6050,18,"Guided+SIMD+Register,",0.030,105.79,440.8,0.002,88.26,0,""
"2k_0p22.mtx",1624,1624,0.23,6050,18,"Static+SIMD+Register,",0.015,219.91,916.3,0.001,94.35,0,""
"2k_0p22.mtx",1624,1624,0.23,6050,18,"Static+SIMD+Register,",0.016,203.38,847.4,0.001,93.90,0,""
"2k_0p22.mtx",1624,1624,0.23,6050,18,"Task-based+SIMD",15.932,0.20,0.8,1.755,,0,""
"2k_0p22.mtx",1624,1624,0.23,6050,18,"Guided+SIMD+Align+Affin,",0.031,102.33,426.4,0.002,87.87,0,""
"2k_0p22.mtx",1624,1624,0.23,6050,18,"Static+SIMD+Align+Affin,",0.021,153.72,640.5,0.002,91.92,0,""
"2k_0p22.mtx",1624,1624,0.23,6050,20,"Static (default)",0.295,10.83,45.1,0.038,0.00,0,""
"2k_0p22.mtx",1624,1624,0.23,6050,20,"Static, chunk=8",1.939,1.65,6.9,0.455,,0,""
"2k_0p22.mtx",1624,1624,0.23,6050,20,"Static, chunk=32",0.753,4.24,17.7,0.374,,0,""
"2k_0p22.mtx",1624,1624,0.23,6050,20,"Dynamic, chunk=8",2.473,1.29,5.4,0.980,,0,""
"2k_0p22.mtx",1624,1624,0.23,6050,20,"Dynamic, chunk=16",2.697,1.18,4.9,0.153,,0,""
"2k_0p22.mtx",1624,1624,0.23,6050,20,"Dynamic, chunk=32",2.051,1.56,6.5,0.114,,0,""
"2k_0p22.mtx",1624,1624,0.23,6050,20,"Dynamic, chunk=64",1.500,2.13,8.9,0.181,,0,""
"2k_0p22.mtx",1624,1624,0.23,6050,20,"Guided, chunk=8",1.803,1.77,7.4,0.123,,0,""
"2k_0p22.mtx",1624,1624,0.23,6050,20,"Guided, chunk=16",1.705,1.87,7.8,0.171,,0,""
"2k_0p22.mtx",1624,1624,0.23,6050,20,"Guided, chunk=32",2.114,1.51,6.3,0.196,,0,""
"2k_0p22.mtx",1624,1624,0.23,6050,20,"Auto (runtime)",2.356,1.36,5.6,0.252,,0,""
"2k_0p22.mtx",1624,1624,0.23,6050,20,"Static+SIMD, chunk=8",0.033,95.51,398.0,0.002,88.66,0,""
"2k_0p22.mtx",1624,1624,0.23,6050,20,"Static+SIMD, chunk=16",0.026,124.27,517.8,0.002,91.28,0,""
"2k_0p22.mtx",1624,1624,0.23,6050,20,"Static+SIMD, chunk=32",0.023,141.45,589.4,0.002,92.34,0,""
"2k_0p22.mtx",1624,1624,0.23,6050,20,"Dynamic+SIMD, chunk=8",0.056,56.98,237.4,0.003,80.99,0,""
"2k_0p22.mtx",1624,1624,0.23,6050,20,"Dynamic+SIMD, chunk=16",0.044,72.33,301.4,0.003,85.02,0,""
"2k_0p22.mtx",1624,1624,0.23,6050,20,"Dynamic+SIMD, chunk=32",0.033,96.96,404.0,0.002,88.83,0,""
"2k_0p22.mtx",1624,1624,0.23,6050,20,"Guided+SIMD, chunk=8",0.042,76.77,319.9,0.002,85.89,0,""
"2k_0p22.mtx",1624,1624,0.23,6050,20,"Guided+SIMD, chunk=16",0.037,87.34,363.9,0.002,87.60,0,""
"2k_0p22.mtx",1624,1624,0.23,6050,20,"Guided+SIMD, chunk=32",0.033,96.54,402.2,0.002,88.78,0,""
"2k_0p22.mtx",1624,1624,0.23,6050,20,"Static+SIMD+Affinity,",0.026,120.56,502.3,0.002,91.02,0,""
"2k_0p22.mtx",1624,1624,0.23,6050,20,"Static+SIMD+Affinity,",0.022,142.71,594.6,0.002,92.41,0,""
"2k_0p22.mtx",1624,1624,0.23,6050,20,"Guided+SIMD+Affinity,",0.033,96.89,403.7,0.003,88.82,0,""
"2k_0p22.mtx",1624,1624,0.23,6050,20,"Guided+SIMD+Register,",0.029,109.59,456.6,0.002,90.12,0,""
"2k_0p22.mtx",1624,1624,0.23,6050,20,"Guided+SIMD+Register,",0.032,99.81,415.9,0.002,89.15,0,""
"2k_0p22.mtx",1624,1624,0.23,6050,20,"Static+SIMD+Register,",0.017,193.20,805.0,0.001,94.39,0,""
"2k_0p22.mtx",1624,1624,0.23,6050,20,"Static+SIMD+Register,",0.018,174.07,725.3,0.001,93.78,0,""
"2k_0p22.mtx",1624,1624,0.23,6050,20,"Task-based+SIMD",18.936,0.17,0.7,1.486,,0,""
"2k_0p22.mtx",1624,1624,0.23,6050,20,"Guided+SIMD+Align+Affin,",0.033,96.58,402.4,0.003,88.79,0,""
"2k_0p22.mtx",1624,1624,0.23,6050,20,"Static+SIMD+Align+Affin,",0.024,132.78,553.2,0.002,91.84,0,""
"2k_0p22.mtx",1624,1624,0.23,6050,22,"Static (default)",0.290,11.01,45.9,0.024,0.00,0,""
"2k_0p22.mtx",1624,1624,0.23,6050,22,"Static, chunk=8",2.305,1.39,5.8,0.276,,0,""
"2k_0p22.mtx",1624,1624,0.23,6050,22,"Static, chunk=32",1.255,2.54,10.6,0.052,,0,""
"2k_0p22.mtx",1624,1624,0.23,6050,22,"Dynamic, chunk=8",1.091,2.93,12.2,0.868,,0,""
"2k_0p22.mtx",1624,1624,0.23,6050,22,"Dynamic, chunk=16",0.802,3.98,16.6,0.272,,0,""
"2k_0p22.mtx",1624,1624,0.23,6050,22,"Dynamic, chunk=32",1.140,2.80,11.7,0.211,,0,""
"2k_0p22.mtx",1624,1624,0.23,6050,22,"Dynamic, chunk=64",1.156,2.76,11.5,0.252,,0,""
"2k_0p22.mtx",1624,1624,0.23,6050,22,"Guided, chunk=8",2.018,1.58,6.6,0.217,,0,""
"2k_0p22.mtx",1624,1624,0.23,6050,22,"Guided, chunk=16",2.262,1.41,5.9,0.146,,0,""
"2k_0p22.mtx",1624,1624,0.23,6050,22,"Guided, chunk=32",2.331,1.37,5.7,0.191,,0,""
"2k_0p22.mtx",1624,1624,0.23,6050,22,"Auto (runtime)",1.258,2.54,10.6,0.401,,0,""
"2k_0p22.mtx",1624,1624,0.23,6050,22,"Static+SIMD, chunk=8",0.036,87.53,364.7,0.003,87.42,0,""
"2k_0p22.mtx",1624,1624,0.23,6050,22,"Static+SIMD, chunk=16",0.028,114.47,477.0,0.002,90.38,0,""
"2k_0p22.mtx",1624,1624,0.23,6050,22,"Static+SIMD, chunk=32",0.022,143.15,596.5,0.002,92.31,0,""
"2k_0p22.mtx",1624,1624,0.23,6050,22,"Dynamic+SIMD, chunk=8",0.058,55.13,229.7,0.004,80.04,0,""
"2k_0p22.mtx",1624,1624,0.23,6050,22,"Dynamic+SIMD, chunk=16",0.042,75.68,315.3,0.002,85.46,0,""
"2k_0p22.mtx",1624,1624,0.23,6050,22,"Dynamic+SIMD, chunk=32",0.032,100.14,417.3,0.002,89.01,0,""
"2k_0p22.mtx",1624,1624,0.23,6050,22,"Guided+SIMD, chunk=8",0.040,80.12,333.8,0.003,86.26,0,""
"2k_0p22.mtx",1624,1624,0.23,6050,22,"Guided+SIMD, chunk=16",0.036,87.86,366.1,0.003,87.47,0,""
"2k_0p22.mtx",1624,1624,0.23,6050,22,"Guided+SIMD, chunk=32",0.033,95.83,399.3,0.003,88.51,0,""
"2k_0p22.mtx",1624,1624,0.23,6050,22,"Static+SIMD+Affinity,",0.027,119.24,496.8,0.002,90.77,0,""
"2k_0p22.mtx",1624,1624,0.23,6050,22,"Static+SIMD+Affinity,",0.019,167.62,698.4,0.001,93.43,0,""
"2k_0p22.mtx",1624,1624,0.23,6050,22,"Guided+SIMD+Affinity,",0.034,93.77,390.7,0.002,88.26,0,""
"2k_0p22.mtx",1624,1624,0.23,6050,22,"Guided+SIMD+Register,",0.030,107.31,447.1,0.002,89.74,0,""
"2k_0p22.mtx",1624,1624,0.23,6050,22,"Guided+SIMD+Register,",0.034,92.94,387.2,0.002,88.16,0,""
"2k_0p22.mtx",1624,1624,0.23,6050,22,"Static+SIMD+Register,",0.015,218.51,910.5,0.001,94.96,0,""
"2k_0p22.mtx",1624,1624,0.23,6050,22,"Static+SIMD+Register,",0.020,162.80,678.4,0.001,93.24,0,""
"2k_0p22.mtx",1624,1624,0.23,6050,22,"Task-based+SIMD",18.869,0.17,0.7,1.247,,0,""
"2k_0p22.mtx",1624,1624,0.23,6050,22,"Guided+SIMD+Align+Affin,",0.035,92.15,383.9,0.003,88.06,0,""
"2k_0p22.mtx",1624,1624,0.23,6050,22,"Static+SIMD+Align+Affin,",0.024,134.69,561.2,0.001,91.83,0,""
"2k_0p22.mtx",1624,1624,0.23,6050,24,"Static (default)",0.313,10.21,42.5,0.008,0.00,0,""
"2k_0p22.mtx",1624,1624,0.23,6050,24,"Static, chunk=8",2.551,1.25,5.2,0.204,,0,""
"2k_0p22.mtx",1624,1624,0.23,6050,24,"Static, chunk=32",1.767,1.81,7.5,0.117,,0,""
"2k_0p22.mtx",1624,1624,0.23,6050,24,"Dynamic, chunk=8",3.324,0.96,4.0,0.645,,0,""
"2k_0p22.mtx",1624,1624,0.23,6050,24,"Dynamic, chunk=16",3.562,0.90,3.7,0.213,,0,""
"2k_0p22.mtx",1624,1624,0.23,6050,24,"Dynamic, chunk=32",2.457,1.30,5.4,0.190,,0,""
"2k_0p22.mtx",1624,1624,0.23,6050,24,"Dynamic, chunk=64",1.509,2.12,8.8,0.220,,0,""
"2k_0p22.mtx",1624,1624,0.23,6050,24,"Guided, chunk=8",2.097,1.52,6.3,0.274,,0,""
"2k_0p22.mtx",1624,1624,0.23,6050,24,"Guided, chunk=16",1.940,1.65,6.9,0.214,,0,""
"2k_0p22.mtx",1624,1624,0.23,6050,24,"Guided, chunk=32",1.580,2.02,8.4,0.263,,0,""
"2k_0p22.mtx",1624,1624,0.23,6050,24,"Auto (runtime)",1.516,2.11,8.8,0.241,,0,""
"2k_0p22.mtx",1624,1624,0.23,6050,24,"Static+SIMD, chunk=8",0.032,99.05,412.7,0.002,89.69,0,""
"2k_0p22.mtx",1624,1624,0.23,6050,24,"Static+SIMD, chunk=16",0.028,112.71,469.6,0.002,90.94,0,""
"2k_0p22.mtx",1624,1624,0.23,6050,24,"Static+SIMD, chunk=32",0.021,148.63,619.3,0.002,93.13,0,""
"2k_0p22.mtx",1624,1624,0.23,6050,24,"Dynamic+SIMD, chunk=8",0.058,54.71,228.0,0.003,81.34,0,""
"2k_0p22.mtx",1624,1624,0.23,6050,24,"Dynamic+SIMD, chunk=16",0.044,72.05,300.2,0.002,85.83,0,""
"2k_0p22.mtx",1624,1624,0.23,6050,24,"Dynamic+SIMD, chunk=32",0.035,92.11,383.8,0.002,88.91,0,""
"2k_0p22.mtx",1624,1624,0.23,6050,24,"Guided+SIMD, chunk=8",0.043,73.84,307.7,0.003,86.17,0,""
"2k_0p22.mtx",1624,1624,0.23,6050,24,"Guided+SIMD, chunk=16",0.041,78.57,327.4,0.003,87.00,0,""
"2k_0p22.mtx",1624,1624,0.23,6050,24,"Guided+SIMD, chunk=32",0.035,90.61,377.5,0.003,88.73,0,""
"2k_0p22.mtx",1624,1624,0.23,6050,24,"Static+SIMD+Affinity,",0.027,116.40,485.0,0.002,91.23,0,""
"2k_0p22.mtx",1624,1624,0.23,6050,24,"Static+SIMD+Affinity,",0.021,155.80,649.2,0.001,93.45,0,""
"2k_0p22.mtx",1624,1624,0.23,6050,24,"Guided+SIMD+Affinity,",0.036,89.76,374.0,0.002,88.62,0,""
"2k_0p22.mtx",1624,1624,0.23,6050,24,"Guided+SIMD+Register,",0.031,101.55,423.1,0.002,89.95,0,""
"2k_0p22.mtx",1624,1624,0.23,6050,24,"Guided+SIMD+Register,",0.034,93.13,388.0,0.002,89.04,0,""
"2k_0p22.mtx",1624,1624,0.23,6050,24,"Static+SIMD+Register,",0.015,217.09,904.6,0.001,95.30,0,""
"2k_0p22.mtx",1624,1624,0.23,6050,24,"Static+SIMD+Register,",0.020,156.43,651.8,0.002,93.47,0,""
"2k_0p22.mtx",1624,1624,0.23,6050,24,"Task-based+SIMD",22.443,0.14,0.6,2.340,,0,""
"2k_0p22.mtx",1624,1624,0.23,6050,24,"Guided+SIMD+Align+Affin,",0.036,88.39,368.3,0.003,88.45,0,""
"2k_0p22.mtx",1624,1624,0.23,6050,24,"Static+SIMD+Align+Affin,",0.021,149.40,622.5,0.001,93.17,0,""
"2k_0p52.mtx",2003,2003,0.53,21181,1,"Static (default)",4.883,1.00,4.2,0.003,0.00,0,""
"2k_0p52.mtx",2003,2003,0.53,21181,1,"Static, chunk=8",4.883,1.00,4.2,0.003,,0,""
"2k_0p52.mtx",2003,2003,0.53,21181,1,"Static, chunk=32",4.881,1.00,4.2,0.002,0.04,0,""
"2k_0p52.mtx",2003,2003,0.53,21181,1,"Dynamic, chunk=8",4.887,1.00,4.1,0.003,,0,""
"2k_0p52.mtx",2003,2003,0.53,21181,1,"Dynamic, chunk=16",4.883,1.00,4.2,0.002,,0,""
"2k_0p52.mtx",2003,2003,0.53,21181,1,"Dynamic, chunk=32",4.881,1.00,4.2,0.003,0.03,0,""
"2k_0p52.mtx",2003,2003,0.53,21181,1,"Dynamic, chunk=64",4.881,1.00,4.2,0.002,0.04,0,""
"2k_0p52.mtx",2003,2003,0.53,21181,1,"Guided, chunk=8",4.879,1.00,4.2,0.003,0.07,0,""
"2k_0p52.mtx",2003,2003,0.53,21181,1,"Guided, chunk=16",4.880,1.00,4.2,0.003,0.06,0,""
"2k_0p52.mtx",2003,2003,0.53,21181,1,"Guided, chunk=32",4.879,1.00,4.2,0.003,0.08,0,""
"2k_0p52.mtx",2003,2003,0.53,21181,1,"Auto (runtime)",4.878,1.00,4.2,0.003,0.09,0,""
"2k_0p52.mtx",2003,2003,0.53,21181,1,"Static+SIMD, chunk=8",0.024,203.82,849.2,0.000,99.51,0,""
"2k_0p52.mtx",2003,2003,0.53,21181,1,"Static+SIMD, chunk=16",0.023,207.14,863.1,0.000,99.52,0,""
"2k_0p52.mtx",2003,2003,0.53,21181,1,"Static+SIMD, chunk=32",0.023,208.57,869.1,0.000,99.52,0,""
"2k_0p52.mtx",2003,2003,0.53,21181,1,"Dynamic+SIMD, chunk=8",0.028,174.71,728.0,0.000,99.43,0,""
"2k_0p52.mtx",2003,2003,0.53,21181,1,"Dynamic+SIMD, chunk=16",0.025,192.40,801.7,0.000,99.48,0,""
"2k_0p52.mtx",2003,2003,0.53,21181,1,"Dynamic+SIMD, chunk=32",0.024,201.86,841.1,0.000,99.51,0,""
"2k_0p52.mtx",2003,2003,0.53,21181,1,"Guided+SIMD, chunk=8",0.023,210.89,878.7,0.000,99.53,0,""
"2k_0p52.mtx",2003,2003,0.53,21181,1,"Guided+SIMD, chunk=16",0.023,211.92,883.0,0.000,99.53,0,""
"2k_0p52.mtx",2003,2003,0.53,21181,1,"Guided+SIMD, chunk=32",0.023,212.09,883.7,0.000,99.53,0,""
"2k_0p52.mtx",2003,2003,0.53,21181,1,"Static+SIMD+Affinity,",0.023,208.90,870.4,0.000,99.52,0,""
"2k_0p52.mtx",2003,2003,0.53,21181,1,"Static+SIMD+Affinity,",0.023,210.28,876.2,0.000,99.53,0,""
"2k_0p52.mtx",2003,2003,0.53,21181,1,"Guided+SIMD+Affinity,",0.023,211.70,882.1,0.000,99.53,0,""
"2k_0p52.mtx",2003,2003,0.53,21181,1,"Guided+SIMD+Register,",0.023,213.72,890.5,0.000,99.53,0,""
"2k_0p52.mtx",2003,2003,0.53,21181,1,"Guided+SIMD+Register,",0.023,214.61,894.2,0.000,99.54,0,""
"2k_0p52.mtx",2003,2003,0.53,21181,1,"Static+SIMD+Register,",0.023,215.37,897.4,0.000,99.54,0,""
"2k_0p52.mtx",2003,2003,0.53,21181,1,"Static+SIMD+Register,",0.023,214.65,894.4,0.000,99.54,0,""
"2k_0p52.mtx",2003,2003,0.53,21181,1,"Task-based+SIMD",0.052,92.79,386.6,0.000,98.93,0,""
"2k_0p52.mtx",2003,2003,0.53,21181,1,"Guided+SIMD+Align+Affin,",0.023,209.69,873.7,0.000,99.52,0,""
"2k_0p52.mtx",2003,2003,0.53,21181,1,"Static+SIMD+Align+Affin,",0.023,211.79,882.4,0.000,99.53,0,""
"2k_0p52.mtx",2003,2003,0.53,21181,2,"Static (default)",2.459,1.98,8.3,0.003,0.00,0,""
"2k_0p52.mtx",2003,2003,0.53,21181,2,"Static, chunk=8",2.456,1.98,8.3,0.003,0.14,0,""
"2k_0p52.mtx",2003,2003,0.53,21181,2,"Static, chunk=32",2.474,1.97,8.2,0.003,,0,""
"2k_0p52.mtx",2003,2003,0.53,21181,2,"Dynamic, chunk=8",2.463,1.98,8.2,0.002,,0,""
"2k_0p52.mtx",2003,2003,0.53,21181,2,"Dynamic, chunk=16",2.470,1.97,8.2,0.003,,0,""
"2k_0p52.mtx",2003,2003,0.53,21181,2,"Dynamic, chunk=32",2.475,1.97,8.2,0.003,,0,""
"2k_0p52.mtx",2003,2003,0.53,21181,2,"Dynamic, chunk=64",2.505,1.94,8.1,0.003,,0,""
"2k_0p52.mtx",2003,2003,0.53,21181,2,"Guided, chunk=8",2.458,1.98,8.3,0.003,0.04,0,""
"2k_0p52.mtx",2003,2003,0.53,21181,2,"Guided, chunk=16",2.458,1.98,8.3,0.003,0.03,0,""
"2k_0p52.mtx",2003,2003,0.53,21181,2,"Guided, chunk=32",2.458,1.98,8.3,0.003,0.05,0,""
"2k_0p52.mtx",2003,2003,0.53,21181,2,"Auto (runtime)",2.456,1.98,8.3,0.003,0.11,0,""
"2k_0p52.mtx",2003,2003,0.53,21181,2,"Static+SIMD, chunk=8",0.014,352.22,1467.6,0.000,99.44,0,""
"2k_0p52.mtx",2003,2003,0.53,21181,2,"Static+SIMD, chunk=16",0.013,380.94,1587.2,0.000,99.48,0,""
"2k_0p52.mtx",2003,2003,0.53,21181,2,"Static+SIMD, chunk=32",0.013,371.19,1546.6,0.000,99.47,0,""
"2k_0p52.mtx",2003,2003,0.53,21181,2,"Dynamic+SIMD, chunk=8",0.024,206.18,859.1,0.000,99.04,0,""
"2k_0p52.mtx",2003,2003,0.53,21181,2,"Dynamic+SIMD, chunk=16",0.017,278.38,1159.9,0.000,99.29,0,""
"2k_0p52.mtx",2003,2003,0.53,21181,2,"Dynamic+SIMD, chunk=32",0.015,324.63,1352.6,0.000,99.39,0,""
"2k_0p52.mtx",2003,2003,0.53,21181,2,"Guided+SIMD, chunk=8",0.013,368.70,1536.3,0.000,99.46,0,""
"2k_0p52.mtx",2003,2003,0.53,21181,2,"Guided+SIMD, chunk=16",0.013,379.38,1580.7,0.000,99.48,0,""
"2k_0p52.mtx",2003,2003,0.53,21181,2,"Guided+SIMD, chunk=32",0.013,381.20,1588.3,0.000,99.48,0,""
"2k_0p52.mtx",2003,2003,0.53,21181,2,"Static+SIMD+Affinity,",0.013,381.37,1589.0,0.000,99.48,0,""
"2k_0p52.mtx",2003,2003,0.53,21181,2,"Static+SIMD+Affinity,",0.013,368.43,1535.1,0.000,99.46,0,""
"2k_0p52.mtx",2003,2003,0.53,21181,2,"Guided+SIMD+Affinity,",0.013,368.49,1535.4,0.000,99.46,0,""
"2k_0p52.mtx",2003,2003,0.53,21181,2,"Guided+SIMD+Register,",0.013,374.00,1558.3,0.000,99.47,0,""
"2k_0p52.mtx",2003,2003,0.53,21181,2,"Guided+SIMD+Register,",0.013,379.65,1581.9,0.000,99.48,0,""
"2k_0p52.mtx",2003,2003,0.53,21181,2,"Static+SIMD+Register,",0.013,371.80,1549.2,0.000,99.47,0,""
"2k_0p52.mtx",2003,2003,0.53,21181,2,"Static+SIMD+Register,",0.013,388.76,1619.8,0.000,99.49,0,""
"2k_0p52.mtx",2003,2003,0.53,21181,2,"Task-based+SIMD",1.415,3.44,14.3,0.210,42.45,0,""
"2k_0p52.mtx",2003,2003,0.53,21181,2,"Guided+SIMD+Align+Affin,",0.013,365.50,1522.9,0.000,99.46,0,""
"2k_0p52.mtx",2003,2003,0.53,21181,2,"Static+SIMD+Align+Affin,",0.013,368.15,1534.0,0.000,99.46,0,""
"2k_0p52.mtx",2003,2003,0.53,21181,4,"Static (default)",1.223,3.97,16.6,0.002,0.00,0,""
"2k_0p52.mtx",2003,2003,0.53,21181,4,"Static, chunk=8",1.229,3.96,16.5,0.002,,0,""
"2k_0p52.mtx",2003,2003,0.53,21181,4,"Static, chunk=32",1.248,3.89,16.2,0.002,,0,""
"2k_0p52.mtx",2003,2003,0.53,21181,4,"Dynamic, chunk=8",1.236,3.93,16.4,0.002,,0,""
"2k_0p52.mtx",2003,2003,0.53,21181,4,"Dynamic, chunk=16",1.250,3.89,16.2,0.002,,0,""
"2k_0p52.mtx",2003,2003,0.53,21181,4,"Dynamic, chunk=32",1.250,3.89,16.2,0.002,,0,""
"2k_0p52.mtx",2003,2003,0.53,21181,4,"Dynamic, chunk=64",1.250,3.89,16.2,0.002,,0,""
"2k_0p52.mtx",2003,2003,0.53,21181,4,"Guided, chunk=8",1.228,3.96,16.5,0.002,,0,""
"2k_0p52.mtx",2003,2003,0.53,21181,4,"Guided, chunk=16",1.243,3.91,16.3,0.002,,0,""
"2k_0p52.mtx",2003,2003,0.53,21181,4,"Guided, chunk=32",1.252,3.89,16.2,0.002,,0,""
"2k_0p52.mtx",2003,2003,0.53,21181,4,"Auto (runtime)",1.222,3.98,16.6,0.002,0.14,0,""
"2k_0p52.mtx",2003,2003,0.53,21181,4,"Static+SIMD, chunk=8",0.009,534.18,2225.8,0.000,99.26,0,""
"2k_0p52.mtx",2003,2003,0.53,21181,4,"Static+SIMD, chunk=16",0.008,615.78,2565.8,0.000,99.35,0,""
"2k_0p52.mtx",2003,2003,0.53,21181,4,"Static+SIMD, chunk=32",0.008,616.65,2569.4,0.000,99.36,0,""
"2k_0p52.mtx",2003,2003,0.53,21181,4,"Dynamic+SIMD, chunk=8",0.017,283.54,1181.4,0.000,98.60,0,""
"2k_0p52.mtx",2003,2003,0.53,21181,4,"Dynamic+SIMD, chunk=16",0.011,422.84,1761.8,0.000,99.06,0,""
"2k_0p52.mtx",2003,2003,0.53,21181,4,"Dynamic+SIMD, chunk=32",0.009,527.95,2199.8,0.000,99.25,0,""
"2k_0p52.mtx",2003,2003,0.53,21181,4,"Guided+SIMD, chunk=8",0.009,536.76,2236.5,0.000,99.26,0,""
"2k_0p52.mtx",2003,2003,0.53,21181,4,"Guided+SIMD, chunk=16",0.008,581.73,2423.9,0.000,99.32,0,""
"2k_0p52.mtx",2003,2003,0.53,21181,4,"Guided+SIMD, chunk=32",0.008,596.79,2486.6,0.000,99.33,0,""
"2k_0p52.mtx",2003,2003,0.53,21181,4,"Static+SIMD+Affinity,",0.008,618.68,2577.8,0.000,99.36,0,""
"2k_0p52.mtx",2003,2003,0.53,21181,4,"Static+SIMD+Affinity,",0.008,619.75,2582.3,0.000,99.36,0,""
"2k_0p52.mtx",2003,2003,0.53,21181,4,"Guided+SIMD+Affinity,",0.008,583.05,2429.4,0.000,99.32,0,""
"2k_0p52.mtx",2003,2003,0.53,21181,4,"Guided+SIMD+Register,",0.008,586.87,2445.3,0.000,99.32,0,""
"2k_0p52.mtx",2003,2003,0.53,21181,4,"Guided+SIMD+Register,",0.008,588.35,2451.5,0.000,99.32,0,""
"2k_0p52.mtx",2003,2003,0.53,21181,4,"Static+SIMD+Register,",0.008,637.60,2656.7,0.000,99.38,0,""
"2k_0p52.mtx",2003,2003,0.53,21181,4,"Static+SIMD+Register,",0.008,618.31,2576.3,0.000,99.36,0,""
"2k_0p52.mtx",2003,2003,0.53,21181,4,"Task-based+SIMD",2.798,1.74,7.2,0.065,,0,""
"2k_0p52.mtx",2003,2003,0.53,21181,4,"Guided+SIMD+Align+Affin,",0.008,587.00,2445.8,0.000,99.32,0,""
"2k_0p52.mtx",2003,2003,0.53,21181,4,"Static+SIMD+Align+Affin,",0.008,614.26,2559.4,0.000,99.35,0,""
"2k_0p52.mtx",2003,2003,0.53,21181,8,"Static (default)",0.617,7.88,32.8,0.003,0.00,0,""
"2k_0p52.mtx",2003,2003,0.53,21181,8,"Static, chunk=8",0.630,7.72,32.2,0.004,,0,""
"2k_0p52.mtx",2003,2003,0.53,21181,8,"Static, chunk=32",0.631,7.71,32.1,0.003,,0,""
"2k_0p52.mtx",2003,2003,0.53,21181,8,"Dynamic, chunk=8",0.639,7.62,31.7,0.003,,0,""
"2k_0p52.mtx",2003,2003,0.53,21181,8,"Dynamic, chunk=16",0.635,7.66,31.9,0.003,,0,""
"2k_0p52.mtx",2003,2003,0.53,21181,8,"Dynamic, chunk=32",0.634,7.68,32.0,0.003,,0,""
"2k_0p52.mtx",2003,2003,0.53,21181,8,"Dynamic, chunk=64",0.633,7.69,32.0,0.002,,0,""
"2k_0p52.mtx",2003,2003,0.53,21181,8,"Guided, chunk=8",0.631,7.71,32.1,0.002,,0,""
"2k_0p52.mtx",2003,2003,0.53,21181,8,"Guided, chunk=16",0.635,7.66,31.9,0.002,,0,""
"2k_0p52.mtx",2003,2003,0.53,21181,8,"Guided, chunk=32",0.639,7.61,31.7,0.003,,0,""
"2k_0p52.mtx",2003,2003,0.53,21181,8,"Auto (runtime)",0.615,7.91,33.0,0.002,0.40,0,""
"2k_0p52.mtx",2003,2003,0.53,21181,8,"Static+SIMD, chunk=8",0.010,477.55,1989.8,0.001,98.35,0,""
"2k_0p52.mtx",2003,2003,0.53,21181,8,"Static+SIMD, chunk=16",0.009,526.94,2195.6,0.001,98.50,0,""
"2k_0p52.mtx",2003,2003,0.53,21181,8,"Static+SIMD, chunk=32",0.009,548.87,2287.0,0.001,98.56,0,""
"2k_0p52.mtx",2003,2003,0.53,21181,8,"Dynamic+SIMD, chunk=8",0.039,124.01,516.7,0.001,93.65,0,""
"2k_0p52.mtx",2003,2003,0.53,21181,8,"Dynamic+SIMD, chunk=16",0.024,206.72,861.3,0.001,96.19,0,""
"2k_0p52.mtx",2003,2003,0.53,21181,8,"Dynamic+SIMD, chunk=32",0.016,305.71,1273.8,0.001,97.42,0,""
"2k_0p52.mtx",2003,2003,0.53,21181,8,"Guided+SIMD, chunk=8",0.019,259.56,1081.5,0.001,96.96,0,""
"2k_0p52.mtx",2003,2003,0.53,21181,8,"Guided+SIMD, chunk=16",0.017,287.48,1197.8,0.001,97.26,0,""
"2k_0p52.mtx",2003,2003,0.53,21181,8,"Guided+SIMD, chunk=32",0.016,313.31,1305.5,0.001,97.49,0,""
"2k_0p52.mtx",2003,2003,0.53,21181,8,"Static+SIMD+Affinity,",0.009,549.59,2289.9,0.001,98.57,0,""
"2k_0p52.mtx",2003,2003,0.53,21181,8,"Static+SIMD+Affinity,",0.009,570.04,2375.2,0.001,98.62,0,""
"2k_0p52.mtx",2003,2003,0.53,21181,8,"Guided+SIMD+Affinity,",0.016,300.02,1250.1,0.001,97.37,0,""
"2k_0p52.mtx",2003,2003,0.53,21181,8,"Guided+SIMD+Register,",0.015,316.07,1317.0,0.001,97.51,0,""
"2k_0p52.mtx",2003,2003,0.53,21181,8,"Guided+SIMD+Register,",0.017,285.10,1187.9,0.001,97.24,0,""
"2k_0p52.mtx",2003,2003,0.53,21181,8,"Static+SIMD+Register,",0.009,512.91,2137.1,0.001,98.46,0,""
"2k_0p52.mtx",2003,2003,0.53,21181,8,"Static+SIMD+Register,",0.011,453.06,1887.8,0.001,98.26,0,""
"2k_0p52.mtx",2003,2003,0.53,21181,8,"Task-based+SIMD",11.368,0.43,1.8,0.092,,0,""
"2k_0p52.mtx",2003,2003,0.53,21181,8,"Guided+SIMD+Align+Affin,",0.016,312.39,1301.6,0.001,97.48,0,""
"2k_0p52.mtx",2003,2003,0.53,21181,8,"Static+SIMD+Align+Affin,",0.009,559.07,2329.5,0.001,98.59,0,""
"2k_0p52.mtx",2003,2003,0.53,21181,12,"Static (default)",0.427,11.40,47.5,0.004,0.00,0,""
"2k_0p52.mtx",2003,2003,0.53,21181,12,"Static, chunk=8",0.429,11.33,47.2,0.004,,0,""
"2k_0p52.mtx",2003,2003,0.53,21181,12,"Static, chunk=32",0.488,9.96,41.5,0.004,,0,""
"2k_0p52.mtx",2003,2003,0.53,21181,12,"Dynamic, chunk=8",0.436,11.17,46.5,0.003,,0,""
"2k_0p52.mtx",2003,2003,0.53,21181,12,"Dynamic, chunk=16",0.442,11.01,45.9,0.003,,0,""
"2k_0p52.mtx",2003,2003,0.53,21181,12,"Dynamic, chunk=32",0.477,10.20,42.5,0.003,,0,""
"2k_0p52.mtx",2003,2003,0.53,21181,12,"Dynamic, chunk=64",0.490,9.93,41.4,0.003,,0,""
"2k_0p52.mtx",2003,2003,0.53,21181,12,"Guided, chunk=8",0.432,11.26,46.9,0.003,,0,""
"2k_0p52.mtx",2003,2003,0.53,21181,12,"Guided, chunk=16",0.434,11.22,46.7,0.003,,0,""
"2k_0p52.mtx",2003,2003,0.53,21181,12,"Guided, chunk=32",0.457,10.64,44.3,0.004,,0,""
"2k_0p52.mtx",2003,2003,0.53,21181,12,"Auto (runtime)",0.426,11.41,47.6,0.003,0.07,0,""
"2k_0p52.mtx",2003,2003,0.53,21181,12,"Static+SIMD, chunk=8",0.011,433.42,1805.9,0.001,97.37,0,""
"2k_0p52.mtx",2003,2003,0.53,21181,12,"Static+SIMD, chunk=16",0.010,467.42,1947.6,0.001,97.56,0,""
"2k_0p52.mtx",2003,2003,0.53,21181,12,"Static+SIMD, chunk=32",0.009,512.91,2137.1,0.001,97.78,0,""
"2k_0p52.mtx",2003,2003,0.53,21181,12,"Dynamic+SIMD, chunk=8",0.038,129.46,539.4,0.002,91.19,0,""
"2k_0p52.mtx",2003,2003,0.53,21181,12,"Dynamic+SIMD, chunk=16",0.024,199.14,829.7,0.001,94.27,0,""
"2k_0p52.mtx",2003,2003,0.53,21181,12,"Dynamic+SIMD, chunk=32",0.017,278.02,1158.4,0.001,95.90,0,""
"2k_0p52.mtx",2003,2003,0.53,21181,12,"Guided+SIMD, chunk=8",0.027,183.34,763.9,0.001,93.78,0,""
"2k_0p52.mtx",2003,2003,0.53,21181,12,"Guided+SIMD, chunk=16",0.024,205.61,856.7,0.001,94.45,0,""
"2k_0p52.mtx",2003,2003,0.53,21181,12,"Guided+SIMD, chunk=32",0.021,231.35,964.0,0.001,95.07,0,""
"2k_0p52.mtx",2003,2003,0.53,21181,12,"Static+SIMD+Affinity,",0.010,480.76,2003.2,0.001,97.63,0,""
"2k_0p52.mtx",2003,2003,0.53,21181,12,"Static+SIMD+Affinity,",0.009,514.14,2142.3,0.001,97.78,0,""
"2k_0p52.mtx",2003,2003,0.53,21181,12,"Guided+SIMD+Affinity,",0.022,223.78,932.4,0.002,94.90,0,""
"2k_0p52.mtx",2003,2003,0.53,21181,12,"Guided+SIMD+Register,",0.021,226.66,944.4,0.002,94.97,0,""
"2k_0p52.mtx",2003,2003,0.53,21181,12,"Guided+SIMD+Register,",0.024,204.81,853.4,0.001,94.43,0,""
"2k_0p52.mtx",2003,2003,0.53,21181,12,"Static+SIMD+Register,",0.010,495.81,2065.9,0.001,97.70,0,""
"2k_0p52.mtx",2003,2003,0.53,21181,12,"Static+SIMD+Register,",0.011,445.62,1856.7,0.001,97.44,0,""
"2k_0p52.mtx",2003,2003,0.53,21181,12,"Task-based+SIMD",14.754,0.33,1.4,0.328,,0,""
"2k_0p52.mtx",2003,2003,0.53,21181,12,"Guided+SIMD+Align+Affin,",0.022,218.18,909.1,0.001,94.77,0,""
"2k_0p52.mtx",2003,2003,0.53,21181,12,"Static+SIMD+Align+Affin,",0.010,506.36,2109.8,0.001,97.75,0,""
"2k_0p52.mtx",2003,2003,0.53,21181,16,"Static (default)",0.346,14.04,58.5,0.008,0.00,0,""
"2k_0p52.mtx",2003,2003,0.53,21181,16,"Static, chunk=8",0.332,14.66,61.1,0.005,4.24,0,""
"2k_0p52.mtx",2003,2003,0.53,21181,16,"Static, chunk=32",0.331,14.69,61.2,0.005,4.45,0,""
"2k_0p52.mtx",2003,2003,0.53,21181,16,"Dynamic, chunk=8",0.337,14.42,60.1,0.004,2.62,0,""
"2k_0p52.mtx",2003,2003,0.53,21181,16,"Dynamic, chunk=16",0.337,14.45,60.2,0.003,2.86,0,""
"2k_0p52.mtx",2003,2003,0.53,21181,16,"Dynamic, chunk=32",0.335,14.51,60.5,0.005,3.26,0,""
"2k_0p52.mtx",2003,2003,0.53,21181,16,"Dynamic, chunk=64",0.335,14.53,60.5,0.004,3.38,0,""
"2k_0p52.mtx",2003,2003,0.53,21181,16,"Guided, chunk=8",0.337,14.43,60.1,0.004,2.70,0,""
"2k_0p52.mtx",2003,2003,0.53,21181,16,"Guided, chunk=16",0.339,14.37,59.9,0.004,2.29,0,""
"2k_0p52.mtx",2003,2003,0.53,21181,16,"Guided, chunk=32",0.353,13.78,57.4,0.005,,0,""
"2k_0p52.mtx",2003,2003,0.53,21181,16,"Auto (runtime)",0.324,15.02,62.6,0.004,6.53,0,""
"2k_0p52.mtx",2003,2003,0.53,21181,16,"Static+SIMD, chunk=8",0.011,438.39,1826.6,0.001,96.80,0,""
"2k_0p52.mtx",2003,2003,0.53,21181,16,"Static+SIMD, chunk=16",0.011,432.12,1800.5,0.001,96.75,0,""
"2k_0p52.mtx",2003,2003,0.53,21181,16,"Static+SIMD, chunk=32",0.010,501.61,2090.0,0.001,97.20,0,""
"2k_0p52.mtx",2003,2003,0.53,21181,16,"Dynamic+SIMD, chunk=8",0.036,136.71,569.6,0.002,89.73,0,""
"2k_0p52.mtx",2003,2003,0.53,21181,16,"Dynamic+SIMD, chunk=16",0.024,205.64,856.8,0.001,93.17,0,""
"2k_0p52.mtx",2003,2003,0.53,21181,16,"Dynamic+SIMD, chunk=32",0.019,260.47,1085.3,0.001,94.61,0,""
"2k_0p52.mtx",2003,2003,0.53,21181,16,"Guided+SIMD, chunk=8",0.031,157.79,657.4,0.002,91.10,0,""
"2k_0p52.mtx",2003,2003,0.53,21181,16,"Guided+SIMD, chunk=16",0.028,176.44,735.1,0.002,92.04,0,""
"2k_0p52.mtx",2003,2003,0.53,21181,16,"Guided+SIMD, chunk=32",0.025,195.36,814.0,0.002,92.81,0,""
"2k_0p52.mtx",2003,2003,0.53,21181,16,"Static+SIMD+Affinity,",0.011,462.57,1927.4,0.001,96.97,0,""
"2k_0p52.mtx",2003,2003,0.53,21181,16,"Static+SIMD+Affinity,",0.009,527.01,2195.9,0.001,97.34,0,""
"2k_0p52.mtx",2003,2003,0.53,21181,16,"Guided+SIMD+Affinity,",0.025,194.32,809.7,0.002,92.78,0,""
"2k_0p52.mtx",2003,2003,0.53,21181,16,"Guided+SIMD+Register,",0.026,188.91,787.1,0.001,92.57,0,""
"2k_0p52.mtx",2003,2003,0.53,21181,16,"Guided+SIMD+Register,",0.029,166.60,694.2,0.002,91.57,0,""
"2k_0p52.mtx",2003,2003,0.53,21181,16,"Static+SIMD+Register,",0.011,443.49,1847.9,0.001,96.83,0,""
"2k_0p52.mtx",2003,2003,0.53,21181,16,"Static+SIMD+Register,",0.012,392.97,1637.4,0.001,96.43,0,""
"2k_0p52.mtx",2003,2003,0.53,21181,16,"Task-based+SIMD",16.305,0.30,1.2,0.554,,0,""
"2k_0p52.mtx",2003,2003,0.53,21181,16,"Guided+SIMD+Align+Affin,",0.025,191.64,798.5,0.002,92.67,0,""
"2k_0p52.mtx",2003,2003,0.53,21181,16,"Static+SIMD+Align+Affin,",0.010,510.76,2128.2,0.001,97.25,0,""
"2k_0p52.mtx",2003,2003,0.53,21181,18,"Static (default)",0.337,14.42,60.1,0.026,0.00,0,""
"2k_0p52.mtx",2003,2003,0.53,21181,18,"Static, chunk=8",0.292,16.65,69.4,0.004,13.38,0,""
"2k_0p52.mtx",2003,2003,0.53,21181,18,"Static, chunk=32",0.331,14.70,61.3,0.004,1.93,0,""
"2k_0p52.mtx",2003,2003,0.53,21181,18,"Dynamic, chunk=8",0.301,16.19,67.5,0.004,10.95,0,""
"2k_0p52.mtx",2003,2003,0.53,21181,18,"Dynamic, chunk=16",0.297,16.38,68.2,0.004,11.96,0,""
"2k_0p52.mtx",2003,2003,0.53,21181,18,"Dynamic, chunk=32",0.333,14.59,60.8,0.004,1.17,0,""
"2k_0p52.mtx",2003,2003,0.53,21181,18,"Dynamic, chunk=64",0.335,14.54,60.6,0.004,0.80,0,""
"2k_0p52.mtx",2003,2003,0.53,21181,18,"Guided, chunk=8",0.302,16.09,67.0,0.005,10.36,0,""
"2k_0p52.mtx",2003,2003,0.53,21181,18,"Guided, chunk=16",0.309,15.73,65.5,0.004,8.33,0,""
"2k_0p52.mtx",2003,2003,0.53,21181,18,"Guided, chunk=32",0.323,15.06,62.8,0.005,4.27,0,""
"2k_0p52.mtx",2003,2003,0.53,21181,18,"Auto (runtime)",0.290,16.80,70.0,0.003,14.15,0,""
"2k_0p52.mtx",2003,2003,0.53,21181,18,"Static+SIMD, chunk=8",0.012,398.31,1659.6,0.001,96.38,0,""
"2k_0p52.mtx",2003,2003,0.53,21181,18,"Static+SIMD, chunk=16",0.012,420.89,1753.7,0.001,96.57,0,""
"2k_0p52.mtx",2003,2003,0.53,21181,18,"Static+SIMD, chunk=32",0.011,456.16,1900.7,0.001,96.84,0,""
"2k_0p52.mtx",2003,2003,0.53,21181,18,"Dynamic+SIMD, chunk=8",0.036,136.07,567.0,0.002,89.40,0,""
"2k_0p52.mtx",2003,2003,0.53,21181,18,"Dynamic+SIMD, chunk=16",0.025,195.79,815.8,0.001,92.63,0,""
"2k_0p52.mtx",2003,2003,0.53,21181,18,"Dynamic+SIMD, chunk=32",0.020,245.14,1021.4,0.002,94.12,0,""
"2k_0p52.mtx",2003,2003,0.53,21181,18,"Guided+SIMD, chunk=8",0.034,141.32,588.8,0.002,89.80,0,""
"2k_0p52.mtx",2003,2003,0.53,21181,18,"Guided+SIMD, chunk=16",0.031,155.76,649.0,0.002,90.74,0,""
"2k_0p52.mtx",2003,2003,0.53,21181,18,"Guided+SIMD, chunk=32",0.028,173.30,722.1,0.002,91.68,0,""
"2k_0p52.mtx",2003,2003,0.53,21181,18,"Static+SIMD+Affinity,",0.011,441.46,1839.4,0.001,96.73,0,""
"2k_0p52.mtx",2003,2003,0.53,21181,18,"Static+SIMD+Affinity,",0.010,496.55,2069.0,0.001,97.10,0,""
"2k_0p52.mtx",2003,2003,0.53,21181,18,"Guided+SIMD+Affinity,",0.028,176.23,734.3,0.002,91.82,0,""
"2k_0p52.mtx",2003,2003,0.53,21181,18,"Guided+SIMD+Register,",0.029,170.59,710.8,0.002,91.55,0,""
"2k_0p52.mtx",2003,2003,0.53,21181,18,"Guided+SIMD+Register,",0.032,152.09,633.7,0.002,90.52,0,""
"2k_0p52.mtx",2003,2003,0.53,21181,18,"Static+SIMD+Register,",0.010,511.99,2133.3,0.001,97.18,0,""
"2k_0p52.mtx",2003,2003,0.53,21181,18,"Static+SIMD+Register,",0.011,427.77,1782.4,0.001,96.63,0,""
"2k_0p52.mtx",2003,2003,0.53,21181,18,"Task-based+SIMD",18.549,0.26,1.1,0.628,,0,""
"2k_0p52.mtx",2003,2003,0.53,21181,18,"Guided+SIMD+Align+Affin,",0.028,173.74,723.9,0.002,91.70,0,""
"2k_0p52.mtx",2003,2003,0.53,21181,18,"Static+SIMD+Align+Affin,",0.010,472.46,1968.6,0.001,96.95,0,""
"2k_0p52.mtx",2003,2003,0.53,21181,20,"Static (default)",0.359,13.56,56.5,0.033,0.00,0,""
"2k_0p52.mtx",2003,2003,0.53,21181,20,"Static, chunk=8",0.271,17.94,74.7,0.004,24.42,0,""
"2k_0p52.mtx",2003,2003,0.53,21181,20,"Static, chunk=32",0.330,14.74,61.4,0.004,8.05,0,""
"2k_0p52.mtx",2003,2003,0.53,21181,20,"Dynamic, chunk=8",0.278,17.48,72.9,0.003,22.47,0,""
"2k_0p52.mtx",2003,2003,0.53,21181,20,"Dynamic, chunk=16",0.293,16.59,69.1,0.003,18.27,0,""
"2k_0p52.mtx",2003,2003,0.53,21181,20,"Dynamic, chunk=32",0.324,15.01,62.6,0.003,9.71,0,""
"2k_0p52.mtx",2003,2003,0.53,21181,20,"Dynamic, chunk=64",0.335,14.50,60.4,0.004,6.54,0,""
"2k_0p52.mtx",2003,2003,0.53,21181,20,"Guided, chunk=8",0.274,17.77,74.0,0.004,23.71,0,""
"2k_0p52.mtx",2003,2003,0.53,21181,20,"Guided, chunk=16",0.287,16.97,70.7,0.003,20.11,0,""
"2k_0p52.mtx",2003,2003,0.53,21181,20,"Guided, chunk=32",0.301,16.18,67.4,0.003,16.23,0,""
"2k_0p52.mtx",2003,2003,0.53,21181,20,"Auto (runtime)",0.262,18.58,77.4,0.003,27.03,0,""
"2k_0p52.mtx",2003,2003,0.53,21181,20,"Static+SIMD, chunk=8",0.013,387.04,1612.7,0.001,96.50,0,""
"2k_0p52.mtx",2003,2003,0.53,21181,20,"Static+SIMD, chunk=16",0.012,422.69,1761.2,0.001,96.79,0,""
"2k_0p52.mtx",2003,2003,0.53,21181,20,"Static+SIMD, chunk=32",0.010,476.26,1984.4,0.001,97.15,0,""
"2k_0p52.mtx",2003,2003,0.53,21181,20,"Dynamic+SIMD, chunk=8",0.037,132.41,551.7,0.001,89.76,0,""
"2k_0p52.mtx",2003,2003,0.53,21181,20,"Dynamic+SIMD, chunk=16",0.025,194.60,810.8,0.002,93.03,0,""
"2k_0p52.mtx",2003,2003,0.53,21181,20,"Dynamic+SIMD, chunk=32",0.019,256.87,1070.3,0.001,94.72,0,""
"2k_0p52.mtx",2003,2003,0.53,21181,20,"Guided+SIMD, chunk=8",0.036,136.81,570.0,0.001,90.09,0,""
"2k_0p52.mtx",2003,2003,0.53,21181,20,"Guided+SIMD, chunk=16",0.032,150.98,629.1,0.002,91.02,0,""
"2k_0p52.mtx",2003,2003,0.53,21181,20,"Guided+SIMD, chunk=32",0.029,165.47,689.5,0.002,91.81,0,""
"2k_0p52.mtx",2003,2003,0.53,21181,20,"Static+SIMD+Affinity,",0.011,447.21,1863.4,0.001,96.97,0,""
"2k_0p52.mtx",2003,2003,0.53,21181,20,"Static+SIMD+Affinity,",0.010,465.45,1939.4,0.001,97.09,0,""
"2k_0p52.mtx",2003,2003,0.53,21181,20,"Guided+SIMD+Affinity,",0.028,171.39,714.1,0.002,92.09,0,""
"2k_0p52.mtx",2003,2003,0.53,21181,20,"Guided+SIMD+Register,",0.029,169.75,707.3,0.002,92.01,0,""
"2k_0p52.mtx",2003,2003,0.53,21181,20,"Guided+SIMD+Register,",0.033,148.19,617.5,0.001,90.85,0,""
"2k_0p52.mtx",2003,2003,0.53,21181,20,"Static+SIMD+Register,",0.012,413.74,1723.9,0.001,96.72,0,""
"2k_0p52.mtx",2003,2003,0.53,21181,20,"Static+SIMD+Register,",0.012,410.03,1708.5,0.001,96.69,0,""
"2k_0p52.mtx",2003,2003,0.53,21181,20,"Task-based+SIMD",20.149,0.24,1.0,0.568,,0,""
"2k_0p52.mtx",2003,2003,0.53,21181,20,"Guided+SIMD+Align+Affin,",0.030,164.90,687.1,0.002,91.78,0,""
"2k_0p52.mtx",2003,2003,0.53,21181,20,"Static+SIMD+Align+Affin,",0.011,453.17,1888.2,0.001,97.01,0,""
"2k_0p52.mtx",2003,2003,0.53,21181,22,"Static (default)",0.303,16.05,66.9,0.020,0.00,0,""
"2k_0p52.mtx",2003,2003,0.53,21181,22,"Static, chunk=8",0.252,19.33,80.6,0.003,17.00,0,""
"2k_0p52.mtx",2003,2003,0.53,21181,22,"Static, chunk=32",0.250,19.42,80.9,0.003,17.39,0,""
"2k_0p52.mtx",2003,2003,0.53,21181,22,"Dynamic, chunk=8",0.258,18.82,78.4,0.003,14.72,0,""
"2k_0p52.mtx",2003,2003,0.53,21181,22,"Dynamic, chunk=16",0.258,18.82,78.4,0.003,14.72,0,""
"2k_0p52.mtx",2003,2003,0.53,21181,22,"Dynamic, chunk=32",0.258,18.89,78.7,0.003,15.03,0,""
"2k_0p52.mtx",2003,2003,0.53,21181,22,"Dynamic, chunk=64",0.337,14.45,60.2,0.004,,0,""
"2k_0p52.mtx",2003,2003,0.53,21181,22,"Guided, chunk=8",0.251,19.39,80.8,0.003,17.23,0,""
"2k_0p52.mtx",2003,2003,0.53,21181,22,"Guided, chunk=16",0.265,18.33,76.4,0.004,12.45,0,""
"2k_0p52.mtx",2003,2003,0.53,21181,22,"Guided, chunk=32",0.283,17.22,71.7,0.004,6.79,0,""
"2k_0p52.mtx",2003,2003,0.53,21181,22,"Auto (runtime)",0.239,20.31,84.6,0.002,21.00,0,""
"2k_0p52.mtx",2003,2003,0.53,21181,22,"Static+SIMD, chunk=8",0.012,408.21,1700.9,0.001,96.07,0,""
"2k_0p52.mtx",2003,2003,0.53,21181,22,"Static+SIMD, chunk=16",0.011,460.83,1920.1,0.001,96.52,0,""
"2k_0p52.mtx",2003,2003,0.53,21181,22,"Static+SIMD, chunk=32",0.010,489.79,2040.8,0.001,96.72,0,""
"2k_0p52.mtx",2003,2003,0.53,21181,22,"Dynamic+SIMD, chunk=8",0.036,133.50,556.2,0.002,87.98,0,""
"2k_0p52.mtx",2003,2003,0.53,21181,22,"Dynamic+SIMD, chunk=16",0.026,189.98,791.6,0.002,91.55,0,""
"2k_0p52.mtx",2003,2003,0.53,21181,22,"Dynamic+SIMD, chunk=32",0.020,237.58,989.9,0.002,93.25,0,""
"2k_0p52.mtx",2003,2003,0.53,21181,22,"Guided+SIMD, chunk=8",0.039,125.09,521.2,0.002,87.17,0,""
"2k_0p52.mtx",2003,2003,0.53,21181,22,"Guided+SIMD, chunk=16",0.035,139.63,581.8,0.001,88.51,0,""
"2k_0p52.mtx",2003,2003,0.53,21181,22,"Guided+SIMD, chunk=32",0.031,158.41,660.1,0.002,89.87,0,""
"2k_0p52.mtx",2003,2003,0.53,21181,22,"Static+SIMD+Affinity,",0.012,416.55,1735.6,0.001,96.15,0,""
"2k_0p52.mtx",2003,2003,0.53,21181,22,"Static+SIMD+Affinity,",0.010,488.14,2033.9,0.001,96.71,0,""
"2k_0p52.mtx",2003,2003,0.53,21181,22,"Guided+SIMD+Affinity,",0.030,161.46,672.8,0.002,90.06,0,""
"2k_0p52.mtx",2003,2003,0.53,21181,22,"Guided+SIMD+Register,",0.031,158.32,659.7,0.002,89.86,0,""
"2k_0p52.mtx",2003,2003,0.53,21181,22,"Guided+SIMD+Register,",0.035,139.76,582.3,0.002,88.52,0,""
"2k_0p52.mtx",2003,2003,0.53,21181,22,"Static+SIMD+Register,",0.011,441.64,1840.2,0.001,96.37,0,""
"2k_0p52.mtx",2003,2003,0.53,21181,22,"Static+SIMD+Register,",0.011,430.53,1793.9,0.001,96.27,0,""
"2k_0p52.mtx",2003,2003,0.53,21181,22,"Task-based+SIMD",22.487,0.22,0.9,0.976,,0,""
"2k_0p52.mtx",2003,2003,0.53,21181,22,"Guided+SIMD+Align+Affin,",0.032,153.87,641.1,0.002,89.57,0,""
"2k_0p52.mtx",2003,2003,0.53,21181,22,"Static+SIMD+Align+Affin,",0.011,438.15,1825.6,0.001,96.34,0,""
"2k_0p52.mtx",2003,2003,0.53,21181,24,"Static (default)",0.260,18.68,77.8,0.017,0.00,0,""
"2k_0p52.mtx",2003,2003,0.53,21181,24,"Static, chunk=8",0.246,19.78,82.4,0.004,5.57,0,""
"2k_0p52.mtx",2003,2003,0.53,21181,24,"Static, chunk=32",0.267,18.24,76.0,0.004,,0,""
"2k_0p52.mtx",2003,2003,0.53,21181,24,"Dynamic, chunk=8",0.241,20.19,84.1,0.004,7.48,0,""
"2k_0p52.mtx",2003,2003,0.53,21181,24,"Dynamic, chunk=16",0.255,19.04,79.3,0.004,1.92,0,""
"2k_0p52.mtx",2003,2003,0.53,21181,24,"Dynamic, chunk=32",0.269,18.10,75.4,0.003,,0,""
"2k_0p52.mtx",2003,2003,0.53,21181,24,"Dynamic, chunk=64",0.338,14.40,60.0,0.004,,0,""
"2k_0p52.mtx",2003,2003,0.53,21181,24,"Guided, chunk=8",0.243,20.01,83.4,0.004,6.65,0,""
"2k_0p52.mtx",2003,2003,0.53,21181,24,"Guided, chunk=16",0.251,19.36,80.7,0.004,3.52,0,""
"2k_0p52.mtx",2003,2003,0.53,21181,24,"Guided, chunk=32",0.279,17.46,72.8,0.003,,0,""
"2k_0p52.mtx",2003,2003,0.53,21181,24,"Auto (runtime)",0.235,20.74,86.4,0.003,9.96,0,""
"2k_0p52.mtx",2003,2003,0.53,21181,24,"Static+SIMD, chunk=8",0.013,371.85,1549.4,0.001,94.98,0,""
"2k_0p52.mtx",2003,2003,0.53,21181,24,"Static+SIMD, chunk=16",0.012,405.66,1690.3,0.001,95.40,0,""
"2k_0p52.mtx",2003,2003,0.53,21181,24,"Static+SIMD, chunk=32",0.012,401.50,1672.9,0.001,95.35,0,""
"2k_0p52.mtx",2003,2003,0.53,21181,24,"Dynamic+SIMD, chunk=8",0.040,120.69,502.9,0.002,84.53,0,""
"2k_0p52.mtx",2003,2003,0.53,21181,24,"Dynamic+SIMD, chunk=16",0.028,174.25,726.1,0.002,89.28,0,""
"2k_0p52.mtx",2003,2003,0.53,21181,24,"Dynamic+SIMD, chunk=32",0.022,216.84,903.5,0.002,91.39,0,""
"2k_0p52.mtx",2003,2003,0.53,21181,24,"Guided+SIMD, chunk=8",0.045,109.27,455.3,0.002,82.91,0,""
"2k_0p52.mtx",2003,2003,0.53,21181,24,"Guided+SIMD, chunk=16",0.039,124.93,520.6,0.002,85.05,0,""
"2k_0p52.mtx",2003,2003,0.53,21181,24,"Guided+SIMD, chunk=32",0.035,139.40,580.8,0.003,86.60,0,""
"2k_0p52.mtx",2003,2003,0.53,21181,24,"Static+SIMD+Affinity,",0.014,357.09,1487.9,0.001,94.77,0,""
"2k_0p52.mtx",2003,2003,0.53,21181,24,"Static+SIMD+Affinity,",0.012,412.72,1719.7,0.001,95.47,0,""
"2k_0p52.mtx",2003,2003,0.53,21181,24,"Guided+SIMD+Affinity,",0.034,141.98,591.6,0.002,86.85,0,""
"2k_0p52.mtx",2003,2003,0.53,21181,24,"Guided+SIMD+Register,",0.034,142.01,591.7,0.003,86.85,0,""
"2k_0p52.mtx",2003,2003,0.53,21181,24,"Guided+SIMD+Register,",0.040,123.05,512.7,0.002,84.82,0,""
"2k_0p52.mtx",2003,2003,0.53,21181,24,"Static+SIMD+Register,",0.013,387.96,1616.5,0.001,95.19,0,""
"2k_0p52.mtx",2003,2003,0.53,21181,24,"Static+SIMD+Register,",0.012,404.10,1683.8,0.001,95.38,0,""
"2k_0p52.mtx",2003,2003,0.53,21181,24,"Task-based+SIMD",22.937,0.21,0.9,1.610,,0,""
"2k_0p52.mtx",2003,2003,0.53,21181,24,"Guided+SIMD+Align+Affin,",0.035,140.98,587.4,0.002,86.75,0,""
"2k_0p52.mtx",2003,2003,0.53,21181,24,"Static+SIMD+Align+Affin,",0.011,438.49,1827.0,0.001,95.74,0,""
"5k_9p37.mtx",4562,5761,9.37,2462970,1,"Static (default)",32.094,1.05,4.4,0.021,0.00,0,""
"5k_9p37.mtx",4562,5761,9.37,2462970,1,"Static, chunk=8",32.088,1.05,4.4,0.005,0.02,0,""
"5k_9p37.mtx",4562,5761,9.37,2462970,1,"Static, chunk=32",32.087,1.05,4.4,0.005,0.02,0,""
"5k_9p37.mtx",4562,5761,9.37,2462970,1,"Dynamic, chunk=8",32.104,1.05,4.4,0.009,,0,""
"5k_9p37.mtx",4562,5761,9.37,2462970,1,"Dynamic, chunk=16",32.091,1.05,4.4,0.006,0.01,0,""
"5k_9p37.mtx",4562,5761,9.37,2462970,1,"Dynamic, chunk=32",32.086,1.05,4.4,0.006,0.03,0,""
"5k_9p37.mtx",4562,5761,9.37,2462970,1,"Dynamic, chunk=64",32.105,1.05,4.4,0.019,,0,""
"5k_9p37.mtx",4562,5761,9.37,2462970,1,"Guided, chunk=8",32.095,1.05,4.4,0.010,,0,""
"5k_9p37.mtx",4562,5761,9.37,2462970,1,"Guided, chunk=16",32.100,1.05,4.4,0.007,,0,""
"5k_9p37.mtx",4562,5761,9.37,2462970,1,"Guided, chunk=32",32.105,1.05,4.4,0.009,,0,""
"5k_9p37.mtx",4562,5761,9.37,2462970,1,"Auto (runtime)",32.090,1.05,4.4,0.009,0.01,0,""
"5k_9p37.mtx",4562,5761,9.37,2462970,1,"Static+SIMD, chunk=8",2.975,11.36,47.3,0.002,90.73,0,""
"5k_9p37.mtx",4562,5761,9.37,2462970,1,"Static+SIMD, chunk=16",2.972,11.37,47.4,0.002,90.74,0,""
"5k_9p37.mtx",4562,5761,9.37,2462970,1,"Static+SIMD, chunk=32",2.969,11.38,47.4,0.002,90.75,0,""
"5k_9p37.mtx",4562,5761,9.37,2462970,1,"Dynamic+SIMD, chunk=8",2.987,11.31,47.1,0.002,90.69,0,""
"5k_9p37.mtx",4562,5761,9.37,2462970,1,"Dynamic+SIMD, chunk=16",2.979,11.34,47.3,0.003,90.72,0,""
"5k_9p37.mtx",4562,5761,9.37,2462970,1,"Dynamic+SIMD, chunk=32",2.975,11.36,47.3,0.002,90.73,0,""
"5k_9p37.mtx",4562,5761,9.37,2462970,1,"Guided+SIMD, chunk=8",2.968,11.38,47.4,0.002,90.75,0,""
"5k_9p37.mtx",4562,5761,9.37,2462970,1,"Guided+SIMD, chunk=16",2.968,11.39,47.4,0.002,90.75,0,""
"5k_9p37.mtx",4562,5761,9.37,2462970,1,"Guided+SIMD, chunk=32",2.967,11.39,47.4,0.002,90.75,0,""
"5k_9p37.mtx",4562,5761,9.37,2462970,1,"Static+SIMD+Affinity,",2.968,11.38,47.4,0.002,90.75,0,""
"5k_9p37.mtx",4562,5761,9.37,2462970,1,"Static+SIMD+Affinity,",2.968,11.38,47.4,0.002,90.75,0,""
"5k_9p37.mtx",4562,5761,9.37,2462970,1,"Guided+SIMD+Affinity,",2.970,11.38,47.4,0.003,90.75,0,""
"5k_9p37.mtx",4562,5761,9.37,2462970,1,"Guided+SIMD+Register,",2.968,11.38,47.4,0.003,90.75,0,""
"5k_9p37.mtx",4562,5761,9.37,2462970,1,"Guided+SIMD+Register,",2.967,11.39,47.4,0.002,90.76,0,""
"5k_9p37.mtx",4562,5761,9.37,2462970,1,"Static+SIMD+Register,",2.968,11.38,47.4,0.002,90.75,0,""
"5k_9p37.mtx",4562,5761,9.37,2462970,1,"Static+SIMD+Register,",2.969,11.38,47.4,0.003,90.75,0,""
"5k_9p37.mtx",4562,5761,9.37,2462970,1,"Task-based+SIMD",3.038,11.12,46.3,0.002,90.53,0,""
"5k_9p37.mtx",4562,5761,9.37,2462970,1,"Guided+SIMD+Align+Affin,",2.968,11.38,47.4,0.002,90.75,0,""
"5k_9p37.mtx",4562,5761,9.37,2462970,1,"Static+SIMD+Align+Affin,",2.968,11.39,47.4,0.002,90.75,0,""
"5k_9p37.mtx",4562,5761,9.37,2462970,2,"Static (default)",16.076,2.10,8.8,0.008,0.00,0,""
"5k_9p37.mtx",4562,5761,9.37,2462970,2,"Static, chunk=8",16.257,2.08,8.7,0.091,,0,""
"5k_9p37.mtx",4562,5761,9.37,2462970,2,"Static, chunk=32",17.424,1.94,8.1,0.737,,0,""
"5k_9p37.mtx",4562,5761,9.37,2462970,2,"Dynamic, chunk=8",17.357,1.95,8.1,0.627,,0,""
"5k_9p37.mtx",4562,5761,9.37,2462970,2,"Dynamic, chunk=16",16.189,2.09,8.7,0.023,,0,""
"5k_9p37.mtx",4562,5761,9.37,2462970,2,"Dynamic, chunk=32",16.213,2.08,8.7,0.027,,0,""
"5k_9p37.mtx",4562,5761,9.37,2462970,2,"Dynamic, chunk=64",16.267,2.08,8.7,0.017,,0,""
"5k_9p37.mtx",4562,5761,9.37,2462970,2,"Guided, chunk=8",16.074,2.10,8.8,0.004,0.01,0,""
"5k_9p37.mtx",4562,5761,9.37,2462970,2,"Guided, chunk=16",16.077,2.10,8.8,0.009,,0,""
"5k_9p37.mtx",4562,5761,9.37,2462970,2,"Guided, chunk=32",16.075,2.10,8.8,0.007,0.01,0,""
"5k_9p37.mtx",4562,5761,9.37,2462970,2,"Auto (runtime)",16.077,2.10,8.8,0.007,,0,""
"5k_9p37.mtx",4562,5761,9.37,2462970,2,"Static+SIMD, chunk=8",1.525,22.15,92.3,0.003,90.52,0,""
"5k_9p37.mtx",4562,5761,9.37,2462970,2,"Static+SIMD, chunk=16",1.520,22.21,92.6,0.003,90.54,0,""
"5k_9p37.mtx",4562,5761,9.37,2462970,2,"Static+SIMD, chunk=32",1.509,22.39,93.3,0.003,90.62,0,""
"5k_9p37.mtx",4562,5761,9.37,2462970,2,"Dynamic+SIMD, chunk=8",1.515,22.29,92.9,0.003,90.57,0,""
"5k_9p37.mtx",4562,5761,9.37,2462970,2,"Dynamic+SIMD, chunk=16",1.505,22.45,93.5,0.003,90.64,0,""
"5k_9p37.mtx",4562,5761,9.37,2462970,2,"Dynamic+SIMD, chunk=32",1.504,22.45,93.5,0.003,90.64,0,""
"5k_9p37.mtx",4562,5761,9.37,2462970,2,"Guided+SIMD, chunk=8",1.491,22.65,94.4,0.003,90.72,0,""
"5k_9p37.mtx",4562,5761,9.37,2462970,2,"Guided+SIMD, chunk=16",1.491,22.65,94.4,0.003,90.73,0,""
"5k_9p37.mtx",4562,5761,9.37,2462970,2,"Guided+SIMD, chunk=32",1.488,22.70,94.6,0.003,90.75,0,""
"5k_9p37.mtx",4562,5761,9.37,2462970,2,"Static+SIMD+Affinity,",1.520,22.21,92.5,0.003,90.54,0,""
"5k_9p37.mtx",4562,5761,9.37,2462970,2,"Static+SIMD+Affinity,",1.509,22.39,93.3,0.004,90.62,0,""
"5k_9p37.mtx",4562,5761,9.37,2462970,2,"Guided+SIMD+Affinity,",1.490,22.67,94.4,0.004,90.73,0,""
"5k_9p37.mtx",4562,5761,9.37,2462970,2,"Guided+SIMD+Register,",1.488,22.70,94.6,0.003,90.75,0,""
"5k_9p37.mtx",4562,5761,9.37,2462970,2,"Guided+SIMD+Register,",1.491,22.65,94.4,0.003,90.73,0,""
"5k_9p37.mtx",4562,5761,9.37,2462970,2,"Static+SIMD+Register,",1.508,22.39,93.3,0.003,90.62,0,""
"5k_9p37.mtx",4562,5761,9.37,2462970,2,"Static+SIMD+Register,",1.521,22.20,92.5,0.003,90.54,0,""
"5k_9p37.mtx",4562,5761,9.37,2462970,2,"Task-based+SIMD",2.743,12.31,51.3,0.018,82.94,0,""
"5k_9p37.mtx",4562,5761,9.37,2462970,2,"Guided+SIMD+Align+Affin,",1.488,22.69,94.5,0.003,90.74,0,""
"5k_9p37.mtx",4562,5761,9.37,2462970,2,"Static+SIMD+Align+Affin,",1.509,22.38,93.3,0.003,90.61,0,""
"5k_9p37.mtx",4562,5761,9.37,2462970,4,"Static (default)",8.779,4.33,18.0,0.182,0.00,0,""
"5k_9p37.mtx",4562,5761,9.37,2462970,4,"Static, chunk=8",11.280,3.37,14.0,1.111,,0,""
"5k_9p37.mtx",4562,5761,9.37,2462970,4,"Static, chunk=32",10.671,3.56,14.8,0.888,,0,""
"5k_9p37.mtx",4562,5761,9.37,2462970,4,"Dynamic, chunk=8",12.112,3.14,13.1,1.077,,0,""
"5k_9p37.mtx",4562,5761,9.37,2462970,4,"Dynamic, chunk=16",10.612,3.58,14.9,1.146,,0,""
"5k_9p37.mtx",4562,5761,9.37,2462970,4,"Dynamic, chunk=32",11.004,3.45,14.4,1.184,,0,""
"5k_9p37.mtx",4562,5761,9.37,2462970,4,"Dynamic, chunk=64",8.929,4.25,17.7,0.277,,0,""
"5k_9p37.mtx",4562,5761,9.37,2462970,4,"Guided, chunk=8",8.229,4.62,19.2,0.020,6.26,0,""
"5k_9p37.mtx",4562,5761,9.37,2462970,4,"Guided, chunk=16",8.227,4.62,19.2,0.022,6.29,0,""
"5k_9p37.mtx",4562,5761,9.37,2462970,4,"Guided, chunk=32",8.332,4.56,19.0,0.019,5.09,0,""
"5k_9p37.mtx",4562,5761,9.37,2462970,4,"Auto (runtime)",8.210,4.63,19.3,0.020,6.48,0,""
"5k_9p37.mtx",4562,5761,9.37,2462970,4,"Static+SIMD, chunk=8",0.808,47.01,195.9,0.012,90.80,0,""
"5k_9p37.mtx",4562,5761,9.37,2462970,4,"Static+SIMD, chunk=16",0.807,47.06,196.1,0.012,90.81,0,""
"5k_9p37.mtx",4562,5761,9.37,2462970,4,"Static+SIMD, chunk=32",0.799,47.57,198.2,0.012,90.90,0,""
"5k_9p37.mtx",4562,5761,9.37,2462970,4,"Dynamic+SIMD, chunk=8",0.790,48.11,200.5,0.012,91.01,0,""
"5k_9p37.mtx",4562,5761,9.37,2462970,4,"Dynamic+SIMD, chunk=16",0.788,48.22,200.9,0.011,91.03,0,""
"5k_9p37.mtx",4562,5761,9.37,2462970,4,"Dynamic+SIMD, chunk=32",0.778,48.82,203.4,0.010,91.14,0,""
"5k_9p37.mtx",4562,5761,9.37,2462970,4,"Guided+SIMD, chunk=8",0.766,49.61,206.7,0.008,91.28,0,""
"5k_9p37.mtx",4562,5761,9.37,2462970,4,"Guided+SIMD, chunk=16",0.765,49.63,206.8,0.011,91.28,0,""
"5k_9p37.mtx",4562,5761,9.37,2462970,4,"Guided+SIMD, chunk=32",0.769,49.41,205.9,0.011,91.24,0,""
"5k_9p37.mtx",4562,5761,9.37,2462970,4,"Static+SIMD+Affinity,",0.812,46.79,195.0,0.012,90.75,0,""
"5k_9p37.mtx",4562,5761,9.37,2462970,4,"Static+SIMD+Affinity,",0.803,47.30,197.1,0.009,90.85,0,""
"5k_9p37.mtx",4562,5761,9.37,2462970,4,"Guided+SIMD+Affinity,",0.770,49.33,205.6,0.011,91.23,0,""
"5k_9p37.mtx",4562,5761,9.37,2462970,4,"Guided+SIMD+Register,",0.771,49.27,205.3,0.010,91.22,0,""
"5k_9p37.mtx",4562,5761,9.37,2462970,4,"Guided+SIMD+Register,",0.766,49.62,206.7,0.009,91.28,0,""
"5k_9p37.mtx",4562,5761,9.37,2462970,4,"Static+SIMD+Register,",0.801,47.45,197.7,0.011,90.88,0,""
"5k_9p37.mtx",4562,5761,9.37,2462970,4,"Static+SIMD+Register,",0.810,46.88,195.3,0.012,90.77,0,""
"5k_9p37.mtx",4562,5761,9.37,2462970,4,"Task-based+SIMD",5.625,6.75,28.1,0.075,35.93,0,""
"5k_9p37.mtx",4562,5761,9.37,2462970,4,"Guided+SIMD+Align+Affin,",0.765,49.63,206.8,0.011,91.28,0,""
"5k_9p37.mtx",4562,5761,9.37,2462970,4,"Static+SIMD+Align+Affin,",0.804,47.28,197.0,0.007,90.85,0,""
"5k_9p37.mtx",4562,5761,9.37,2462970,8,"Static (default)",4.792,7.08,29.5,0.034,0.00,0,""
"5k_9p37.mtx",4562,5761,9.37,2462970,8,"Static, chunk=8",8.536,3.98,16.6,0.638,,0,""
"5k_9p37.mtx",4562,5761,9.37,2462970,8,"Static, chunk=32",8.290,4.09,17.1,0.611,,0,""
"5k_9p37.mtx",4562,5761,9.37,2462970,8,"Dynamic, chunk=8",9.154,3.71,15.4,1.012,,0,""
"5k_9p37.mtx",4562,5761,9.37,2462970,8,"Dynamic, chunk=16",8.039,4.22,17.6,1.004,,0,""
"5k_9p37.mtx",4562,5761,9.37,2462970,8,"Dynamic, chunk=32",8.203,4.14,17.2,0.975,,0,""
"5k_9p37.mtx",4562,5761,9.37,2462970,8,"Dynamic, chunk=64",8.100,4.19,17.5,0.922,,0,""
"5k_9p37.mtx",4562,5761,9.37,2462970,8,"Guided, chunk=8",4.997,6.79,28.3,0.141,,0,""
"5k_9p37.mtx",4562,5761,9.37,2462970,8,"Guided, chunk=16",5.008,6.78,28.2,0.187,,0,""
"5k_9p37.mtx",4562,5761,9.37,2462970,8,"Guided, chunk=32",4.822,7.04,29.3,0.254,,0,""
"5k_9p37.mtx",4562,5761,9.37,2462970,8,"Auto (runtime)",4.548,7.46,31.1,0.053,5.09,0,""
"5k_9p37.mtx",4562,5761,9.37,2462970,8,"Static+SIMD, chunk=8",0.457,74.24,309.3,0.008,90.46,0,""
"5k_9p37.mtx",4562,5761,9.37,2462970,8,"Static+SIMD, chunk=16",0.480,70.66,294.4,0.009,89.98,0,""
"5k_9p37.mtx",4562,5761,9.37,2462970,8,"Static+SIMD, chunk=32",0.462,73.39,305.8,0.008,90.35,0,""
"5k_9p37.mtx",4562,5761,9.37,2462970,8,"Dynamic+SIMD, chunk=8",0.454,74.75,311.4,0.007,90.53,0,""
"5k_9p37.mtx",4562,5761,9.37,2462970,8,"Dynamic+SIMD, chunk=16",0.447,75.92,316.3,0.007,90.67,0,""
"5k_9p37.mtx",4562,5761,9.37,2462970,8,"Dynamic+SIMD, chunk=32",0.454,74.75,311.5,0.009,90.53,0,""
"5k_9p37.mtx",4562,5761,9.37,2462970,8,"Guided+SIMD, chunk=8",0.402,84.39,351.6,0.007,91.61,0,""
"5k_9p37.mtx",4562,5761,9.37,2462970,8,"Guided+SIMD, chunk=16",0.403,84.19,350.8,0.006,91.59,0,""
"5k_9p37.mtx",4562,5761,9.37,2462970,8,"Guided+SIMD, chunk=32",0.408,83.14,346.4,0.005,91.48,0,""
"5k_9p37.mtx",4562,5761,9.37,2462970,8,"Static+SIMD+Affinity,",0.480,70.70,294.6,0.008,89.98,0,""
"5k_9p37.mtx",4562,5761,9.37,2462970,8,"Static+SIMD+Affinity,",0.461,73.56,306.5,0.011,90.37,0,""
"5k_9p37.mtx",4562,5761,9.37,2462970,8,"Guided+SIMD+Affinity,",0.410,82.72,344.7,0.007,91.44,0,""
"5k_9p37.mtx",4562,5761,9.37,2462970,8,"Guided+SIMD+Register,",0.411,82.62,344.2,0.008,91.43,0,""
"5k_9p37.mtx",4562,5761,9.37,2462970,8,"Guided+SIMD+Register,",0.403,84.22,350.9,0.007,91.59,0,""
"5k_9p37.mtx",4562,5761,9.37,2462970,8,"Static+SIMD+Register,",0.466,72.77,303.2,0.009,90.27,0,""
"5k_9p37.mtx",4562,5761,9.37,2462970,8,"Static+SIMD+Register,",0.478,70.94,295.6,0.008,90.02,0,""
"5k_9p37.mtx",4562,5761,9.37,2462970,8,"Task-based+SIMD",20.902,1.62,6.8,0.255,,0,""
"5k_9p37.mtx",4562,5761,9.37,2462970,8,"Guided+SIMD+Align+Affin,",0.404,84.04,350.2,0.007,91.57,0,""
"5k_9p37.mtx",4562,5761,9.37,2462970,8,"Static+SIMD+Align+Affin,",0.453,74.86,311.9,0.012,90.54,0,""
"5k_9p37.mtx",4562,5761,9.37,2462970,12,"Static (default)",3.533,9.59,40.0,0.054,0.00,0,""
"5k_9p37.mtx",4562,5761,9.37,2462970,12,"Static, chunk=8",8.776,3.86,16.1,0.655,,0,""
"5k_9p37.mtx",4562,5761,9.37,2462970,12,"Static, chunk=32",8.776,3.86,16.1,0.571,,0,""
"5k_9p37.mtx",4562,5761,9.37,2462970,12,"Dynamic, chunk=8",8.031,4.22,17.6,0.777,,0,""
"5k_9p37.mtx",4562,5761,9.37,2462970,12,"Dynamic, chunk=16",8.082,4.19,17.5,0.588,,0,""
"5k_9p37.mtx",4562,5761,9.37,2462970,12,"Dynamic, chunk=32",8.053,4.21,17.5,0.973,,0,""
"5k_9p37.mtx",4562,5761,9.37,2462970,12,"Dynamic, chunk=64",8.049,4.21,17.5,0.715,,0,""
"5k_9p37.mtx",4562,5761,9.37,2462970,12,"Guided, chunk=8",3.773,8.98,37.4,0.228,,0,""
"5k_9p37.mtx",4562,5761,9.37,2462970,12,"Guided, chunk=16",3.776,8.97,37.4,0.247,,0,""
"5k_9p37.mtx",4562,5761,9.37,2462970,12,"Guided, chunk=32",3.948,8.58,35.8,0.281,,0,""
"5k_9p37.mtx",4562,5761,9.37,2462970,12,"Auto (runtime)",3.439,9.85,41.0,0.180,2.66,0,""
"5k_9p37.mtx",4562,5761,9.37,2462970,12,"Static+SIMD, chunk=8",0.349,97.01,404.2,0.007,90.12,0,""
"5k_9p37.mtx",4562,5761,9.37,2462970,12,"Static+SIMD, chunk=16",0.353,95.89,399.5,0.008,90.00,0,""
"5k_9p37.mtx",4562,5761,9.37,2462970,12,"Static+SIMD, chunk=32",0.373,90.85,378.6,0.008,89.45,0,""
"5k_9p37.mtx",4562,5761,9.37,2462970,12,"Dynamic+SIMD, chunk=8",0.340,99.69,415.4,0.008,90.38,0,""
"5k_9p37.mtx",4562,5761,9.37,2462970,12,"Dynamic+SIMD, chunk=16",0.347,97.76,407.3,0.010,90.19,0,""
"5k_9p37.mtx",4562,5761,9.37,2462970,12,"Dynamic+SIMD, chunk=32",0.347,97.74,407.2,0.010,90.19,0,""
"5k_9p37.mtx",4562,5761,9.37,2462970,12,"Guided+SIMD, chunk=8",0.294,115.15,479.8,0.007,91.67,0,""
"5k_9p37.mtx",4562,5761,9.37,2462970,12,"Guided+SIMD, chunk=16",0.293,115.57,481.6,0.008,91.70,0,""
"5k_9p37.mtx",4562,5761,9.37,2462970,12,"Guided+SIMD, chunk=32",0.296,114.29,476.2,0.008,91.61,0,""
"5k_9p37.mtx",4562,5761,9.37,2462970,12,"Static+SIMD+Affinity,",0.357,94.80,395.0,0.015,89.89,0,""
"5k_9p37.mtx",4562,5761,9.37,2462970,12,"Static+SIMD+Affinity,",0.369,91.86,382.8,0.010,89.56,0,""
"5k_9p37.mtx",4562,5761,9.37,2462970,12,"Guided+SIMD+Affinity,",0.296,114.42,476.7,0.008,91.62,0,""
"5k_9p37.mtx",4562,5761,9.37,2462970,12,"Guided+SIMD+Register,",0.297,113.97,474.9,0.008,91.59,0,""
"5k_9p37.mtx",4562,5761,9.37,2462970,12,"Guided+SIMD+Register,",0.295,114.84,478.5,0.004,91.65,0,""
"5k_9p37.mtx",4562,5761,9.37,2462970,12,"Static+SIMD+Register,",0.365,92.91,387.1,0.010,89.68,0,""
"5k_9p37.mtx",4562,5761,9.37,2462970,12,"Static+SIMD+Register,",0.353,96.01,400.0,0.009,90.01,0,""
"5k_9p37.mtx",4562,5761,9.37,2462970,12,"Task-based+SIMD",29.636,1.14,4.8,2.245,,0,""
"5k_9p37.mtx",4562,5761,9.37,2462970,12,"Guided+SIMD+Align+Affin,",0.283,119.84,499.3,0.005,92.00,0,""
"5k_9p37.mtx",4562,5761,9.37,2462970,12,"Static+SIMD+Align+Affin,",0.366,92.43,385.1,0.009,89.63,0,""
"5k_9p37.mtx",4562,5761,9.37,2462970,16,"Static (default)",4.257,7.94,33.1,0.374,0.00,0,""
"5k_9p37.mtx",4562,5761,9.37,2462970,16,"Static, chunk=8",8.039,4.20,17.5,0.695,,0,""
"5k_9p37.mtx",4562,5761,9.37,2462970,16,"Static, chunk=32",8.378,4.03,16.8,0.936,,0,""
"5k_9p37.mtx",4562,5761,9.37,2462970,16,"Dynamic, chunk=8",8.182,4.13,17.2,0.581,,0,""
"5k_9p37.mtx",4562,5761,9.37,2462970,16,"Dynamic, chunk=16",8.101,4.17,17.4,0.661,,0,""
"5k_9p37.mtx",4562,5761,9.37,2462970,16,"Dynamic, chunk=32",7.936,4.26,17.7,0.662,,0,""
"5k_9p37.mtx",4562,5761,9.37,2462970,16,"Dynamic, chunk=64",8.134,4.15,17.3,1.159,,0,""
"5k_9p37.mtx",4562,5761,9.37,2462970,16,"Guided, chunk=8",4.317,7.83,32.6,0.714,,0,""
"5k_9p37.mtx",4562,5761,9.37,2462970,16,"Guided, chunk=16",4.107,8.23,34.3,0.541,3.53,0,""
"5k_9p37.mtx",4562,5761,9.37,2462970,16,"Guided, chunk=32",4.164,8.12,33.8,0.747,2.18,0,""
"5k_9p37.mtx",4562,5761,9.37,2462970,16,"Auto (runtime)",4.352,7.76,32.4,0.295,,0,""
"5k_9p37.mtx",4562,5761,9.37,2462970,16,"Static+SIMD, chunk=8",0.332,101.83,424.3,0.008,92.20,0,""
"5k_9p37.mtx",4562,5761,9.37,2462970,16,"Static+SIMD, chunk=16",0.333,101.49,422.9,0.008,92.18,0,""
"5k_9p37.mtx",4562,5761,9.37,2462970,16,"Static+SIMD, chunk=32",0.321,105.25,438.5,0.012,92.46,0,""
"5k_9p37.mtx",4562,5761,9.37,2462970,16,"Dynamic+SIMD, chunk=8",0.309,109.39,455.8,0.009,92.74,0,""
"5k_9p37.mtx",4562,5761,9.37,2462970,16,"Dynamic+SIMD, chunk=16",0.320,105.60,440.0,0.011,92.48,0,""
"5k_9p37.mtx",4562,5761,9.37,2462970,16,"Dynamic+SIMD, chunk=32",0.311,108.72,453.0,0.015,92.70,0,""
"5k_9p37.mtx",4562,5761,9.37,2462970,16,"Guided+SIMD, chunk=8",0.240,140.55,585.6,0.010,94.35,0,""
"5k_9p37.mtx",4562,5761,9.37,2462970,16,"Guided+SIMD, chunk=16",0.238,141.94,591.4,0.011,94.41,0,""
"5k_9p37.mtx",4562,5761,9.37,2462970,16,"Guided+SIMD, chunk=32",0.245,138.03,575.1,0.011,94.25,0,""
"5k_9p37.mtx",4562,5761,9.37,2462970,16,"Static+SIMD+Affinity,",0.329,102.76,428.2,0.014,92.27,0,""
"5k_9p37.mtx",4562,5761,9.37,2462970,16,"Static+SIMD+Affinity,",0.320,105.74,440.6,0.010,92.49,0,""
"5k_9p37.mtx",4562,5761,9.37,2462970,16,"Guided+SIMD+Affinity,",0.249,135.54,564.8,0.008,94.14,0,""
"5k_9p37.mtx",4562,5761,9.37,2462970,16,"Guided+SIMD+Register,",0.249,135.97,566.5,0.012,94.16,0,""
"5k_9p37.mtx",4562,5761,9.37,2462970,16,"Guided+SIMD+Register,",0.239,141.28,588.7,0.009,94.38,0,""
"5k_9p37.mtx",4562,5761,9.37,2462970,16,"Static+SIMD+Register,",0.324,104.40,435.0,0.008,92.40,0,""
"5k_9p37.mtx",4562,5761,9.37,2462970,16,"Static+SIMD+Register,",0.327,103.47,431.1,0.013,92.33,0,""
"5k_9p37.mtx",4562,5761,9.37,2462970,16,"Task-based+SIMD",40.369,0.84,3.5,0.334,,0,""
"5k_9p37.mtx",4562,5761,9.37,2462970,16,"Guided+SIMD+Align+Affin,",0.246,137.53,573.0,0.012,94.23,0,""
"5k_9p37.mtx",4562,5761,9.37,2462970,16,"Static+SIMD+Align+Affin,",0.319,106.06,441.9,0.009,92.52,0,""
"5k_9p37.mtx",4562,5761,9.37,2462970,18,"Static (default)",5.132,6.99,29.1,0.514,0.00,0,""
"5k_9p37.mtx",4562,5761,9.37,2462970,18,"Static, chunk=8",8.324,4.31,18.0,0.371,,0,""
"5k_9p37.mtx",4562,5761,9.37,2462970,18,"Static, chunk=32",9.378,3.82,15.9,0.659,,0,""
"5k_9p37.mtx",4562,5761,9.37,2462970,18,"Dynamic, chunk=8",7.922,4.53,18.9,0.393,,0,""
"5k_9p37.mtx",4562,5761,9.37,2462970,18,"Dynamic, chunk=16",7.781,4.61,19.2,0.542,,0,""
"5k_9p37.mtx",4562,5761,9.37,2462970,18,"Dynamic, chunk=32",8.667,4.14,17.2,0.637,,0,""
"5k_9p37.mtx",4562,5761,9.37,2462970,18,"Dynamic, chunk=64",7.560,4.74,19.8,1.244,,0,""
"5k_9p37.mtx",4562,5761,9.37,2462970,18,"Guided, chunk=8",4.681,7.66,31.9,0.931,8.79,0,""
"5k_9p37.mtx",4562,5761,9.37,2462970,18,"Guided, chunk=16",4.533,7.91,33.0,0.688,11.66,0,""
"5k_9p37.mtx",4562,5761,9.37,2462970,18,"Guided, chunk=32",4.550,7.88,32.8,0.739,11.33,0,""
"5k_9p37.mtx",4562,5761,9.37,2462970,18,"Auto (runtime)",5.707,6.28,26.2,0.273,,0,""
"5k_9p37.mtx",4562,5761,9.37,2462970,18,"Static+SIMD, chunk=8",0.325,110.24,459.3,0.009,93.66,0,""
"5k_9p37.mtx",4562,5761,9.37,2462970,18,"Static+SIMD, chunk=16",0.334,107.39,447.5,0.010,93.49,0,""
"5k_9p37.mtx",4562,5761,9.37,2462970,18,"Static+SIMD, chunk=32",0.330,108.66,452.8,0.014,93.57,0,""
"5k_9p37.mtx",4562,5761,9.37,2462970,18,"Dynamic+SIMD, chunk=8",0.307,116.79,486.6,0.010,94.02,0,""
"5k_9p37.mtx",4562,5761,9.37,2462970,18,"Dynamic+SIMD, chunk=16",0.318,112.83,470.1,0.012,93.81,0,""
"5k_9p37.mtx",4562,5761,9.37,2462970,18,"Dynamic+SIMD, chunk=32",0.300,119.64,498.5,0.013,94.16,0,""
"5k_9p37.mtx",4562,5761,9.37,2462970,18,"Guided+SIMD, chunk=8",0.232,154.40,643.4,0.014,95.47,0,""
"5k_9p37.mtx",4562,5761,9.37,2462970,18,"Guided+SIMD, chunk=16",0.233,153.77,640.7,0.012,95.46,0,""
"5k_9p37.mtx",4562,5761,9.37,2462970,18,"Guided+SIMD, chunk=32",0.237,151.13,629.7,0.015,95.38,0,""
"5k_9p37.mtx",4562,5761,9.37,2462970,18,"Static+SIMD+Affinity,",0.329,108.92,453.9,0.013,93.58,0,""
"5k_9p37.mtx",4562,5761,9.37,2462970,18,"Static+SIMD+Affinity,",0.328,109.28,455.3,0.020,93.60,0,""
"5k_9p37.mtx",4562,5761,9.37,2462970,18,"Guided+SIMD+Affinity,",0.242,147.90,616.3,0.013,95.27,0,""
"5k_9p37.mtx",4562,5761,9.37,2462970,18,"Guided+SIMD+Register,",0.242,148.14,617.3,0.012,95.28,0,""
"5k_9p37.mtx",4562,5761,9.37,2462970,18,"Guided+SIMD+Register,",0.231,154.98,645.7,0.013,95.49,0,""
"5k_9p37.mtx",4562,5761,9.37,2462970,18,"Static+SIMD+Register,",0.334,107.25,446.9,0.023,93.48,0,""
"5k_9p37.mtx",4562,5761,9.37,2462970,18,"Static+SIMD+Register,",0.331,108.42,451.7,0.016,93.55,0,""
"5k_9p37.mtx",4562,5761,9.37,2462970,18,"Task-based+SIMD",42.196,0.85,3.5,0.803,,0,""
"5k_9p37.mtx",4562,5761,9.37,2462970,18,"Guided+SIMD+Align+Affin,",0.240,149.61,623.4,0.014,95.33,0,""
"5k_9p37.mtx",4562,5761,9.37,2462970,18,"Static+SIMD+Align+Affin,",0.328,109.41,455.9,0.025,93.61,0,""
"5k_9p37.mtx",4562,5761,9.37,2462970,20,"Static (default)",4.680,7.28,30.3,0.681,0.00,0,""
"5k_9p37.mtx",4562,5761,9.37,2462970,20,"Static, chunk=8",7.897,4.31,18.0,0.426,,0,""
"5k_9p37.mtx",4562,5761,9.37,2462970,20,"Static, chunk=32",9.100,3.74,15.6,0.795,,0,""
"5k_9p37.mtx",4562,5761,9.37,2462970,20,"Dynamic, chunk=8",7.781,4.38,18.2,0.457,,0,""
"5k_9p37.mtx",4562,5761,9.37,2462970,20,"Dynamic, chunk=16",7.856,4.34,18.1,0.591,,0,""
"5k_9p37.mtx",4562,5761,9.37,2462970,20,"Dynamic, chunk=32",8.353,4.08,17.0,0.820,,0,""
"5k_9p37.mtx",4562,5761,9.37,2462970,20,"Dynamic, chunk=64",6.688,5.09,21.2,1.070,,0,""
"5k_9p37.mtx",4562,5761,9.37,2462970,20,"Guided, chunk=8",4.584,7.43,31.0,0.617,2.04,0,""
"5k_9p37.mtx",4562,5761,9.37,2462970,20,"Guided, chunk=16",4.487,7.59,31.6,0.710,4.11,0,""
"5k_9p37.mtx",4562,5761,9.37,2462970,20,"Guided, chunk=32",4.253,8.01,33.4,0.736,9.11,0,""
"5k_9p37.mtx",4562,5761,9.37,2462970,20,"Auto (runtime)",5.347,6.37,26.5,1.021,,0,""
"5k_9p37.mtx",4562,5761,9.37,2462970,20,"Static+SIMD, chunk=8",0.327,104.09,433.7,0.016,93.01,0,""
"5k_9p37.mtx",4562,5761,9.37,2462970,20,"Static+SIMD, chunk=16",0.343,99.30,413.8,0.037,92.67,0,""
"5k_9p37.mtx",4562,5761,9.37,2462970,20,"Static+SIMD, chunk=32",0.321,106.09,442.0,0.021,93.14,0,""
"5k_9p37.mtx",4562,5761,9.37,2462970,20,"Dynamic+SIMD, chunk=8",0.286,119.13,496.4,0.017,93.89,0,""
"5k_9p37.mtx",4562,5761,9.37,2462970,20,"Dynamic+SIMD, chunk=16",0.301,113.31,472.1,0.012,93.57,0,""
"5k_9p37.mtx",4562,5761,9.37,2462970,20,"Dynamic+SIMD, chunk=32",0.283,120.32,501.3,0.014,93.95,0,""
"5k_9p37.mtx",4562,5761,9.37,2462970,20,"Guided+SIMD, chunk=8",0.213,159.93,666.4,0.011,95.45,0,""
"5k_9p37.mtx",4562,5761,9.37,2462970,20,"Guided+SIMD, chunk=16",0.216,157.61,656.7,0.010,95.38,0,""
"5k_9p37.mtx",4562,5761,9.37,2462970,20,"Guided+SIMD, chunk=32",0.218,156.03,650.1,0.012,95.33,0,""
"5k_9p37.mtx",4562,5761,9.37,2462970,20,"Static+SIMD+Affinity,",0.334,102.13,425.5,0.046,92.87,0,""
"5k_9p37.mtx",4562,5761,9.37,2462970,20,"Static+SIMD+Affinity,",0.325,104.97,437.4,0.026,93.06,0,""
"5k_9p37.mtx",4562,5761,9.37,2462970,20,"Guided+SIMD+Affinity,",0.221,154.46,643.6,0.015,95.29,0,""
"5k_9p37.mtx",4562,5761,9.37,2462970,20,"Guided+SIMD+Register,",0.217,156.70,652.9,0.013,95.35,0,""
"5k_9p37.mtx",4562,5761,9.37,2462970,20,"Guided+SIMD+Register,",0.218,156.61,652.5,0.013,95.35,0,""
"5k_9p37.mtx",4562,5761,9.37,2462970,20,"Static+SIMD+Register,",0.322,105.72,440.5,0.021,93.11,0,""
"5k_9p37.mtx",4562,5761,9.37,2462970,20,"Static+SIMD+Register,",0.338,100.74,419.8,0.043,92.77,0,""
"5k_9p37.mtx",4562,5761,9.37,2462970,20,"Task-based+SIMD",49.171,0.69,2.9,1.875,,0,""
"5k_9p37.mtx",4562,5761,9.37,2462970,20,"Guided+SIMD+Align+Affin,",0.214,159.21,663.4,0.011,95.43,0,""
"5k_9p37.mtx",4562,5761,9.37,2462970,20,"Static+SIMD+Align+Affin,",0.305,111.74,465.6,0.021,93.48,0,""
"5k_9p37.mtx",4562,5761,9.37,2462970,22,"Static (default)",3.899,9.28,38.7,0.765,0.00,0,""
"5k_9p37.mtx",4562,5761,9.37,2462970,22,"Static, chunk=8",7.964,4.54,18.9,0.339,,0,""
"5k_9p37.mtx",4562,5761,9.37,2462970,22,"Static, chunk=32",9.390,3.85,16.1,0.859,,0,""
"5k_9p37.mtx",4562,5761,9.37,2462970,22,"Dynamic, chunk=8",7.577,4.78,19.9,0.395,,0,""
"5k_9p37.mtx",4562,5761,9.37,2462970,22,"Dynamic, chunk=16",8.057,4.49,18.7,0.545,,0,""
"5k_9p37.mtx",4562,5761,9.37,2462970,22,"Dynamic, chunk=32",9.355,3.87,16.1,0.478,,0,""
"5k_9p37.mtx",4562,5761,9.37,2462970,22,"Dynamic, chunk=64",7.411,4.88,20.3,0.982,,0,""
"5k_9p37.mtx",4562,5761,9.37,2462970,22,"Guided, chunk=8",4.467,8.10,33.7,0.767,,0,""
"5k_9p37.mtx",4562,5761,9.37,2462970,22,"Guided, chunk=16",4.664,7.76,32.3,0.742,,0,""
"5k_9p37.mtx",4562,5761,9.37,2462970,22,"Guided, chunk=32",4.612,7.85,32.7,0.745,,0,""
"5k_9p37.mtx",4562,5761,9.37,2462970,22,"Auto (runtime)",4.150,8.72,36.3,0.912,,0,""
"5k_9p37.mtx",4562,5761,9.37,2462970,22,"Static+SIMD, chunk=8",0.368,98.23,409.3,0.056,90.55,0,""
"5k_9p37.mtx",4562,5761,9.37,2462970,22,"Static+SIMD, chunk=16",0.467,77.49,322.9,0.059,88.03,0,""
"5k_9p37.mtx",4562,5761,9.37,2462970,22,"Static+SIMD, chunk=32",0.348,103.96,433.2,0.043,91.07,0,""
"5k_9p37.mtx",4562,5761,9.37,2462970,22,"Dynamic+SIMD, chunk=8",0.283,127.73,532.2,0.012,92.73,0,""
"5k_9p37.mtx",4562,5761,9.37,2462970,22,"Dynamic+SIMD, chunk=16",0.304,119.04,496.0,0.010,92.20,0,""
"5k_9p37.mtx",4562,5761,9.37,2462970,22,"Dynamic+SIMD, chunk=32",0.281,128.88,537.0,0.014,92.80,0,""
"5k_9p37.mtx",4562,5761,9.37,2462970,22,"Guided+SIMD, chunk=8",0.206,175.49,731.2,0.016,94.71,0,""
"5k_9p37.mtx",4562,5761,9.37,2462970,22,"Guided+SIMD, chunk=16",0.198,183.04,762.7,0.012,94.93,0,""
"5k_9p37.mtx",4562,5761,9.37,2462970,22,"Guided+SIMD, chunk=32",0.207,175.12,729.7,0.015,94.70,0,""
"5k_9p37.mtx",4562,5761,9.37,2462970,22,"Static+SIMD+Affinity,",0.453,79.92,333.0,0.055,88.39,0,""
"5k_9p37.mtx",4562,5761,9.37,2462970,22,"Static+SIMD+Affinity,",0.343,105.53,439.7,0.046,91.21,0,""
"5k_9p37.mtx",4562,5761,9.37,2462970,22,"Guided+SIMD+Affinity,",0.202,179.41,747.5,0.015,94.83,0,""
"5k_9p37.mtx",4562,5761,9.37,2462970,22,"Guided+SIMD+Register,",0.217,166.93,695.5,0.020,94.44,0,""
"5k_9p37.mtx",4562,5761,9.37,2462970,22,"Guided+SIMD+Register,",0.206,175.36,730.7,0.015,94.71,0,""
"5k_9p37.mtx",4562,5761,9.37,2462970,22,"Static+SIMD+Register,",0.344,105.23,438.5,0.032,91.18,0,""
"5k_9p37.mtx",4562,5761,9.37,2462970,22,"Static+SIMD+Register,",0.472,76.61,319.2,0.059,87.89,0,""
"5k_9p37.mtx",4562,5761,9.37,2462970,22,"Task-based+SIMD",49.014,0.74,3.1,0.598,,0,""
"5k_9p37.mtx",4562,5761,9.37,2462970,22,"Guided+SIMD+Align+Affin,",0.212,170.55,710.6,0.017,94.56,0,""
"5k_9p37.mtx",4562,5761,9.37,2462970,22,"Static+SIMD+Align+Affin,",0.353,102.53,427.2,0.050,90.95,0,""
"5k_9p37.mtx",4562,5761,9.37,2462970,24,"Static (default)",4.236,8.98,37.4,0.047,0.00,0,""
"5k_9p37.mtx",4562,5761,9.37,2462970,24,"Static, chunk=8",7.871,4.83,20.1,0.332,,0,""
"5k_9p37.mtx",4562,5761,9.37,2462970,24,"Static, chunk=32",9.750,3.90,16.3,1.110,,0,""
"5k_9p37.mtx",4562,5761,9.37,2462970,24,"Dynamic, chunk=8",7.401,5.14,21.4,0.401,,0,""
"5k_9p37.mtx",4562,5761,9.37,2462970,24,"Dynamic, chunk=16",7.778,4.89,20.4,0.647,,0,""
"5k_9p37.mtx",4562,5761,9.37,2462970,24,"Dynamic, chunk=32",8.937,4.26,17.7,0.850,,0,""
"5k_9p37.mtx",4562,5761,9.37,2462970,24,"Dynamic, chunk=64",6.791,5.60,23.3,1.053,,0,""
"5k_9p37.mtx",4562,5761,9.37,2462970,24,"Guided, chunk=8",4.358,8.73,36.4,0.731,,0,""
"5k_9p37.mtx",4562,5761,9.37,2462970,24,"Guided, chunk=16",4.067,9.36,39.0,0.600,3.97,0,""
"5k_9p37.mtx",4562,5761,9.37,2462970,24,"Guided, chunk=32",4.135,9.20,38.3,0.742,2.38,0,""
"5k_9p37.mtx",4562,5761,9.37,2462970,24,"Auto (runtime)",5.809,6.55,27.3,0.318,,0,""
"5k_9p37.mtx",4562,5761,9.37,2462970,24,"Static+SIMD, chunk=8",0.458,83.08,346.2,0.076,89.19,0,""
"5k_9p37.mtx",4562,5761,9.37,2462970,24,"Static+SIMD, chunk=16",0.477,79.70,332.1,0.056,88.73,0,""
"5k_9p37.mtx",4562,5761,9.37,2462970,24,"Static+SIMD, chunk=32",0.494,77.11,321.3,0.096,88.35,0,""
"5k_9p37.mtx",4562,5761,9.37,2462970,24,"Dynamic+SIMD, chunk=8",0.282,134.76,561.5,0.008,93.33,0,""
"5k_9p37.mtx",4562,5761,9.37,2462970,24,"Dynamic+SIMD, chunk=16",0.284,134.11,558.8,0.024,93.30,0,""
"5k_9p37.mtx",4562,5761,9.37,2462970,24,"Dynamic+SIMD, chunk=32",0.268,141.77,590.7,0.013,93.66,0,""
"5k_9p37.mtx",4562,5761,9.37,2462970,24,"Guided+SIMD, chunk=8",0.192,198.39,826.6,0.011,95.47,0,""
"5k_9p37.mtx",4562,5761,9.37,2462970,24,"Guided+SIMD, chunk=16",0.191,198.73,828.0,0.011,95.48,0,""
"5k_9p37.mtx",4562,5761,9.37,2462970,24,"Guided+SIMD, chunk=32",0.196,194.54,810.6,0.016,95.38,0,""
"5k_9p37.mtx",4562,5761,9.37,2462970,24,"Static+SIMD+Affinity,",0.485,78.43,326.8,0.046,88.54,0,""
"5k_9p37.mtx",4562,5761,9.37,2462970,24,"Static+SIMD+Affinity,",0.515,73.91,307.9,0.086,87.84,0,""
"5k_9p37.mtx",4562,5761,9.37,2462970,24,"Guided+SIMD+Affinity,",0.193,197.66,823.6,0.010,95.45,0,""
"5k_9p37.mtx",4562,5761,9.37,2462970,24,"Guided+SIMD+Register,",0.198,192.00,800.0,0.010,95.32,0,""
"5k_9p37.mtx",4562,5761,9.37,2462970,24,"Guided+SIMD+Register,",0.188,201.90,841.3,0.011,95.55,0,""
"5k_9p37.mtx",4562,5761,9.37,2462970,24,"Static+SIMD+Register,",0.524,72.60,302.5,0.089,87.62,0,""
"5k_9p37.mtx",4562,5761,9.37,2462970,24,"Static+SIMD+Register,",0.473,80.42,335.1,0.069,88.83,0,""
"5k_9p37.mtx",4562,5761,9.37,2462970,24,"Task-based+SIMD",52.939,0.72,3.0,1.257,,0,""
"5k_9p37.mtx",4562,5761,9.37,2462970,24,"Guided+SIMD+Align+Affin,",0.197,192.74,803.1,0.013,95.34,0,""
"5k_9p37.mtx",4562,5761,9.37,2462970,24,"Static+SIMD+Align+Affin,",0.546,69.74,290.6,0.078,87.12,0,""
"6k_6p3.mtx",6001,6001,6.30,2269500,1,"Static (default)",44.164,1.09,4.5,0.106,0.00,0,""
"6k_6p3.mtx",6001,6001,6.30,2269500,1,"Static, chunk=8",44.011,1.10,4.6,0.022,0.35,0,""
"6k_6p3.mtx",6001,6001,6.30,2269500,1,"Static, chunk=32",44.010,1.10,4.6,0.017,0.35,0,""
"6k_6p3.mtx",6001,6001,6.30,2269500,1,"Dynamic, chunk=8",44.032,1.09,4.6,0.016,0.30,0,""
"6k_6p3.mtx",6001,6001,6.30,2269500,1,"Dynamic, chunk=16",44.028,1.09,4.6,0.018,0.31,0,""
"6k_6p3.mtx",6001,6001,6.30,2269500,1,"Dynamic, chunk=32",44.005,1.10,4.6,0.022,0.36,0,""
"6k_6p3.mtx",6001,6001,6.30,2269500,1,"Dynamic, chunk=64",44.016,1.10,4.6,0.018,0.34,0,""
"6k_6p3.mtx",6001,6001,6.30,2269500,1,"Guided, chunk=8",44.019,1.09,4.6,0.009,0.33,0,""
"6k_6p3.mtx",6001,6001,6.30,2269500,1,"Guided, chunk=16",44.009,1.10,4.6,0.019,0.35,0,""
"6k_6p3.mtx",6001,6001,6.30,2269500,1,"Guided, chunk=32",44.000,1.10,4.6,0.025,0.37,0,""
"6k_6p3.mtx",6001,6001,6.30,2269500,1,"Auto (runtime)",44.041,1.09,4.6,0.016,0.28,0,""
"6k_6p3.mtx",6001,6001,6.30,2269500,1,"Static+SIMD, chunk=8",2.761,17.46,72.7,0.004,93.75,0,""
"6k_6p3.mtx",6001,6001,6.30,2269500,1,"Static+SIMD, chunk=16",2.760,17.46,72.8,0.004,93.75,0,""
"6k_6p3.mtx",6001,6001,6.30,2269500,1,"Static+SIMD, chunk=32",2.761,17.46,72.7,0.004,93.75,0,""
"6k_6p3.mtx",6001,6001,6.30,2269500,1,"Dynamic+SIMD, chunk=8",2.776,17.36,72.3,0.004,93.71,0,""
"6k_6p3.mtx",6001,6001,6.30,2269500,1,"Dynamic+SIMD, chunk=16",2.767,17.42,72.6,0.004,93.73,0,""
"6k_6p3.mtx",6001,6001,6.30,2269500,1,"Dynamic+SIMD, chunk=32",2.763,17.45,72.7,0.004,93.74,0,""
"6k_6p3.mtx",6001,6001,6.30,2269500,1,"Guided+SIMD, chunk=8",2.758,17.48,72.8,0.004,93.76,0,""
"6k_6p3.mtx",6001,6001,6.30,2269500,1,"Guided+SIMD, chunk=16",2.759,17.47,72.8,0.004,93.75,0,""
"6k_6p3.mtx",6001,6001,6.30,2269500,1,"Guided+SIMD, chunk=32",2.759,17.47,72.8,0.004,93.75,0,""
"6k_6p3.mtx",6001,6001,6.30,2269500,1,"Static+SIMD+Affinity,",2.760,17.46,72.8,0.004,93.75,0,""
"6k_6p3.mtx",6001,6001,6.30,2269500,1,"Static+SIMD+Affinity,",2.759,17.47,72.8,0.004,93.75,0,""
"6k_6p3.mtx",6001,6001,6.30,2269500,1,"Guided+SIMD+Affinity,",2.760,17.46,72.8,0.004,93.75,0,""
"6k_6p3.mtx",6001,6001,6.30,2269500,1,"Guided+SIMD+Register,",2.758,17.47,72.8,0.004,93.75,0,""
"6k_6p3.mtx",6001,6001,6.30,2269500,1,"Guided+SIMD+Register,",2.757,17.48,72.8,0.004,93.76,0,""
"6k_6p3.mtx",6001,6001,6.30,2269500,1,"Static+SIMD+Register,",2.759,17.47,72.8,0.004,93.75,0,""
"6k_6p3.mtx",6001,6001,6.30,2269500,1,"Static+SIMD+Register,",2.759,17.47,72.8,0.003,93.75,0,""
"6k_6p3.mtx",6001,6001,6.30,2269500,1,"Task-based+SIMD",2.835,17.00,70.8,0.003,93.58,0,""
"6k_6p3.mtx",6001,6001,6.30,2269500,1,"Guided+SIMD+Align+Affin,",2.759,17.47,72.8,0.003,93.75,0,""
"6k_6p3.mtx",6001,6001,6.30,2269500,1,"Static+SIMD+Align+Affin,",2.760,17.46,72.8,0.004,93.75,0,""
"6k_6p3.mtx",6001,6001,6.30,2269500,2,"Static (default)",22.077,2.26,9.4,0.096,0.00,0,""
"6k_6p3.mtx",6001,6001,6.30,2269500,2,"Static, chunk=8",23.205,2.15,9.0,0.508,,0,""
"6k_6p3.mtx",6001,6001,6.30,2269500,2,"Static, chunk=32",22.772,2.19,9.1,0.346,,0,""
"6k_6p3.mtx",6001,6001,6.30,2269500,2,"Dynamic, chunk=8",23.715,2.11,8.8,0.297,,0,""
"6k_6p3.mtx",6001,6001,6.30,2269500,2,"Dynamic, chunk=16",23.123,2.16,9.0,0.338,,0,""
"6k_6p3.mtx",6001,6001,6.30,2269500,2,"Dynamic, chunk=32",23.124,2.16,9.0,0.368,,0,""
"6k_6p3.mtx",6001,6001,6.30,2269500,2,"Dynamic, chunk=64",23.251,2.15,8.9,0.276,,0,""
"6k_6p3.mtx",6001,6001,6.30,2269500,2,"Guided, chunk=8",22.201,2.25,9.4,0.317,,0,""
"6k_6p3.mtx",6001,6001,6.30,2269500,2,"Guided, chunk=16",22.053,2.26,9.4,0.020,0.11,0,""
"6k_6p3.mtx",6001,6001,6.30,2269500,2,"Guided, chunk=32",22.033,2.27,9.4,0.007,0.20,0,""
"6k_6p3.mtx",6001,6001,6.30,2269500,2,"Auto (runtime)",22.030,2.27,9.4,0.008,0.21,0,""
"6k_6p3.mtx",6001,6001,6.30,2269500,2,"Static+SIMD, chunk=8",1.388,35.97,149.9,0.003,93.71,0,""
"6k_6p3.mtx",6001,6001,6.30,2269500,2,"Static+SIMD, chunk=16",1.386,36.03,150.1,0.004,93.72,0,""
"6k_6p3.mtx",6001,6001,6.30,2269500,2,"Static+SIMD, chunk=32",1.401,35.64,148.5,0.004,93.65,0,""
"6k_6p3.mtx",6001,6001,6.30,2269500,2,"Dynamic+SIMD, chunk=8",1.409,35.45,147.7,0.003,93.62,0,""
"6k_6p3.mtx",6001,6001,6.30,2269500,2,"Dynamic+SIMD, chunk=16",1.396,35.78,149.1,0.003,93.68,0,""
"6k_6p3.mtx",6001,6001,6.30,2269500,2,"Dynamic+SIMD, chunk=32",1.400,35.67,148.6,0.003,93.66,0,""
"6k_6p3.mtx",6001,6001,6.30,2269500,2,"Guided+SIMD, chunk=8",2.747,18.18,75.7,0.004,87.56,0,""
"6k_6p3.mtx",6001,6001,6.30,2269500,2,"Guided+SIMD, chunk=16",2.748,18.17,75.7,0.003,87.55,0,""
"6k_6p3.mtx",6001,6001,6.30,2269500,2,"Guided+SIMD, chunk=32",2.748,18.17,75.7,0.004,87.55,0,""
"6k_6p3.mtx",6001,6001,6.30,2269500,2,"Static+SIMD+Affinity,",1.386,36.04,150.2,0.003,93.72,0,""
"6k_6p3.mtx",6001,6001,6.30,2269500,2,"Static+SIMD+Affinity,",1.400,35.66,148.6,0.004,93.66,0,""
"6k_6p3.mtx",6001,6001,6.30,2269500,2,"Guided+SIMD+Affinity,",2.748,18.17,75.7,0.003,87.55,0,""
"6k_6p3.mtx",6001,6001,6.30,2269500,2,"Guided+SIMD+Register,",2.749,18.17,75.7,0.004,87.55,0,""
"6k_6p3.mtx",6001,6001,6.30,2269500,2,"Guided+SIMD+Register,",2.748,18.17,75.7,0.003,87.55,0,""
"6k_6p3.mtx",6001,6001,6.30,2269500,2,"Static+SIMD+Register,",1.400,35.68,148.7,0.003,93.66,0,""
"6k_6p3.mtx",6001,6001,6.30,2269500,2,"Static+SIMD+Register,",1.385,36.05,150.2,0.003,93.73,0,""
"6k_6p3.mtx",6001,6001,6.30,2269500,2,"Task-based+SIMD",2.813,17.75,74.0,0.163,87.26,0,""
"6k_6p3.mtx",6001,6001,6.30,2269500,2,"Guided+SIMD+Align+Affin,",2.748,18.17,75.7,0.003,87.55,0,""
"6k_6p3.mtx",6001,6001,6.30,2269500,2,"Static+SIMD+Align+Affin,",1.400,35.66,148.6,0.003,93.66,0,""
"6k_6p3.mtx",6001,6001,6.30,2269500,4,"Static (default)",12.492,3.88,16.2,0.549,0.00,0,""
"6k_6p3.mtx",6001,6001,6.30,2269500,4,"Static, chunk=8",11.885,4.08,17.0,0.110,4.86,0,""
"6k_6p3.mtx",6001,6001,6.30,2269500,4,"Static, chunk=32",11.910,4.07,17.0,0.081,4.66,0,""
"6k_6p3.mtx",6001,6001,6.30,2269500,4,"Dynamic, chunk=8",11.822,4.10,17.1,0.103,5.36,0,""
"6k_6p3.mtx",6001,6001,6.30,2269500,4,"Dynamic, chunk=16",11.880,4.08,17.0,0.107,4.90,0,""
"6k_6p3.mtx",6001,6001,6.30,2269500,4,"Dynamic, chunk=32",11.709,4.14,17.3,0.116,6.26,0,""
"6k_6p3.mtx",6001,6001,6.30,2269500,4,"Dynamic, chunk=64",11.677,4.15,17.3,0.131,6.52,0,""
"6k_6p3.mtx",6001,6001,6.30,2269500,4,"Guided, chunk=8",11.708,4.14,17.3,0.315,6.27,0,""
"6k_6p3.mtx",6001,6001,6.30,2269500,4,"Guided, chunk=16",11.759,4.12,17.2,0.355,5.87,0,""
"6k_6p3.mtx",6001,6001,6.30,2269500,4,"Guided, chunk=32",11.779,4.12,17.2,0.301,5.70,0,""
"6k_6p3.mtx",6001,6001,6.30,2269500,4,"Auto (runtime)",13.088,3.70,15.4,0.506,,0,""
"6k_6p3.mtx",6001,6001,6.30,2269500,4,"Static+SIMD, chunk=8",0.732,66.22,275.9,0.004,94.14,0,""
"6k_6p3.mtx",6001,6001,6.30,2269500,4,"Static+SIMD, chunk=16",0.747,64.89,270.4,0.011,94.02,0,""
"6k_6p3.mtx",6001,6001,6.30,2269500,4,"Static+SIMD, chunk=32",0.735,65.96,274.8,0.010,94.12,0,""
"6k_6p3.mtx",6001,6001,6.30,2269500,4,"Dynamic+SIMD, chunk=8",0.793,61.12,254.7,0.005,93.65,0,""
"6k_6p3.mtx",6001,6001,6.30,2269500,4,"Dynamic+SIMD, chunk=16",0.745,65.05,271.0,0.009,94.03,0,""
"6k_6p3.mtx",6001,6001,6.30,2269500,4,"Dynamic+SIMD, chunk=32",0.731,66.36,276.5,0.005,94.15,0,""
"6k_6p3.mtx",6001,6001,6.30,2269500,4,"Guided+SIMD, chunk=8",2.083,23.28,97.0,0.027,83.32,0,""
"6k_6p3.mtx",6001,6001,6.30,2269500,4,"Guided+SIMD, chunk=16",2.090,23.20,96.7,0.026,83.27,0,""
"6k_6p3.mtx",6001,6001,6.30,2269500,4,"Guided+SIMD, chunk=32",2.083,23.28,97.0,0.028,83.32,0,""
"6k_6p3.mtx",6001,6001,6.30,2269500,4,"Static+SIMD+Affinity,",0.743,65.26,271.9,0.004,94.05,0,""
"6k_6p3.mtx",6001,6001,6.30,2269500,4,"Static+SIMD+Affinity,",0.736,65.92,274.7,0.009,94.11,0,""
"6k_6p3.mtx",6001,6001,6.30,2269500,4,"Guided+SIMD+Affinity,",2.074,23.37,97.4,0.018,83.39,0,""
"6k_6p3.mtx",6001,6001,6.30,2269500,4,"Guided+SIMD+Register,",2.098,23.11,96.3,0.029,83.20,0,""
"6k_6p3.mtx",6001,6001,6.30,2269500,4,"Guided+SIMD+Register,",2.085,23.25,96.9,0.027,83.31,0,""
"6k_6p3.mtx",6001,6001,6.30,2269500,4,"Static+SIMD+Register,",0.738,65.66,273.6,0.008,94.09,0,""
"6k_6p3.mtx",6001,6001,6.30,2269500,4,"Static+SIMD+Register,",0.740,65.48,272.8,0.003,94.07,0,""
"6k_6p3.mtx",6001,6001,6.30,2269500,4,"Task-based+SIMD",21.908,2.21,9.2,1.710,,0,""
"6k_6p3.mtx",6001,6001,6.30,2269500,4,"Guided+SIMD+Align+Affin,",2.088,23.22,96.7,0.024,83.28,0,""
"6k_6p3.mtx",6001,6001,6.30,2269500,4,"Static+SIMD+Align+Affin,",0.738,65.73,273.9,0.006,94.09,0,""
"6k_6p3.mtx",6001,6001,6.30,2269500,8,"Static (default)",6.418,7.65,31.9,0.211,0.00,0,""
"6k_6p3.mtx",6001,6001,6.30,2269500,8,"Static, chunk=8",6.171,7.95,33.1,0.063,3.85,0,""
"6k_6p3.mtx",6001,6001,6.30,2269500,8,"Static, chunk=32",6.138,8.00,33.3,0.056,4.37,0,""
"6k_6p3.mtx",6001,6001,6.30,2269500,8,"Dynamic, chunk=8",6.094,8.05,33.6,0.068,5.05,0,""
"6k_6p3.mtx",6001,6001,6.30,2269500,8,"Dynamic, chunk=16",5.972,8.22,34.2,0.057,6.95,0,""
"6k_6p3.mtx",6001,6001,6.30,2269500,8,"Dynamic, chunk=32",5.872,8.36,34.8,0.044,8.52,0,""
"6k_6p3.mtx",6001,6001,6.30,2269500,8,"Dynamic, chunk=64",6.014,8.16,34.0,0.045,6.31,0,""
"6k_6p3.mtx",6001,6001,6.30,2269500,8,"Guided, chunk=8",6.189,7.93,33.0,0.327,3.57,0,""
"6k_6p3.mtx",6001,6001,6.30,2269500,8,"Guided, chunk=16",6.364,7.71,32.1,0.324,0.85,0,""
"6k_6p3.mtx",6001,6001,6.30,2269500,8,"Guided, chunk=32",6.348,7.73,32.2,0.270,1.10,0,""
"6k_6p3.mtx",6001,6001,6.30,2269500,8,"Auto (runtime)",6.638,7.39,30.8,0.102,,0,""
"6k_6p3.mtx",6001,6001,6.30,2269500,8,"Static+SIMD, chunk=8",0.382,128.37,534.9,0.008,94.04,0,""
"6k_6p3.mtx",6001,6001,6.30,2269500,8,"Static+SIMD, chunk=16",0.386,127.27,530.3,0.010,93.99,0,""
"6k_6p3.mtx",6001,6001,6.30,2269500,8,"Static+SIMD, chunk=32",0.384,127.83,532.6,0.008,94.02,0,""
"6k_6p3.mtx",6001,6001,6.30,2269500,8,"Dynamic+SIMD, chunk=8",0.421,116.66,486.1,0.007,93.44,0,""
"6k_6p3.mtx",6001,6001,6.30,2269500,8,"Dynamic+SIMD, chunk=16",0.388,126.39,526.6,0.007,93.95,0,""
"6k_6p3.mtx",6001,6001,6.30,2269500,8,"Dynamic+SIMD, chunk=32",0.382,128.56,535.7,0.007,94.05,0,""
"6k_6p3.mtx",6001,6001,6.30,2269500,8,"Guided+SIMD, chunk=8",0.953,51.53,214.7,0.013,85.16,0,""
"6k_6p3.mtx",6001,6001,6.30,2269500,8,"Guided+SIMD, chunk=16",0.949,51.73,215.5,0.013,85.22,0,""
"6k_6p3.mtx",6001,6001,6.30,2269500,8,"Guided+SIMD, chunk=32",0.946,51.89,216.2,0.014,85.26,0,""
"6k_6p3.mtx",6001,6001,6.30,2269500,8,"Static+SIMD+Affinity,",0.379,129.48,539.5,0.007,94.09,0,""
"6k_6p3.mtx",6001,6001,6.30,2269500,8,"Static+SIMD+Affinity,",0.381,128.82,536.7,0.008,94.06,0,""
"6k_6p3.mtx",6001,6001,6.30,2269500,8,"Guided+SIMD+Affinity,",0.949,51.72,215.5,0.012,85.21,0,""
"6k_6p3.mtx",6001,6001,6.30,2269500,8,"Guided+SIMD+Register,",0.949,51.75,215.6,0.014,85.22,0,""
"6k_6p3.mtx",6001,6001,6.30,2269500,8,"Guided+SIMD+Register,",0.947,51.82,215.9,0.013,85.24,0,""
"6k_6p3.mtx",6001,6001,6.30,2269500,8,"Static+SIMD+Register,",0.381,128.74,536.4,0.007,94.06,0,""
"6k_6p3.mtx",6001,6001,6.30,2269500,8,"Static+SIMD+Register,",0.380,129.32,538.8,0.009,94.09,0,""
"6k_6p3.mtx",6001,6001,6.30,2269500,8,"Task-based+SIMD",26.729,1.84,7.7,0.691,,0,""
"6k_6p3.mtx",6001,6001,6.30,2269500,8,"Guided+SIMD+Align+Affin,",0.945,51.94,216.4,0.015,85.28,0,""
"6k_6p3.mtx",6001,6001,6.30,2269500,8,"Static+SIMD+Align+Affin,",0.377,130.13,542.2,0.006,94.12,0,""
"6k_6p3.mtx",6001,6001,6.30,2269500,12,"Static (default)",4.251,11.36,47.3,0.126,0.00,0,""
"6k_6p3.mtx",6001,6001,6.30,2269500,12,"Static, chunk=8",4.412,10.95,45.6,0.057,,0,""
"6k_6p3.mtx",6001,6001,6.30,2269500,12,"Static, chunk=32",4.292,11.26,46.9,0.050,,0,""
"6k_6p3.mtx",6001,6001,6.30,2269500,12,"Dynamic, chunk=8",4.216,11.46,47.7,0.033,0.83,0,""
"6k_6p3.mtx",6001,6001,6.30,2269500,12,"Dynamic, chunk=16",4.078,11.84,49.3,0.053,4.07,0,""
"6k_6p3.mtx",6001,6001,6.30,2269500,12,"Dynamic, chunk=32",4.036,11.97,49.9,0.034,5.06,0,""
"6k_6p3.mtx",6001,6001,6.30,2269500,12,"Dynamic, chunk=64",4.216,11.46,47.7,0.041,0.81,0,""
"6k_6p3.mtx",6001,6001,6.30,2269500,12,"Guided, chunk=8",4.352,11.10,46.2,0.192,,0,""
"6k_6p3.mtx",6001,6001,6.30,2269500,12,"Guided, chunk=16",4.341,11.13,46.4,0.177,,0,""
"6k_6p3.mtx",6001,6001,6.30,2269500,12,"Guided, chunk=32",4.349,11.11,46.3,0.188,,0,""
"6k_6p3.mtx",6001,6001,6.30,2269500,12,"Auto (runtime)",4.112,11.75,48.9,0.022,3.28,0,""
"6k_6p3.mtx",6001,6001,6.30,2269500,12,"Static+SIMD, chunk=8",0.274,176.57,735.7,0.004,93.56,0,""
"6k_6p3.mtx",6001,6001,6.30,2269500,12,"Static+SIMD, chunk=16",0.269,179.24,746.8,0.004,93.66,0,""
"6k_6p3.mtx",6001,6001,6.30,2269500,12,"Static+SIMD, chunk=32",0.268,180.36,751.5,0.003,93.70,0,""
"6k_6p3.mtx",6001,6001,6.30,2269500,12,"Dynamic+SIMD, chunk=8",0.305,158.26,659.4,0.005,92.82,0,""
"6k_6p3.mtx",6001,6001,6.30,2269500,12,"Dynamic+SIMD, chunk=16",0.279,173.16,721.5,0.004,93.44,0,""
"6k_6p3.mtx",6001,6001,6.30,2269500,12,"Dynamic+SIMD, chunk=32",0.275,175.70,732.1,0.003,93.53,0,""
"6k_6p3.mtx",6001,6001,6.30,2269500,12,"Guided+SIMD, chunk=8",0.684,70.58,294.1,0.022,83.90,0,""
"6k_6p3.mtx",6001,6001,6.30,2269500,12,"Guided+SIMD, chunk=16",0.677,71.36,297.3,0.014,84.08,0,""
"6k_6p3.mtx",6001,6001,6.30,2269500,12,"Guided+SIMD, chunk=32",0.684,70.63,294.3,0.020,83.91,0,""
"6k_6p3.mtx",6001,6001,6.30,2269500,12,"Static+SIMD+Affinity,",0.268,180.14,750.6,0.003,93.69,0,""
"6k_6p3.mtx",6001,6001,6.30,2269500,12,"Static+SIMD+Affinity,",0.268,180.12,750.5,0.003,93.69,0,""
"6k_6p3.mtx",6001,6001,6.30,2269500,12,"Guided+SIMD+Affinity,",0.689,70.10,292.1,0.022,83.79,0,""
"6k_6p3.mtx",6001,6001,6.30,2269500,12,"Guided+SIMD+Register,",0.679,71.14,296.4,0.016,84.03,0,""
"6k_6p3.mtx",6001,6001,6.30,2269500,12,"Guided+SIMD+Register,",0.674,71.63,298.5,0.014,84.14,0,""
"6k_6p3.mtx",6001,6001,6.30,2269500,12,"Static+SIMD+Register,",0.267,181.19,754.9,0.004,93.73,0,""
"6k_6p3.mtx",6001,6001,6.30,2269500,12,"Static+SIMD+Register,",0.269,179.81,749.2,0.003,93.68,0,""
"6k_6p3.mtx",6001,6001,6.30,2269500,12,"Task-based+SIMD",39.789,1.21,5.1,1.258,,0,""
"6k_6p3.mtx",6001,6001,6.30,2269500,12,"Guided+SIMD+Align+Affin,",0.676,71.50,297.9,0.019,84.11,0,""
"6k_6p3.mtx",6001,6001,6.30,2269500,12,"Static+SIMD+Align+Affin,",0.265,181.98,758.2,0.005,93.76,0,""
"6k_6p3.mtx",6001,6001,6.30,2269500,16,"Static (default)",3.096,16.67,69.4,0.055,0.00,0,""
"6k_6p3.mtx",6001,6001,6.30,2269500,16,"Static, chunk=8",3.253,15.87,66.1,0.056,,0,""
"6k_6p3.mtx",6001,6001,6.30,2269500,16,"Static, chunk=32",3.201,16.12,67.2,0.048,,0,""
"6k_6p3.mtx",6001,6001,6.30,2269500,16,"Dynamic, chunk=8",3.189,16.18,67.4,0.047,,0,""
"6k_6p3.mtx",6001,6001,6.30,2269500,16,"Dynamic, chunk=16",3.102,16.64,69.3,0.038,,0,""
"6k_6p3.mtx",6001,6001,6.30,2269500,16,"Dynamic, chunk=32",3.120,16.54,68.9,0.032,,0,""
"6k_6p3.mtx",6001,6001,6.30,2269500,16,"Dynamic, chunk=64",3.152,16.37,68.2,0.044,,0,""
"6k_6p3.mtx",6001,6001,6.30,2269500,16,"Guided, chunk=8",3.314,15.57,64.9,0.186,,0,""
"6k_6p3.mtx",6001,6001,6.30,2269500,16,"Guided, chunk=16",3.402,15.17,63.2,0.177,,0,""
"6k_6p3.mtx",6001,6001,6.30,2269500,16,"Guided, chunk=32",3.314,15.57,64.9,0.199,,0,""
"6k_6p3.mtx",6001,6001,6.30,2269500,16,"Auto (runtime)",3.473,14.86,61.9,0.229,,0,""
"6k_6p3.mtx",6001,6001,6.30,2269500,16,"Static+SIMD, chunk=8",0.211,244.84,1020.2,0.006,93.19,0,""
"6k_6p3.mtx",6001,6001,6.30,2269500,16,"Static+SIMD, chunk=16",0.206,250.46,1043.6,0.007,93.35,0,""
"6k_6p3.mtx",6001,6001,6.30,2269500,16,"Static+SIMD, chunk=32",0.204,252.78,1053.3,0.006,93.41,0,""
"6k_6p3.mtx",6001,6001,6.30,2269500,16,"Dynamic+SIMD, chunk=8",0.247,208.60,869.2,0.005,92.01,0,""
"6k_6p3.mtx",6001,6001,6.30,2269500,16,"Dynamic+SIMD, chunk=16",0.215,240.06,1000.3,0.005,93.06,0,""
"6k_6p3.mtx",6001,6001,6.30,2269500,16,"Dynamic+SIMD, chunk=32",0.211,244.12,1017.1,0.004,93.17,0,""
"6k_6p3.mtx",6001,6001,6.30,2269500,16,"Guided+SIMD, chunk=8",0.536,96.26,401.1,0.010,82.69,0,""
"6k_6p3.mtx",6001,6001,6.30,2269500,16,"Guided+SIMD, chunk=16",0.534,96.61,402.5,0.009,82.75,0,""
"6k_6p3.mtx",6001,6001,6.30,2269500,16,"Guided+SIMD, chunk=32",0.536,96.30,401.3,0.012,82.69,0,""
"6k_6p3.mtx",6001,6001,6.30,2269500,16,"Static+SIMD+Affinity,",0.202,255.21,1063.4,0.004,93.47,0,""
"6k_6p3.mtx",6001,6001,6.30,2269500,16,"Static+SIMD+Affinity,",0.203,253.93,1058.0,0.006,93.44,0,""
"6k_6p3.mtx",6001,6001,6.30,2269500,16,"Guided+SIMD+Affinity,",0.534,96.66,402.8,0.010,82.76,0,""
"6k_6p3.mtx",6001,6001,6.30,2269500,16,"Guided+SIMD+Register,",0.532,96.93,403.9,0.010,82.80,0,""
"6k_6p3.mtx",6001,6001,6.30,2269500,16,"Guided+SIMD+Register,",0.534,96.68,402.8,0.008,82.76,0,""
"6k_6p3.mtx",6001,6001,6.30,2269500,16,"Static+SIMD+Register,",0.200,257.43,1072.6,0.004,93.53,0,""
"6k_6p3.mtx",6001,6001,6.30,2269500,16,"Static+SIMD+Register,",0.205,251.64,1048.5,0.006,93.38,0,""
"6k_6p3.mtx",6001,6001,6.30,2269500,16,"Task-based+SIMD",47.680,1.08,4.5,0.724,,0,""
"6k_6p3.mtx",6001,6001,6.30,2269500,16,"Guided+SIMD+Align+Affin,",0.529,97.52,406.3,0.009,82.91,0,""
"6k_6p3.mtx",6001,6001,6.30,2269500,16,"Static+SIMD+Align+Affin,",0.199,259.86,1082.7,0.002,93.59,0,""
"6k_6p3.mtx",6001,6001,6.30,2269500,18,"Static (default)",3.024,16.12,67.2,0.093,0.00,0,""
"6k_6p3.mtx",6001,6001,6.30,2269500,18,"Static, chunk=8",2.952,16.52,68.8,0.042,2.38,0,""
"6k_6p3.mtx",6001,6001,6.30,2269500,18,"Static, chunk=32",2.930,16.64,69.3,0.052,3.12,0,""
"6k_6p3.mtx",6001,6001,6.30,2269500,18,"Dynamic, chunk=8",2.918,16.71,69.6,0.058,3.50,0,""
"6k_6p3.mtx",6001,6001,6.30,2269500,18,"Dynamic, chunk=16",2.785,17.51,73.0,0.027,7.92,0,""
"6k_6p3.mtx",6001,6001,6.30,2269500,18,"Dynamic, chunk=32",2.766,17.63,73.4,0.026,8.52,0,""
"6k_6p3.mtx",6001,6001,6.30,2269500,18,"Dynamic, chunk=64",2.974,16.40,68.3,0.017,1.66,0,""
"6k_6p3.mtx",6001,6001,6.30,2269500,18,"Guided, chunk=8",3.015,16.17,67.4,0.197,0.30,0,""
"6k_6p3.mtx",6001,6001,6.30,2269500,18,"Guided, chunk=16",2.991,16.30,67.9,0.152,1.08,0,""
"6k_6p3.mtx",6001,6001,6.30,2269500,18,"Guided, chunk=32",2.927,16.66,69.4,0.138,3.20,0,""
"6k_6p3.mtx",6001,6001,6.30,2269500,18,"Auto (runtime)",2.940,16.58,69.1,0.083,2.77,0,""
"6k_6p3.mtx",6001,6001,6.30,2269500,18,"Static+SIMD, chunk=8",0.190,256.43,1068.5,0.004,93.71,0,""
"6k_6p3.mtx",6001,6001,6.30,2269500,18,"Static+SIMD, chunk=16",0.202,241.98,1008.3,0.005,93.34,0,""
"6k_6p3.mtx",6001,6001,6.30,2269500,18,"Static+SIMD, chunk=32",0.205,238.41,993.4,0.006,93.24,0,""
"6k_6p3.mtx",6001,6001,6.30,2269500,18,"Dynamic+SIMD, chunk=8",0.227,214.96,895.7,0.005,92.50,0,""
"6k_6p3.mtx",6001,6001,6.30,2269500,18,"Dynamic+SIMD, chunk=16",0.206,236.94,987.3,0.004,93.19,0,""
"6k_6p3.mtx",6001,6001,6.30,2269500,18,"Dynamic+SIMD, chunk=32",0.207,235.09,979.6,0.004,93.14,0,""
"6k_6p3.mtx",6001,6001,6.30,2269500,18,"Guided+SIMD, chunk=8",0.490,99.58,414.9,0.009,83.81,0,""
"6k_6p3.mtx",6001,6001,6.30,2269500,18,"Guided+SIMD, chunk=16",0.487,100.13,417.2,0.010,83.90,0,""
"6k_6p3.mtx",6001,6001,6.30,2269500,18,"Guided+SIMD, chunk=32",0.485,100.51,418.8,0.008,83.96,0,""
"6k_6p3.mtx",6001,6001,6.30,2269500,18,"Static+SIMD+Affinity,",0.202,241.74,1007.2,0.005,93.33,0,""
"6k_6p3.mtx",6001,6001,6.30,2269500,18,"Static+SIMD+Affinity,",0.207,235.05,979.4,0.008,93.14,0,""
"6k_6p3.mtx",6001,6001,6.30,2269500,18,"Guided+SIMD+Affinity,",0.488,99.98,416.6,0.012,83.87,0,""
"6k_6p3.mtx",6001,6001,6.30,2269500,18,"Guided+SIMD+Register,",0.486,100.35,418.1,0.010,83.93,0,""
"6k_6p3.mtx",6001,6001,6.30,2269500,18,"Guided+SIMD+Register,",0.485,100.50,418.8,0.008,83.96,0,""
"6k_6p3.mtx",6001,6001,6.30,2269500,18,"Static+SIMD+Register,",0.205,237.57,989.9,0.006,93.21,0,""
"6k_6p3.mtx",6001,6001,6.30,2269500,18,"Static+SIMD+Register,",0.203,240.52,1002.2,0.005,93.30,0,""
"6k_6p3.mtx",6001,6001,6.30,2269500,18,"Task-based+SIMD",51.969,0.94,3.9,0.870,,0,""
"6k_6p3.mtx",6001,6001,6.30,2269500,18,"Guided+SIMD+Align+Affin,",0.485,100.46,418.6,0.010,83.95,0,""
"6k_6p3.mtx",6001,6001,6.30,2269500,18,"Static+SIMD+Align+Affin,",0.202,241.86,1007.8,0.004,93.33,0,""
"6k_6p3.mtx",6001,6001,6.30,2269500,20,"Static (default)",2.636,19.46,81.1,0.101,0.00,0,""
"6k_6p3.mtx",6001,6001,6.30,2269500,20,"Static, chunk=8",2.694,19.04,79.3,0.041,,0,""
"6k_6p3.mtx",6001,6001,6.30,2269500,20,"Static, chunk=32",2.694,19.04,79.3,0.034,,0,""
"6k_6p3.mtx",6001,6001,6.30,2269500,20,"Dynamic, chunk=8",2.675,19.18,79.9,0.047,,0,""
"6k_6p3.mtx",6001,6001,6.30,2269500,20,"Dynamic, chunk=16",2.580,19.88,82.8,0.044,2.14,0,""
"6k_6p3.mtx",6001,6001,6.30,2269500,20,"Dynamic, chunk=32",2.634,19.47,81.1,0.033,0.09,0,""
"6k_6p3.mtx",6001,6001,6.30,2269500,20,"Dynamic, chunk=64",2.655,19.32,80.5,0.028,,0,""
"6k_6p3.mtx",6001,6001,6.30,2269500,20,"Guided, chunk=8",2.772,18.50,77.1,0.190,,0,""
"6k_6p3.mtx",6001,6001,6.30,2269500,20,"Guided, chunk=16",2.689,19.07,79.5,0.217,,0,""
"6k_6p3.mtx",6001,6001,6.30,2269500,20,"Guided, chunk=32",2.757,18.60,77.5,0.202,,0,""
"6k_6p3.mtx",6001,6001,6.30,2269500,20,"Auto (runtime)",3.021,16.98,70.7,0.199,,0,""
"6k_6p3.mtx",6001,6001,6.30,2269500,20,"Static+SIMD, chunk=8",0.174,294.23,1226.0,0.006,93.39,0,""
"6k_6p3.mtx",6001,6001,6.30,2269500,20,"Static+SIMD, chunk=16",0.174,294.02,1225.1,0.005,93.38,0,""
"6k_6p3.mtx",6001,6001,6.30,2269500,20,"Static+SIMD, chunk=32",0.202,254.13,1058.9,0.005,92.34,0,""
"6k_6p3.mtx",6001,6001,6.30,2269500,20,"Dynamic+SIMD, chunk=8",0.209,245.89,1024.6,0.006,92.09,0,""
"6k_6p3.mtx",6001,6001,6.30,2269500,20,"Dynamic+SIMD, chunk=16",0.182,281.65,1173.6,0.004,93.09,0,""
"6k_6p3.mtx",6001,6001,6.30,2269500,20,"Dynamic+SIMD, chunk=32",0.202,253.44,1056.0,0.003,92.32,0,""
"6k_6p3.mtx",6001,6001,6.30,2269500,20,"Guided+SIMD, chunk=8",0.441,116.41,485.0,0.007,83.29,0,""
"6k_6p3.mtx",6001,6001,6.30,2269500,20,"Guided+SIMD, chunk=16",0.438,117.07,487.8,0.009,83.38,0,""
"6k_6p3.mtx",6001,6001,6.30,2269500,20,"Guided+SIMD, chunk=32",0.440,116.63,486.0,0.008,83.32,0,""
"6k_6p3.mtx",6001,6001,6.30,2269500,20,"Static+SIMD+Affinity,",0.172,297.88,1241.2,0.004,93.47,0,""
"6k_6p3.mtx",6001,6001,6.30,2269500,20,"Static+SIMD+Affinity,",0.206,249.16,1038.2,0.007,92.19,0,""
"6k_6p3.mtx",6001,6001,6.30,2269500,20,"Guided+SIMD+Affinity,",0.443,115.88,482.8,0.009,83.21,0,""
"6k_6p3.mtx",6001,6001,6.30,2269500,20,"Guided+SIMD+Register,",0.437,117.25,488.5,0.009,83.41,0,""
"6k_6p3.mtx",6001,6001,6.30,2269500,20,"Guided+SIMD+Register,",0.436,117.58,489.9,0.007,83.45,0,""
"6k_6p3.mtx",6001,6001,6.30,2269500,20,"Static+SIMD+Register,",0.199,258.29,1076.2,0.004,92.47,0,""
"6k_6p3.mtx",6001,6001,6.30,2269500,20,"Static+SIMD+Register,",0.174,294.70,1227.9,0.005,93.40,0,""
"6k_6p3.mtx",6001,6001,6.30,2269500,20,"Task-based+SIMD",57.420,0.89,3.7,1.920,,0,""
"6k_6p3.mtx",6001,6001,6.30,2269500,20,"Guided+SIMD+Align+Affin,",0.446,115.10,479.6,0.011,83.10,0,""
"6k_6p3.mtx",6001,6001,6.30,2269500,20,"Static+SIMD+Align+Affin,",0.204,251.26,1046.9,0.004,92.26,0,""
"6k_6p3.mtx",6001,6001,6.30,2269500,22,"Static (default)",2.354,19.70,82.1,0.061,0.00,0,""
"6k_6p3.mtx",6001,6001,6.30,2269500,22,"Static, chunk=8",2.496,18.58,77.4,0.056,,0,""
"6k_6p3.mtx",6001,6001,6.30,2269500,22,"Static, chunk=32",2.471,18.77,78.2,0.047,,0,""
"6k_6p3.mtx",6001,6001,6.30,2269500,22,"Dynamic, chunk=8",2.480,18.71,78.0,0.070,,0,""
"6k_6p3.mtx",6001,6001,6.30,2269500,22,"Dynamic, chunk=16",2.343,19.80,82.5,0.046,0.49,0,""
"6k_6p3.mtx",6001,6001,6.30,2269500,22,"Dynamic, chunk=32",2.411,19.24,80.2,0.025,,0,""
"6k_6p3.mtx",6001,6001,6.30,2269500,22,"Dynamic, chunk=64",2.622,17.70,73.7,0.007,,0,""
"6k_6p3.mtx",6001,6001,6.30,2269500,22,"Guided, chunk=8",2.503,18.53,77.2,0.205,,0,""
"6k_6p3.mtx",6001,6001,6.30,2269500,22,"Guided, chunk=16",2.493,18.61,77.6,0.202,,0,""
"6k_6p3.mtx",6001,6001,6.30,2269500,22,"Guided, chunk=32",2.508,18.50,77.1,0.180,,0,""
"6k_6p3.mtx",6001,6001,6.30,2269500,22,"Auto (runtime)",2.593,17.89,74.5,0.170,,0,""
"6k_6p3.mtx",6001,6001,6.30,2269500,22,"Static+SIMD, chunk=8",0.160,289.64,1206.8,0.003,93.20,0,""
"6k_6p3.mtx",6001,6001,6.30,2269500,22,"Static+SIMD, chunk=16",0.174,266.29,1109.5,0.003,92.60,0,""
"6k_6p3.mtx",6001,6001,6.30,2269500,22,"Static+SIMD, chunk=32",0.207,224.58,935.8,0.004,91.23,0,""
"6k_6p3.mtx",6001,6001,6.30,2269500,22,"Dynamic+SIMD, chunk=8",0.198,234.79,978.3,0.004,91.61,0,""
"6k_6p3.mtx",6001,6001,6.30,2269500,22,"Dynamic+SIMD, chunk=16",0.178,260.30,1084.6,0.003,92.43,0,""
"6k_6p3.mtx",6001,6001,6.30,2269500,22,"Dynamic+SIMD, chunk=32",0.202,229.69,957.0,0.003,91.42,0,""
"6k_6p3.mtx",6001,6001,6.30,2269500,22,"Guided+SIMD, chunk=8",0.400,116.02,483.4,0.011,83.02,0,""
"6k_6p3.mtx",6001,6001,6.30,2269500,22,"Guided+SIMD, chunk=16",0.400,115.93,483.1,0.006,83.00,0,""
"6k_6p3.mtx",6001,6001,6.30,2269500,22,"Guided+SIMD, chunk=32",0.399,116.24,484.3,0.010,83.05,0,""
"6k_6p3.mtx",6001,6001,6.30,2269500,22,"Static+SIMD+Affinity,",0.175,265.72,1107.2,0.004,92.58,0,""
"6k_6p3.mtx",6001,6001,6.30,2269500,22,"Static+SIMD+Affinity,",0.208,223.51,931.3,0.005,91.18,0,""
"6k_6p3.mtx",6001,6001,6.30,2269500,22,"Guided+SIMD+Affinity,",0.399,116.37,484.9,0.010,83.07,0,""
"6k_6p3.mtx",6001,6001,6.30,2269500,22,"Guided+SIMD+Register,",0.401,115.81,482.5,0.011,82.99,0,""
"6k_6p3.mtx",6001,6001,6.30,2269500,22,"Guided+SIMD+Register,",0.401,115.71,482.1,0.010,82.97,0,""
"6k_6p3.mtx",6001,6001,6.30,2269500,22,"Static+SIMD+Register,",0.207,223.59,931.6,0.004,91.19,0,""
"6k_6p3.mtx",6001,6001,6.30,2269500,22,"Static+SIMD+Register,",0.175,264.83,1103.5,0.003,92.56,0,""
"6k_6p3.mtx",6001,6001,6.30,2269500,22,"Task-based+SIMD",56.259,0.82,3.4,7.230,,0,""
"6k_6p3.mtx",6001,6001,6.30,2269500,22,"Guided+SIMD+Align+Affin,",0.403,115.16,479.8,0.014,82.89,0,""
"6k_6p3.mtx",6001,6001,6.30,2269500,22,"Static+SIMD+Align+Affin,",0.208,223.45,931.1,0.004,91.18,0,""
"6k_6p3.mtx",6001,6001,6.30,2269500,24,"Static (default)",2.366,21.07,87.8,0.159,0.00,0,""
"6k_6p3.mtx",6001,6001,6.30,2269500,24,"Static, chunk=8",2.398,20.79,86.6,0.044,,0,""
"6k_6p3.mtx",6001,6001,6.30,2269500,24,"Static, chunk=32",2.302,21.65,90.2,0.053,2.70,0,""
"6k_6p3.mtx",6001,6001,6.30,2269500,24,"Dynamic, chunk=8",2.277,21.89,91.2,0.052,3.76,0,""
"6k_6p3.mtx",6001,6001,6.30,2269500,24,"Dynamic, chunk=16",2.194,22.72,94.7,0.043,7.27,0,""
"6k_6p3.mtx",6001,6001,6.30,2269500,24,"Dynamic, chunk=32",2.174,22.93,95.5,0.049,8.11,0,""
"6k_6p3.mtx",6001,6001,6.30,2269500,24,"Dynamic, chunk=64",2.204,22.62,94.2,0.071,6.85,0,""
"6k_6p3.mtx",6001,6001,6.30,2269500,24,"Guided, chunk=8",2.336,21.33,88.9,0.208,1.25,0,""
"6k_6p3.mtx",6001,6001,6.30,2269500,24,"Guided, chunk=16",2.348,21.23,88.4,0.169,0.75,0,""
"6k_6p3.mtx",6001,6001,6.30,2269500,24,"Guided, chunk=32",2.325,21.44,89.3,0.175,1.73,0,""
"6k_6p3.mtx",6001,6001,6.30,2269500,24,"Auto (runtime)",2.450,20.35,84.8,0.255,,0,""
"6k_6p3.mtx",6001,6001,6.30,2269500,24,"Static+SIMD, chunk=8",0.148,336.96,1404.0,0.002,93.75,0,""
"6k_6p3.mtx",6001,6001,6.30,2269500,24,"Static+SIMD, chunk=16",0.144,346.51,1443.8,0.003,93.92,0,""
"6k_6p3.mtx",6001,6001,6.30,2269500,24,"Static+SIMD, chunk=32",0.142,351.30,1463.7,0.002,94.00,0,""
"6k_6p3.mtx",6001,6001,6.30,2269500,24,"Dynamic+SIMD, chunk=8",0.184,270.49,1127.1,0.003,92.21,0,""
"6k_6p3.mtx",6001,6001,6.30,2269500,24,"Dynamic+SIMD, chunk=16",0.157,317.09,1321.2,0.003,93.36,0,""
"6k_6p3.mtx",6001,6001,6.30,2269500,24,"Dynamic+SIMD, chunk=32",0.153,326.29,1359.5,0.002,93.54,0,""
"6k_6p3.mtx",6001,6001,6.30,2269500,24,"Guided+SIMD, chunk=8",0.385,129.62,540.1,0.009,83.75,0,""
"6k_6p3.mtx",6001,6001,6.30,2269500,24,"Guided+SIMD, chunk=16",0.383,129.97,541.6,0.009,83.79,0,""
"6k_6p3.mtx",6001,6001,6.30,2269500,24,"Guided+SIMD, chunk=32",0.384,129.94,541.4,0.012,83.79,0,""
"6k_6p3.mtx",6001,6001,6.30,2269500,24,"Static+SIMD+Affinity,",0.144,345.48,1439.5,0.004,93.90,0,""
"6k_6p3.mtx",6001,6001,6.30,2269500,24,"Static+SIMD+Affinity,",0.142,350.67,1461.1,0.003,93.99,0,""
"6k_6p3.mtx",6001,6001,6.30,2269500,24,"Guided+SIMD+Affinity,",0.385,129.39,539.1,0.012,83.72,0,""
"6k_6p3.mtx",6001,6001,6.30,2269500,24,"Guided+SIMD+Register,",0.384,129.80,540.8,0.011,83.77,0,""
"6k_6p3.mtx",6001,6001,6.30,2269500,24,"Guided+SIMD+Register,",0.384,129.64,540.2,0.012,83.75,0,""
"6k_6p3.mtx",6001,6001,6.30,2269500,24,"Static+SIMD+Register,",0.142,351.15,1463.1,0.003,94.00,0,""
"6k_6p3.mtx",6001,6001,6.30,2269500,24,"Static+SIMD+Register,",0.144,344.97,1437.4,0.003,93.89,0,""
"6k_6p3.mtx",6001,6001,6.30,2269500,24,"Task-based+SIMD",68.115,0.73,3.0,2.146,,0,""
"6k_6p3.mtx",6001,6001,6.30,2269500,24,"Guided+SIMD+Align+Affin,",0.383,130.14,542.3,0.008,83.81,0,""
"6k_6p3.mtx",6001,6001,6.30,2269500,24,"Static+SIMD+Align+Affin,",0.142,349.96,1458.2,0.003,93.98,0,""
"9k_0p77.mtx",8738,8738,0.78,591904,1,"Static (default)",94.197,1.11,4.6,0.704,0.00,0,""
"9k_0p77.mtx",8738,8738,0.78,591904,1,"Static, chunk=8",93.865,1.11,4.6,0.536,0.35,0,""
"9k_0p77.mtx",8738,8738,0.78,591904,1,"Static, chunk=32",93.405,1.12,4.7,0.025,0.84,0,""
"9k_0p77.mtx",8738,8738,0.78,591904,1,"Dynamic, chunk=8",93.437,1.12,4.7,0.020,0.81,0,""
"9k_0p77.mtx",8738,8738,0.78,591904,1,"Dynamic, chunk=16",93.413,1.12,4.7,0.021,0.83,0,""
"9k_0p77.mtx",8738,8738,0.78,591904,1,"Dynamic, chunk=32",93.409,1.12,4.7,0.015,0.84,0,""
"9k_0p77.mtx",8738,8738,0.78,591904,1,"Dynamic, chunk=64",93.390,1.12,4.7,0.017,0.86,0,""
"9k_0p77.mtx",8738,8738,0.78,591904,1,"Guided, chunk=8",93.389,1.12,4.7,0.016,0.86,0,""
"9k_0p77.mtx",8738,8738,0.78,591904,1,"Guided, chunk=16",93.393,1.12,4.7,0.017,0.85,0,""
"9k_0p77.mtx",8738,8738,0.78,591904,1,"Guided, chunk=32",93.386,1.12,4.7,0.018,0.86,0,""
"9k_0p77.mtx",8738,8738,0.78,591904,1,"Auto (runtime)",93.392,1.12,4.7,0.018,0.85,0,""
"9k_0p77.mtx",8738,8738,0.78,591904,1,"Static+SIMD, chunk=8",0.621,167.91,699.6,0.004,99.34,0,""
"9k_0p77.mtx",8738,8738,0.78,591904,1,"Static+SIMD, chunk=16",0.614,169.82,707.6,0.004,99.35,0,""
"9k_0p77.mtx",8738,8738,0.78,591904,1,"Static+SIMD, chunk=32",0.611,170.74,711.4,0.004,99.35,0,""
"9k_0p77.mtx",8738,8738,0.78,591904,1,"Dynamic+SIMD, chunk=8",0.646,161.49,672.9,0.003,99.31,0,""
"9k_0p77.mtx",8738,8738,0.78,591904,1,"Dynamic+SIMD, chunk=16",0.630,165.62,690.1,0.003,99.33,0,""
"9k_0p77.mtx",8738,8738,0.78,591904,1,"Dynamic+SIMD, chunk=32",0.622,167.78,699.1,0.004,99.34,0,""
"9k_0p77.mtx",8738,8738,0.78,591904,1,"Guided+SIMD, chunk=8",0.607,171.77,715.7,0.004,99.36,0,""
"9k_0p77.mtx",8738,8738,0.78,591904,1,"Guided+SIMD, chunk=16",0.607,171.77,715.7,0.004,99.36,0,""
"9k_0p77.mtx",8738,8738,0.78,591904,1,"Guided+SIMD, chunk=32",0.607,171.78,715.8,0.004,99.36,0,""
"9k_0p77.mtx",8738,8738,0.78,591904,1,"Static+SIMD+Affinity,",0.610,171.00,712.5,0.004,99.35,0,""
"9k_0p77.mtx",8738,8738,0.78,591904,1,"Static+SIMD+Affinity,",0.608,171.58,714.9,0.004,99.35,0,""
"9k_0p77.mtx",8738,8738,0.78,591904,1,"Guided+SIMD+Affinity,",0.613,170.09,708.7,0.004,99.35,0,""
"9k_0p77.mtx",8738,8738,0.78,591904,1,"Guided+SIMD+Register,",0.606,172.13,717.2,0.003,99.36,0,""
"9k_0p77.mtx",8738,8738,0.78,591904,1,"Guided+SIMD+Register,",0.606,172.03,716.8,0.004,99.36,0,""
"9k_0p77.mtx",8738,8738,0.78,591904,1,"Static+SIMD+Register,",0.609,171.36,714.0,0.004,99.35,0,""
"9k_0p77.mtx",8738,8738,0.78,591904,1,"Static+SIMD+Register,",0.610,170.98,712.4,0.003,99.35,0,""
"9k_0p77.mtx",8738,8738,0.78,591904,1,"Task-based+SIMD",0.737,141.56,589.8,0.004,99.22,0,""
"9k_0p77.mtx",8738,8738,0.78,591904,1,"Guided+SIMD+Align+Affin,",0.609,171.24,713.5,0.004,99.35,0,""
"9k_0p77.mtx",8738,8738,0.78,591904,1,"Static+SIMD+Align+Affin,",0.608,171.60,715.0,0.004,99.35,0,""
"9k_0p77.mtx",8738,8738,0.78,591904,2,"Static (default)",46.923,2.23,9.3,0.380,0.00,0,""
"9k_0p77.mtx",8738,8738,0.78,591904,2,"Static, chunk=8",46.714,2.24,9.3,0.013,0.45,0,""
"9k_0p77.mtx",8738,8738,0.78,591904,2,"Static, chunk=32",46.869,2.23,9.3,0.012,0.11,0,""
"9k_0p77.mtx",8738,8738,0.78,591904,2,"Dynamic, chunk=8",46.779,2.24,9.3,0.012,0.31,0,""
"9k_0p77.mtx",8738,8738,0.78,591904,2,"Dynamic, chunk=16",46.750,2.24,9.3,0.011,0.37,0,""
"9k_0p77.mtx",8738,8738,0.78,591904,2,"Dynamic, chunk=32",46.872,2.23,9.3,0.009,0.11,0,""
"9k_0p77.mtx",8738,8738,0.78,591904,2,"Dynamic, chunk=64",46.884,2.23,9.3,0.012,0.08,0,""
"9k_0p77.mtx",8738,8738,0.78,591904,2,"Guided, chunk=8",46.708,2.24,9.3,0.012,0.46,0,""
"9k_0p77.mtx",8738,8738,0.78,591904,2,"Guided, chunk=16",46.701,2.24,9.3,0.014,0.47,0,""
"9k_0p77.mtx",8738,8738,0.78,591904,2,"Guided, chunk=32",46.702,2.24,9.3,0.011,0.47,0,""
"9k_0p77.mtx",8738,8738,0.78,591904,2,"Auto (runtime)",46.701,2.24,9.3,0.010,0.47,0,""
"9k_0p77.mtx",8738,8738,0.78,591904,2,"Static+SIMD, chunk=8",0.327,320.17,1334.0,0.003,99.30,0,""
"9k_0p77.mtx",8738,8738,0.78,591904,2,"Static+SIMD, chunk=16",0.317,330.32,1376.4,0.003,99.33,0,""
"9k_0p77.mtx",8738,8738,0.78,591904,2,"Static+SIMD, chunk=32",0.312,335.70,1398.7,0.003,99.34,0,""
"9k_0p77.mtx",8738,8738,0.78,591904,2,"Dynamic+SIMD, chunk=8",0.368,283.90,1182.9,0.003,99.21,0,""
"9k_0p77.mtx",8738,8738,0.78,591904,2,"Dynamic+SIMD, chunk=16",0.338,309.69,1290.4,0.003,99.28,0,""
"9k_0p77.mtx",8738,8738,0.78,591904,2,"Dynamic+SIMD, chunk=32",0.323,324.10,1350.4,0.003,99.31,0,""
"9k_0p77.mtx",8738,8738,0.78,591904,2,"Guided+SIMD, chunk=8",0.305,342.72,1428.0,0.003,99.35,0,""
"9k_0p77.mtx",8738,8738,0.78,591904,2,"Guided+SIMD, chunk=16",0.305,343.04,1429.3,0.003,99.35,0,""
"9k_0p77.mtx",8738,8738,0.78,591904,2,"Guided+SIMD, chunk=32",0.305,342.75,1428.1,0.003,99.35,0,""
"9k_0p77.mtx",8738,8738,0.78,591904,2,"Static+SIMD+Affinity,",0.314,332.80,1386.7,0.004,99.33,0,""
"9k_0p77.mtx",8738,8738,0.78,591904,2,"Static+SIMD+Affinity,",0.310,337.58,1406.6,0.003,99.34,0,""
"9k_0p77.mtx",8738,8738,0.78,591904,2,"Guided+SIMD+Affinity,",0.308,339.51,1414.6,0.003,99.34,0,""
"9k_0p77.mtx",8738,8738,0.78,591904,2,"Guided+SIMD+Register,",0.305,343.16,1429.8,0.003,99.35,0,""
"9k_0p77.mtx",8738,8738,0.78,591904,2,"Guided+SIMD+Register,",0.305,343.43,1430.9,0.003,99.35,0,""
"9k_0p77.mtx",8738,8738,0.78,591904,2,"Static+SIMD+Register,",0.311,336.80,1403.3,0.003,99.34,0,""
"9k_0p77.mtx",8738,8738,0.78,591904,2,"Static+SIMD+Register,",0.315,332.55,1385.6,0.003,99.33,0,""
"9k_0p77.mtx",8738,8738,0.78,591904,2,"Task-based+SIMD",4.724,22.14,92.3,0.101,89.93,0,""
"9k_0p77.mtx",8738,8738,0.78,591904,2,"Guided+SIMD+Align+Affin,",0.306,341.49,1422.9,0.003,99.35,0,""
"9k_0p77.mtx",8738,8738,0.78,591904,2,"Static+SIMD+Align+Affin,",0.310,337.19,1404.9,0.003,99.34,0,""
"9k_0p77.mtx",8738,8738,0.78,591904,4,"Static (default)",24.087,4.35,18.1,0.025,0.00,0,""
"9k_0p77.mtx",8738,8738,0.78,591904,4,"Static, chunk=8",24.153,4.34,18.1,0.039,,0,""
"9k_0p77.mtx",8738,8738,0.78,591904,4,"Static, chunk=32",24.178,4.34,18.1,0.027,,0,""
"9k_0p77.mtx",8738,8738,0.78,591904,4,"Dynamic, chunk=8",23.797,4.41,18.4,0.011,1.20,0,""
"9k_0p77.mtx",8738,8738,0.78,591904,4,"Dynamic, chunk=16",23.807,4.40,18.3,0.011,1.16,0,""
"9k_0p77.mtx",8738,8738,0.78,591904,4,"Dynamic, chunk=32",23.811,4.40,18.3,0.014,1.15,0,""
"9k_0p77.mtx",8738,8738,0.78,591904,4,"Dynamic, chunk=64",23.961,4.38,18.2,0.009,0.52,0,""
"9k_0p77.mtx",8738,8738,0.78,591904,4,"Guided, chunk=8",23.799,4.41,18.4,0.101,1.20,0,""
"9k_0p77.mtx",8738,8738,0.78,591904,4,"Guided, chunk=16",23.850,4.40,18.3,0.118,0.98,0,""
"9k_0p77.mtx",8738,8738,0.78,591904,4,"Guided, chunk=32",23.817,4.40,18.3,0.125,1.12,0,""
"9k_0p77.mtx",8738,8738,0.78,591904,4,"Auto (runtime)",24.137,4.34,18.1,0.035,,0,""
"9k_0p77.mtx",8738,8738,0.78,591904,4,"Static+SIMD, chunk=8",0.173,604.97,2520.7,0.003,99.28,0,""
"9k_0p77.mtx",8738,8738,0.78,591904,4,"Static+SIMD, chunk=16",0.169,619.65,2581.9,0.003,99.30,0,""
"9k_0p77.mtx",8738,8738,0.78,591904,4,"Static+SIMD, chunk=32",0.168,625.01,2604.2,0.004,99.30,0,""
"9k_0p77.mtx",8738,8738,0.78,591904,4,"Dynamic+SIMD, chunk=8",0.259,404.77,1686.6,0.003,98.92,0,""
"9k_0p77.mtx",8738,8738,0.78,591904,4,"Dynamic+SIMD, chunk=16",0.201,521.03,2171.0,0.003,99.16,0,""
"9k_0p77.mtx",8738,8738,0.78,591904,4,"Dynamic+SIMD, chunk=32",0.182,576.55,2402.3,0.003,99.25,0,""
"9k_0p77.mtx",8738,8738,0.78,591904,4,"Guided+SIMD, chunk=8",0.162,647.61,2698.4,0.002,99.33,0,""
"9k_0p77.mtx",8738,8738,0.78,591904,4,"Guided+SIMD, chunk=16",0.162,647.39,2697.5,0.002,99.33,0,""
"9k_0p77.mtx",8738,8738,0.78,591904,4,"Guided+SIMD, chunk=32",0.162,646.30,2692.9,0.002,99.33,0,""
"9k_0p77.mtx",8738,8738,0.78,591904,4,"Static+SIMD+Affinity,",0.166,629.85,2624.4,0.003,99.31,0,""
"9k_0p77.mtx",8738,8738,0.78,591904,4,"Static+SIMD+Affinity,",0.166,632.78,2636.6,0.003,99.31,0,""
"9k_0p77.mtx",8738,8738,0.78,591904,4,"Guided+SIMD+Affinity,",0.164,638.16,2659.0,0.002,99.32,0,""
"9k_0p77.mtx",8738,8738,0.78,591904,4,"Guided+SIMD+Register,",0.161,649.77,2707.4,0.002,99.33,0,""
"9k_0p77.mtx",8738,8738,0.78,591904,4,"Guided+SIMD+Register,",0.161,649.71,2707.1,0.001,99.33,0,""
"9k_0p77.mtx",8738,8738,0.78,591904,4,"Static+SIMD+Register,",0.165,633.46,2639.4,0.003,99.31,0,""
"9k_0p77.mtx",8738,8738,0.78,591904,4,"Static+SIMD+Register,",0.169,620.95,2587.3,0.003,99.30,0,""
"9k_0p77.mtx",8738,8738,0.78,591904,4,"Task-based+SIMD",33.389,3.14,13.1,0.915,,0,""
"9k_0p77.mtx",8738,8738,0.78,591904,4,"Guided+SIMD+Align+Affin,",0.163,644.43,2685.1,0.002,99.32,0,""
"9k_0p77.mtx",8738,8738,0.78,591904,4,"Static+SIMD+Align+Affin,",0.164,640.89,2670.4,0.002,99.32,0,""
"9k_0p77.mtx",8738,8738,0.78,591904,8,"Static (default)",12.292,8.33,34.7,0.030,0.00,0,""
"9k_0p77.mtx",8738,8738,0.78,591904,8,"Static, chunk=8",12.424,8.24,34.3,0.024,,0,""
"9k_0p77.mtx",8738,8738,0.78,591904,8,"Static, chunk=32",12.485,8.20,34.2,0.115,,0,""
"9k_0p77.mtx",8738,8738,0.78,591904,8,"Dynamic, chunk=8",12.026,8.51,35.5,0.010,2.16,0,""
"9k_0p77.mtx",8738,8738,0.78,591904,8,"Dynamic, chunk=16",12.007,8.53,35.5,0.009,2.32,0,""
"9k_0p77.mtx",8738,8738,0.78,591904,8,"Dynamic, chunk=32",11.999,8.53,35.6,0.012,2.39,0,""
"9k_0p77.mtx",8738,8738,0.78,591904,8,"Dynamic, chunk=64",12.323,8.31,34.6,0.012,,0,""
"9k_0p77.mtx",8738,8738,0.78,591904,8,"Guided, chunk=8",12.067,8.48,35.4,0.165,1.83,0,""
"9k_0p77.mtx",8738,8738,0.78,591904,8,"Guided, chunk=16",12.138,8.43,35.1,0.149,1.25,0,""
"9k_0p77.mtx",8738,8738,0.78,591904,8,"Guided, chunk=32",12.197,8.39,35.0,0.123,0.78,0,""
"9k_0p77.mtx",8738,8738,0.78,591904,8,"Auto (runtime)",12.319,8.31,34.6,0.028,,0,""
"9k_0p77.mtx",8738,8738,0.78,591904,8,"Static+SIMD, chunk=8",0.092,1111.58,4631.6,0.002,99.25,0,""
"9k_0p77.mtx",8738,8738,0.78,591904,8,"Static+SIMD, chunk=16",0.094,1092.58,4552.4,0.007,99.24,0,""
"9k_0p77.mtx",8738,8738,0.78,591904,8,"Static+SIMD, chunk=32",0.089,1151.45,4797.7,0.003,99.28,0,""
"9k_0p77.mtx",8738,8738,0.78,591904,8,"Dynamic+SIMD, chunk=8",0.160,638.30,2659.6,0.003,98.70,0,""
"9k_0p77.mtx",8738,8738,0.78,591904,8,"Dynamic+SIMD, chunk=16",0.113,903.24,3763.5,0.003,99.08,0,""
"9k_0p77.mtx",8738,8738,0.78,591904,8,"Dynamic+SIMD, chunk=32",0.098,1047.63,4365.1,0.002,99.20,0,""
"9k_0p77.mtx",8738,8738,0.78,591904,8,"Guided+SIMD, chunk=8",0.092,1116.09,4650.4,0.002,99.25,0,""
"9k_0p77.mtx",8738,8738,0.78,591904,8,"Guided+SIMD, chunk=16",0.090,1135.44,4731.0,0.002,99.27,0,""
"9k_0p77.mtx",8738,8738,0.78,591904,8,"Guided+SIMD, chunk=32",0.089,1156.81,4820.0,0.002,99.28,0,""
"9k_0p77.mtx",8738,8738,0.78,591904,8,"Static+SIMD+Affinity,",0.093,1106.43,4610.1,0.006,99.25,0,""
"9k_0p77.mtx",8738,8738,0.78,591904,8,"Static+SIMD+Affinity,",0.086,1188.47,4951.9,0.002,99.30,0,""
"9k_0p77.mtx",8738,8738,0.78,591904,8,"Guided+SIMD+Affinity,",0.090,1138.92,4745.5,0.002,99.27,0,""
"9k_0p77.mtx",8738,8738,0.78,591904,8,"Guided+SIMD+Register,",0.089,1152.38,4801.6,0.002,99.28,0,""
"9k_0p77.mtx",8738,8738,0.78,591904,8,"Guided+SIMD+Register,",0.089,1149.13,4788.0,0.002,99.28,0,""
"9k_0p77.mtx",8738,8738,0.78,591904,8,"Static+SIMD+Register,",0.087,1170.67,4877.8,0.002,99.29,0,""
"9k_0p77.mtx",8738,8738,0.78,591904,8,"Static+SIMD+Register,",0.091,1122.37,4676.6,0.005,99.26,0,""
"9k_0p77.mtx",8738,8738,0.78,591904,8,"Task-based+SIMD",45.296,2.26,9.4,1.041,,0,""
"9k_0p77.mtx",8738,8738,0.78,591904,8,"Guided+SIMD+Align+Affin,",0.089,1153.47,4806.1,0.002,99.28,0,""
"9k_0p77.mtx",8738,8738,0.78,591904,8,"Static+SIMD+Align+Affin,",0.088,1167.43,4864.3,0.002,99.29,0,""
"9k_0p77.mtx",8738,8738,0.78,591904,12,"Static (default)",8.585,11.79,49.1,0.012,0.00,0,""
"9k_0p77.mtx",8738,8738,0.78,591904,12,"Static, chunk=8",8.741,11.58,48.3,0.035,,0,""
"9k_0p77.mtx",8738,8738,0.78,591904,12,"Static, chunk=32",8.781,11.53,48.0,0.023,,0,""
"9k_0p77.mtx",8738,8738,0.78,591904,12,"Dynamic, chunk=8",8.337,12.14,50.6,0.009,2.89,0,""
"9k_0p77.mtx",8738,8738,0.78,591904,12,"Dynamic, chunk=16",8.324,12.16,50.7,0.018,3.04,0,""
"9k_0p77.mtx",8738,8738,0.78,591904,12,"Dynamic, chunk=32",8.310,12.18,50.8,0.011,3.20,0,""
"9k_0p77.mtx",8738,8738,0.78,591904,12,"Dynamic, chunk=64",8.495,11.92,49.7,0.020,1.05,0,""
"9k_0p77.mtx",8738,8738,0.78,591904,12,"Guided, chunk=8",8.326,12.16,50.7,0.097,3.02,0,""
"9k_0p77.mtx",8738,8738,0.78,591904,12,"Guided, chunk=16",8.353,12.12,50.5,0.141,2.70,0,""
"9k_0p77.mtx",8738,8738,0.78,591904,12,"Guided, chunk=32",8.358,12.11,50.5,0.100,2.64,0,""
"9k_0p77.mtx",8738,8738,0.78,591904,12,"Auto (runtime)",8.606,11.76,49.0,0.028,,0,""
"9k_0p77.mtx",8738,8738,0.78,591904,12,"Static+SIMD, chunk=8",0.139,727.70,3032.1,0.024,98.38,0,""
"9k_0p77.mtx",8738,8738,0.78,591904,12,"Static+SIMD, chunk=16",0.152,665.56,2773.2,0.024,98.23,0,""
"9k_0p77.mtx",8738,8738,0.78,591904,12,"Static+SIMD, chunk=32",0.122,829.12,3454.6,0.016,98.58,0,""
"9k_0p77.mtx",8738,8738,0.78,591904,12,"Dynamic+SIMD, chunk=8",0.138,731.17,3046.5,0.002,98.39,0,""
"9k_0p77.mtx",8738,8738,0.78,591904,12,"Dynamic+SIMD, chunk=16",0.092,1101.01,4587.5,0.002,98.93,0,""
"9k_0p77.mtx",8738,8738,0.78,591904,12,"Dynamic+SIMD, chunk=32",0.077,1309.40,5455.8,0.003,99.10,0,""
"9k_0p77.mtx",8738,8738,0.78,591904,12,"Guided+SIMD, chunk=8",0.075,1350.45,5626.9,0.002,99.13,0,""
"9k_0p77.mtx",8738,8738,0.78,591904,12,"Guided+SIMD, chunk=16",0.072,1415.39,5897.5,0.002,99.17,0,""
"9k_0p77.mtx",8738,8738,0.78,591904,12,"Guided+SIMD, chunk=32",0.070,1448.23,6034.3,0.002,99.19,0,""
"9k_0p77.mtx",8738,8738,0.78,591904,12,"Static+SIMD+Affinity,",0.139,725.75,3023.9,0.022,98.38,0,""
"9k_0p77.mtx",8738,8738,0.78,591904,12,"Static+SIMD+Affinity,",0.116,869.02,3620.9,0.016,98.64,0,""
"9k_0p77.mtx",8738,8738,0.78,591904,12,"Guided+SIMD+Affinity,",0.071,1431.01,5962.6,0.001,99.18,0,""
"9k_0p77.mtx",8738,8738,0.78,591904,12,"Guided+SIMD+Register,",0.070,1447.18,6029.9,0.002,99.19,0,""
"9k_0p77.mtx",8738,8738,0.78,591904,12,"Guided+SIMD+Register,",0.072,1410.99,5879.1,0.002,99.16,0,""
"9k_0p77.mtx",8738,8738,0.78,591904,12,"Static+SIMD+Register,",0.136,744.37,3101.5,0.022,98.42,0,""
"9k_0p77.mtx",8738,8738,0.78,591904,12,"Static+SIMD+Register,",0.127,795.28,3313.7,0.020,98.52,0,""
"9k_0p77.mtx",8738,8738,0.78,591904,12,"Task-based+SIMD",60.313,1.68,7.0,1.773,,0,""
"9k_0p77.mtx",8738,8738,0.78,591904,12,"Guided+SIMD+Align+Affin,",0.070,1451.32,6047.2,0.001,99.19,0,""
"9k_0p77.mtx",8738,8738,0.78,591904,12,"Static+SIMD+Align+Affin,",0.119,850.83,3545.1,0.016,98.61,0,""
"9k_0p77.mtx",8738,8738,0.78,591904,16,"Static (default)",6.288,16.42,68.4,0.024,0.00,0,""
"9k_0p77.mtx",8738,8738,0.78,591904,16,"Static, chunk=8",6.453,16.00,66.7,0.038,,0,""
"9k_0p77.mtx",8738,8738,0.78,591904,16,"Static, chunk=32",6.732,15.34,63.9,0.022,,0,""
"9k_0p77.mtx",8738,8738,0.78,591904,16,"Dynamic, chunk=8",6.311,16.36,68.2,0.009,,0,""
"9k_0p77.mtx",8738,8738,0.78,591904,16,"Dynamic, chunk=16",6.324,16.33,68.0,0.020,,0,""
"9k_0p77.mtx",8738,8738,0.78,591904,16,"Dynamic, chunk=32",6.369,16.21,67.6,0.006,,0,""
"9k_0p77.mtx",8738,8738,0.78,591904,16,"Dynamic, chunk=64",6.624,15.59,65.0,0.023,,0,""
"9k_0p77.mtx",8738,8738,0.78,591904,16,"Guided, chunk=8",6.266,16.48,68.7,0.029,0.36,0,""
"9k_0p77.mtx",8738,8738,0.78,591904,16,"Guided, chunk=16",6.320,16.34,68.1,0.025,,0,""
"9k_0p77.mtx",8738,8738,0.78,591904,16,"Guided, chunk=32",6.365,16.22,67.6,0.014,,0,""
"9k_0p77.mtx",8738,8738,0.78,591904,16,"Auto (runtime)",6.353,16.25,67.7,0.018,,0,""
"9k_0p77.mtx",8738,8738,0.78,591904,16,"Static+SIMD, chunk=8",0.127,810.40,3376.7,0.020,97.97,0,""
"9k_0p77.mtx",8738,8738,0.78,591904,16,"Static+SIMD, chunk=16",0.137,753.14,3138.1,0.023,97.82,0,""
"9k_0p77.mtx",8738,8738,0.78,591904,16,"Static+SIMD, chunk=32",0.097,1060.58,4419.1,0.015,98.45,0,""
"9k_0p77.mtx",8738,8738,0.78,591904,16,"Dynamic+SIMD, chunk=8",0.128,805.83,3357.6,0.002,97.96,0,""
"9k_0p77.mtx",8738,8738,0.78,591904,16,"Dynamic+SIMD, chunk=16",0.080,1291.18,5379.9,0.001,98.73,0,""
"9k_0p77.mtx",8738,8738,0.78,591904,16,"Dynamic+SIMD, chunk=32",0.063,1627.87,6782.8,0.001,98.99,0,""
"9k_0p77.mtx",8738,8738,0.78,591904,16,"Guided+SIMD, chunk=8",0.067,1546.09,6442.1,0.002,98.94,0,""
"9k_0p77.mtx",8738,8738,0.78,591904,16,"Guided+SIMD, chunk=16",0.065,1587.73,6615.5,0.002,98.97,0,""
"9k_0p77.mtx",8738,8738,0.78,591904,16,"Guided+SIMD, chunk=32",0.060,1720.16,7167.4,0.002,99.05,0,""
"9k_0p77.mtx",8738,8738,0.78,591904,16,"Static+SIMD+Affinity,",0.134,768.98,3204.1,0.019,97.86,0,""
"9k_0p77.mtx",8738,8738,0.78,591904,16,"Static+SIMD+Affinity,",0.106,973.60,4056.7,0.016,98.31,0,""
"9k_0p77.mtx",8738,8738,0.78,591904,16,"Guided+SIMD+Affinity,",0.061,1700.78,7086.6,0.002,99.03,0,""
"9k_0p77.mtx",8738,8738,0.78,591904,16,"Guided+SIMD+Register,",0.060,1710.23,7125.9,0.002,99.04,0,""
"9k_0p77.mtx",8738,8738,0.78,591904,16,"Guided+SIMD+Register,",0.064,1618.18,6742.4,0.002,98.99,0,""
"9k_0p77.mtx",8738,8738,0.78,591904,16,"Static+SIMD+Register,",0.102,1012.58,4219.1,0.013,98.38,0,""
"9k_0p77.mtx",8738,8738,0.78,591904,16,"Static+SIMD+Register,",0.124,835.98,3483.2,0.022,98.04,0,""
"9k_0p77.mtx",8738,8738,0.78,591904,16,"Task-based+SIMD",71.713,1.44,6.0,0.716,,0,""
"9k_0p77.mtx",8738,8738,0.78,591904,16,"Guided+SIMD+Align+Affin,",0.060,1716.51,7152.1,0.001,99.04,0,""
"9k_0p77.mtx",8738,8738,0.78,591904,16,"Static+SIMD+Align+Affin,",0.122,848.10,3533.8,0.014,98.06,0,""
"9k_0p77.mtx",8738,8738,0.78,591904,18,"Static (default)",5.732,17.92,74.7,0.016,0.00,0,""
"9k_0p77.mtx",8738,8738,0.78,591904,18,"Static, chunk=8",5.840,17.59,73.3,0.030,,0,""
"9k_0p77.mtx",8738,8738,0.78,591904,18,"Static, chunk=32",6.102,16.83,70.1,0.033,,0,""
"9k_0p77.mtx",8738,8738,0.78,591904,18,"Dynamic, chunk=8",5.657,18.16,75.7,0.020,1.31,0,""
"9k_0p77.mtx",8738,8738,0.78,591904,18,"Dynamic, chunk=16",5.678,18.09,75.4,0.005,0.94,0,""
"9k_0p77.mtx",8738,8738,0.78,591904,18,"Dynamic, chunk=32",5.676,18.10,75.4,0.010,0.97,0,""
"9k_0p77.mtx",8738,8738,0.78,591904,18,"Dynamic, chunk=64",5.899,17.41,72.5,0.027,,0,""
"9k_0p77.mtx",8738,8738,0.78,591904,18,"Guided, chunk=8",5.624,18.26,76.1,0.053,1.87,0,""
"9k_0p77.mtx",8738,8738,0.78,591904,18,"Guided, chunk=16",5.661,18.14,75.6,0.036,1.23,0,""
"9k_0p77.mtx",8738,8738,0.78,591904,18,"Guided, chunk=32",5.841,17.58,73.3,0.064,,0,""
"9k_0p77.mtx",8738,8738,0.78,591904,18,"Auto (runtime)",5.727,17.93,74.7,0.006,0.08,0,""
"9k_0p77.mtx",8738,8738,0.78,591904,18,"Static+SIMD, chunk=8",0.144,713.02,2970.9,0.026,97.49,0,""
"9k_0p77.mtx",8738,8738,0.78,591904,18,"Static+SIMD, chunk=16",0.119,861.48,3589.5,0.020,97.92,0,""
"9k_0p77.mtx",8738,8738,0.78,591904,18,"Static+SIMD, chunk=32",0.081,1270.29,5292.9,0.009,98.59,0,""
"9k_0p77.mtx",8738,8738,0.78,591904,18,"Dynamic+SIMD, chunk=8",0.128,801.38,3339.1,0.004,97.76,0,""
"9k_0p77.mtx",8738,8738,0.78,591904,18,"Dynamic+SIMD, chunk=16",0.078,1308.73,5453.0,0.003,98.63,0,""
"9k_0p77.mtx",8738,8738,0.78,591904,18,"Dynamic+SIMD, chunk=32",0.062,1661.08,6921.2,0.002,98.92,0,""
"9k_0p77.mtx",8738,8738,0.78,591904,18,"Guided+SIMD, chunk=8",0.069,1487.72,6198.8,0.002,98.80,0,""
"9k_0p77.mtx",8738,8738,0.78,591904,18,"Guided+SIMD, chunk=16",0.065,1587.80,6615.8,0.003,98.87,0,""
"9k_0p77.mtx",8738,8738,0.78,591904,18,"Guided+SIMD, chunk=32",0.060,1711.50,7131.3,0.002,98.95,0,""
"9k_0p77.mtx",8738,8738,0.78,591904,18,"Static+SIMD+Affinity,",0.119,864.39,3601.6,0.019,97.93,0,""
"9k_0p77.mtx",8738,8738,0.78,591904,18,"Static+SIMD+Affinity,",0.082,1252.18,5217.4,0.008,98.57,0,""
"9k_0p77.mtx",8738,8738,0.78,591904,18,"Guided+SIMD+Affinity,",0.062,1665.31,6938.8,0.002,98.92,0,""
"9k_0p77.mtx",8738,8738,0.78,591904,18,"Guided+SIMD+Register,",0.061,1674.78,6978.3,0.003,98.93,0,""
"9k_0p77.mtx",8738,8738,0.78,591904,18,"Guided+SIMD+Register,",0.065,1589.26,6621.9,0.002,98.87,0,""
"9k_0p77.mtx",8738,8738,0.78,591904,18,"Static+SIMD+Register,",0.085,1215.41,5064.2,0.011,98.53,0,""
"9k_0p77.mtx",8738,8738,0.78,591904,18,"Static+SIMD+Register,",0.126,813.71,3390.5,0.020,97.80,0,""
"9k_0p77.mtx",8738,8738,0.78,591904,18,"Task-based+SIMD",86.001,1.19,5.0,2.976,,0,""
"9k_0p77.mtx",8738,8738,0.78,591904,18,"Guided+SIMD+Align+Affin,",0.061,1682.13,7008.9,0.002,98.93,0,""
"9k_0p77.mtx",8738,8738,0.78,591904,18,"Static+SIMD+Align+Affin,",0.086,1197.83,4990.9,0.009,98.50,0,""
"9k_0p77.mtx",8738,8738,0.78,591904,20,"Static (default)",5.368,19.06,79.4,0.050,0.00,0,""
"9k_0p77.mtx",8738,8738,0.78,591904,20,"Static, chunk=8",5.542,18.46,76.9,0.026,,0,""
"9k_0p77.mtx",8738,8738,0.78,591904,20,"Static, chunk=32",5.618,18.21,75.9,0.022,,0,""
"9k_0p77.mtx",8738,8738,0.78,591904,20,"Dynamic, chunk=8",5.112,20.02,83.4,0.017,4.77,0,""
"9k_0p77.mtx",8738,8738,0.78,591904,20,"Dynamic, chunk=16",5.131,19.94,83.1,0.012,4.41,0,""
"9k_0p77.mtx",8738,8738,0.78,591904,20,"Dynamic, chunk=32",5.248,19.50,81.2,0.018,2.24,0,""
"9k_0p77.mtx",8738,8738,0.78,591904,20,"Dynamic, chunk=64",5.302,19.30,80.4,0.014,1.23,0,""
"9k_0p77.mtx",8738,8738,0.78,591904,20,"Guided, chunk=8",5.091,20.10,83.7,0.030,5.15,0,""
"9k_0p77.mtx",8738,8738,0.78,591904,20,"Guided, chunk=16",5.127,19.96,83.2,0.032,4.49,0,""
"9k_0p77.mtx",8738,8738,0.78,591904,20,"Guided, chunk=32",5.220,19.60,81.7,0.021,2.76,0,""
"9k_0p77.mtx",8738,8738,0.78,591904,20,"Auto (runtime)",5.174,19.78,82.4,0.031,3.62,0,""
"9k_0p77.mtx",8738,8738,0.78,591904,20,"Static+SIMD, chunk=8",0.141,724.65,3019.4,0.025,97.37,0,""
"9k_0p77.mtx",8738,8738,0.78,591904,20,"Static+SIMD, chunk=16",0.131,780.61,3252.5,0.017,97.56,0,""
"9k_0p77.mtx",8738,8738,0.78,591904,20,"Static+SIMD, chunk=32",0.105,979.20,4080.0,0.014,98.05,0,""
"9k_0p77.mtx",8738,8738,0.78,591904,20,"Dynamic+SIMD, chunk=8",0.124,825.37,3439.0,0.004,97.69,0,""
"9k_0p77.mtx",8738,8738,0.78,591904,20,"Dynamic+SIMD, chunk=16",0.076,1346.53,5610.5,0.002,98.58,0,""
"9k_0p77.mtx",8738,8738,0.78,591904,20,"Dynamic+SIMD, chunk=32",0.060,1710.63,7127.6,0.002,98.89,0,""
"9k_0p77.mtx",8738,8738,0.78,591904,20,"Guided+SIMD, chunk=8",0.069,1487.00,6195.8,0.003,98.72,0,""
"9k_0p77.mtx",8738,8738,0.78,591904,20,"Guided+SIMD, chunk=16",0.064,1600.05,6666.9,0.003,98.81,0,""
"9k_0p77.mtx",8738,8738,0.78,591904,20,"Guided+SIMD, chunk=32",0.059,1732.90,7220.4,0.002,98.90,0,""
"9k_0p77.mtx",8738,8738,0.78,591904,20,"Static+SIMD+Affinity,",0.113,907.00,3779.2,0.018,97.90,0,""
"9k_0p77.mtx",8738,8738,0.78,591904,20,"Static+SIMD+Affinity,",0.096,1067.57,4448.2,0.011,98.21,0,""
"9k_0p77.mtx",8738,8738,0.78,591904,20,"Guided+SIMD+Affinity,",0.060,1706.54,7110.6,0.002,98.88,0,""
"9k_0p77.mtx",8738,8738,0.78,591904,20,"Guided+SIMD+Register,",0.059,1723.46,7181.1,0.003,98.89,0,""
"9k_0p77.mtx",8738,8738,0.78,591904,20,"Guided+SIMD+Register,",0.064,1604.40,6685.0,0.002,98.81,0,""
"9k_0p77.mtx",8738,8738,0.78,591904,20,"Static+SIMD+Register,",0.109,941.32,3922.2,0.014,97.97,0,""
"9k_0p77.mtx",8738,8738,0.78,591904,20,"Static+SIMD+Register,",0.129,794.19,3309.1,0.017,97.60,0,""
"9k_0p77.mtx",8738,8738,0.78,591904,20,"Task-based+SIMD",90.181,1.13,4.7,2.508,,0,""
"9k_0p77.mtx",8738,8738,0.78,591904,20,"Guided+SIMD+Align+Affin,",0.060,1709.38,7122.4,0.002,98.88,0,""
"9k_0p77.mtx",8738,8738,0.78,591904,20,"Static+SIMD+Align+Affin,",0.093,1103.34,4597.3,0.012,98.27,0,""
"9k_0p77.mtx",8738,8738,0.78,591904,22,"Static (default)",4.797,21.49,89.5,0.031,0.00,0,""
"9k_0p77.mtx",8738,8738,0.78,591904,22,"Static, chunk=8",4.929,20.92,87.1,0.031,,0,""
"9k_0p77.mtx",8738,8738,0.78,591904,22,"Static, chunk=32",5.074,20.32,84.6,0.019,,0,""
"9k_0p77.mtx",8738,8738,0.78,591904,22,"Dynamic, chunk=8",4.741,21.74,90.6,0.008,1.16,0,""
"9k_0p77.mtx",8738,8738,0.78,591904,22,"Dynamic, chunk=16",4.734,21.78,90.7,0.007,1.32,0,""
"9k_0p77.mtx",8738,8738,0.78,591904,22,"Dynamic, chunk=32",4.747,21.72,90.5,0.014,1.03,0,""
"9k_0p77.mtx",8738,8738,0.78,591904,22,"Dynamic, chunk=64",4.958,20.79,86.6,0.003,,0,""
"9k_0p77.mtx",8738,8738,0.78,591904,22,"Guided, chunk=8",4.673,22.06,91.9,0.044,2.58,0,""
"9k_0p77.mtx",8738,8738,0.78,591904,22,"Guided, chunk=16",4.690,21.98,91.6,0.029,2.24,0,""
"9k_0p77.mtx",8738,8738,0.78,591904,22,"Guided, chunk=32",4.759,21.66,90.3,0.022,0.79,0,""
"9k_0p77.mtx",8738,8738,0.78,591904,22,"Auto (runtime)",4.804,21.46,89.4,0.022,,0,""
"9k_0p77.mtx",8738,8738,0.78,591904,22,"Static+SIMD, chunk=8",0.134,769.89,3207.9,0.022,97.21,0,""
"9k_0p77.mtx",8738,8738,0.78,591904,22,"Static+SIMD, chunk=16",0.126,816.34,3401.4,0.017,97.37,0,""
"9k_0p77.mtx",8738,8738,0.78,591904,22,"Static+SIMD, chunk=32",0.091,1130.02,4708.4,0.012,98.10,0,""
"9k_0p77.mtx",8738,8738,0.78,591904,22,"Dynamic+SIMD, chunk=8",0.124,834.54,3477.3,0.003,97.42,0,""
"9k_0p77.mtx",8738,8738,0.78,591904,22,"Dynamic+SIMD, chunk=16",0.076,1353.08,5637.8,0.002,98.41,0,""
"9k_0p77.mtx",8738,8738,0.78,591904,22,"Dynamic+SIMD, chunk=32",0.057,1799.28,7497.0,0.002,98.81,0,""
"9k_0p77.mtx",8738,8738,0.78,591904,22,"Guided+SIMD, chunk=8",0.070,1479.32,6163.9,0.003,98.55,0,""
"9k_0p77.mtx",8738,8738,0.78,591904,22,"Guided+SIMD, chunk=16",0.064,1598.89,6662.0,0.002,98.66,0,""
"9k_0p77.mtx",8738,8738,0.78,591904,22,"Guided+SIMD, chunk=32",0.060,1711.76,7132.3,0.002,98.74,0,""
"9k_0p77.mtx",8738,8738,0.78,591904,22,"Static+SIMD+Affinity,",0.112,917.51,3822.9,0.018,97.66,0,""
"9k_0p77.mtx",8738,8738,0.78,591904,22,"Static+SIMD+Affinity,",0.084,1224.32,5101.3,0.009,98.24,0,""
"9k_0p77.mtx",8738,8738,0.78,591904,22,"Guided+SIMD+Affinity,",0.061,1678.44,6993.5,0.004,98.72,0,""
"9k_0p77.mtx",8738,8738,0.78,591904,22,"Guided+SIMD+Register,",0.061,1698.35,7076.5,0.002,98.73,0,""
"9k_0p77.mtx",8738,8738,0.78,591904,22,"Guided+SIMD+Register,",0.065,1582.73,6594.7,0.003,98.64,0,""
"9k_0p77.mtx",8738,8738,0.78,591904,22,"Static+SIMD+Register,",0.076,1363.45,5681.1,0.009,98.42,0,""
"9k_0p77.mtx",8738,8738,0.78,591904,22,"Static+SIMD+Register,",0.127,810.50,3377.1,0.016,97.35,0,""
"9k_0p77.mtx",8738,8738,0.78,591904,22,"Task-based+SIMD",101.732,1.01,4.2,3.062,,0,""
"9k_0p77.mtx",8738,8738,0.78,591904,22,"Guided+SIMD+Align+Affin,",0.060,1716.44,7151.8,0.003,98.75,0,""
"9k_0p77.mtx",8738,8738,0.78,591904,22,"Static+SIMD+Align+Affin,",0.082,1257.74,5240.6,0.011,98.29,0,""
"9k_0p77.mtx",8738,8738,0.78,591904,24,"Static (default)",4.318,24.20,100.8,0.011,0.00,0,""
"9k_0p77.mtx",8738,8738,0.78,591904,24,"Static, chunk=8",4.459,23.44,97.6,0.025,,0,""
"9k_0p77.mtx",8738,8738,0.78,591904,24,"Static, chunk=32",4.615,22.64,94.3,0.020,,0,""
"9k_0p77.mtx",8738,8738,0.78,591904,24,"Dynamic, chunk=8",4.320,24.19,100.8,0.022,,0,""
"9k_0p77.mtx",8738,8738,0.78,591904,24,"Dynamic, chunk=16",4.298,24.32,101.3,0.015,0.47,0,""
"9k_0p77.mtx",8738,8738,0.78,591904,24,"Dynamic, chunk=32",4.453,23.46,97.8,0.025,,0,""
"9k_0p77.mtx",8738,8738,0.78,591904,24,"Dynamic, chunk=64",4.555,22.94,95.6,0.017,,0,""
"9k_0p77.mtx",8738,8738,0.78,591904,24,"Guided, chunk=8",4.351,24.02,100.1,0.049,,0,""
"9k_0p77.mtx",8738,8738,0.78,591904,24,"Guided, chunk=16",4.352,24.01,100.0,0.038,,0,""
"9k_0p77.mtx",8738,8738,0.78,591904,24,"Guided, chunk=32",4.431,23.59,98.3,0.040,,0,""
"9k_0p77.mtx",8738,8738,0.78,591904,24,"Auto (runtime)",4.413,23.68,98.7,0.024,,0,""
"9k_0p77.mtx",8738,8738,0.78,591904,24,"Static+SIMD, chunk=8",0.121,862.15,3592.3,0.019,97.19,0,""
"9k_0p77.mtx",8738,8738,0.78,591904,24,"Static+SIMD, chunk=16",0.125,837.48,3489.5,0.016,97.11,0,""
"9k_0p77.mtx",8738,8738,0.78,591904,24,"Static+SIMD, chunk=32",0.075,1388.09,5783.7,0.008,98.26,0,""
"9k_0p77.mtx",8738,8738,0.78,591904,24,"Dynamic+SIMD, chunk=8",0.123,849.93,3541.4,0.003,97.15,0,""
"9k_0p77.mtx",8738,8738,0.78,591904,24,"Dynamic+SIMD, chunk=16",0.077,1353.30,5638.8,0.002,98.21,0,""
"9k_0p77.mtx",8738,8738,0.78,591904,24,"Dynamic+SIMD, chunk=32",0.058,1810.87,7545.3,0.002,98.66,0,""
"9k_0p77.mtx",8738,8738,0.78,591904,24,"Guided+SIMD, chunk=8",0.073,1440.96,6004.0,0.003,98.32,0,""
"9k_0p77.mtx",8738,8738,0.78,591904,24,"Guided+SIMD, chunk=16",0.067,1558.02,6491.8,0.003,98.45,0,""
"9k_0p77.mtx",8738,8738,0.78,591904,24,"Guided+SIMD, chunk=32",0.061,1717.51,7156.3,0.002,98.59,0,""
"9k_0p77.mtx",8738,8738,0.78,591904,24,"Static+SIMD+Affinity,",0.112,929.33,3872.2,0.019,97.40,0,""
"9k_0p77.mtx",8738,8738,0.78,591904,24,"Static+SIMD+Affinity,",0.075,1388.89,5787.0,0.006,98.26,0,""
"9k_0p77.mtx",8738,8738,0.78,591904,24,"Guided+SIMD+Affinity,",0.062,1681.01,7004.2,0.002,98.56,0,""
"9k_0p77.mtx",8738,8738,0.78,591904,24,"Guided+SIMD+Register,",0.061,1702.36,7093.2,0.002,98.58,0,""
"9k_0p77.mtx",8738,8738,0.78,591904,24,"Guided+SIMD+Register,",0.067,1562.82,6511.7,0.003,98.45,0,""
"9k_0p77.mtx",8738,8738,0.78,591904,24,"Static+SIMD+Register,",0.081,1296.01,5400.1,0.010,98.13,0,""
"9k_0p77.mtx",8738,8738,0.78,591904,24,"Static+SIMD+Register,",0.122,857.04,3571.0,0.021,97.18,0,""
"9k_0p77.mtx",8738,8738,0.78,591904,24,"Task-based+SIMD",111.394,0.94,3.9,3.148,,0,""
"9k_0p77.mtx",8738,8738,0.78,591904,24,"Guided+SIMD+Align+Affin,",0.060,1733.98,7224.9,0.002,98.60,0,""
"9k_0p77.mtx",8738,8738,0.78,591904,24,"Static+SIMD+Align+Affin,",0.078,1344.40,5601.6,0.009,98.20,0,""
